longitude,latitude,distance_from_green_street_m,green_percentage,crime_score,split,grid_row,grid_col,block_id
-88.20032482874052,40.07905936053928,3864.113358993362,0.0,0.0,train,836,729,334
-88.25906383362535,40.0786615951058,3783.4670495296323,43.75,0.15174782,train,841,228,324
-88.28297721137575,40.08407823594833,4521.592392434867,9.0,0.0,train,781,24,300
-88.25515518277629,40.11333317459737,1148.2016161995223,7.75,0.0,train,456,261,185
-88.23881350014973,40.13988935415055,3287.043208725877,50.5,0.0,train,161,400,68
-88.18731248738052,40.133171274320205,3708.905447344044,5.25,0.0,train,235,839,96
-88.21172137278938,40.0655624230332,5045.966511862458,0.0,0.0,train,986,632,392
-88.28117312016153,40.143428599918934,4956.8508968548085,0.0,0.0,train,122,39,40
-88.18328020269125,40.09930266641231,3327.279184122002,5.5,0.21715309,train,611,874,257
-88.1762537388237,40.145855545760774,5369.992953803614,0.0,0.0,train,94,933,38
-88.20849132650551,40.10122389770548,1398.6151653325885,0.0,0.034400035,train,590,659,233
-88.2547761226642,40.13692923445517,3150.6690698313464,0.0,0.0,train,194,264,65
-88.28250566115801,40.08750042013773,4255.10624117105,6.25,0.0,train,743,28,280
-88.21903059314928,40.11078140857572,37.136147668786975,0.0,36.547703,train,484,569,191
-88.23914996055957,40.06612834684291,4900.052715339309,0.0,0.0,train,980,398,387
-88.17374267622803,40.11559123213043,3932.3824989144537,0.0,0.0,train,430,955,179
-88.23818776069064,40.08368985585715,2952.572331730486,32.0,8.716696,train,785,406,308
-88.20051187937537,40.10346658773869,1796.7377487139513,35.5,0.0,train,565,727,234
-88.2168544769055,40.07997778948106,3409.545631865254,13.25,0.0,train,826,588,331
-88.21203484621968,40.08708781269355,2687.782052096651,0.0,0.0,train,747,629,292
-88.24821609617604,40.12800844490707,2038.739148794259,19.75,0.0,train,293,320,106
-88.21187131758593,40.113115746076694,700.0768917780188,8.75,25.108135,train,458,630,192
-88.23075501060583,40.114304821597365,431.11578552465056,3.0,21.138096,train,445,469,169
-88.23190716589396,40.12835555908524,1993.0850396172427,4.5,0.0,train,289,459,109
-88.27556113944945,40.118658833751155,2985.345163778535,0.0,0.0,train,397,87,141
-88.18177817795838,40.08912362370363,3999.524908659304,4.0,0.0,train,724,887,297
-88.21956964809742,40.139241614091326,3177.7780428563115,0.0,0.0,train,168,564,71
-88.18396889748912,40.10614831316539,3062.4535308993454,80.25,0.0,train,535,868,217
-88.22349149802176,40.108534162392516,223.7602980650719,0.0,12.786143,train,509,531,210
-88.19511935554668,40.102199402288065,2272.646392824493,2.5,0.1627591,train,579,773,235
-88.24078909110665,40.15412073460951,4870.707449895796,0.0,0.0,train,3,383,7
-88.2248774131854,40.122134893184246,1288.709687755452,4.25,0.23827107,train,358,519,150
-88.1891673936167,40.14380091822568,4496.418813372657,0.0,0.0,train,117,823,56
-88.26585328476705,40.08938323649023,3062.475713349997,11.25,0.0,train,722,170,283
-88.25452166657536,40.154040833686416,4976.163566099496,12.25,0.0,train,4,266,5
-88.28472342340909,40.10173128824292,3736.5140916500504,0.0,0.0,train,585,9,220
-88.24965426748761,40.10333238943247,987.7655163601097,13.5,0.0,train,567,308,226
-88.27910984916616,40.08164479081242,4461.865283658697,27.250000000000004,0.6160448,train,808,57,321
-88.19076864040564,40.107597882585445,2465.1256661348943,0.0,0.0,train,519,810,216
-88.22203567410807,40.13816326579869,3062.352510685395,0.0,0.0,train,180,543,70
-88.27125805801623,40.077497951876374,4391.8740055763665,11.75,0.0,train,854,124,342
-88.23743103519689,40.12160559470503,1254.726753493581,0.0,0.0,train,364,412,148
-88.18838520525385,40.07003873380268,5225.598168581164,0.0,0.0,train,936,831,376
-88.25654405775796,40.12999563493508,2509.0359614216013,0.0,0.0,train,271,249,104
-88.26015665542191,40.15296378980845,4984.239561570452,0.0,0.0,train,16,218,4
-88.17098602402017,40.09091025682567,4673.428187142419,17.0,0.0,train,704,979,299
-88.17001412291107,40.10504872683021,4256.891567587764,0.0,0.0,train,547,987,219
-88.23970486084619,40.08891473874507,2369.584777772356,0.5,0.84875435,train,727,393,287
-88.19260463103726,40.07040418849377,5016.771972786402,0.0,0.0,train,932,795,375
-88.24277150730893,40.07540773560476,3864.977232063195,21.0,0.0,train,877,367,347
-88.23662998343714,40.107375063963296,326.50764181934437,12.0,49.483456,train,522,419,208
-88.1967036349854,40.07239048301754,4665.904139671058,0.0,0.0,train,910,760,375
-88.22693326002815,40.08268937335232,3085.866374333499,3.75,0.0,train,796,502,310
-88.24003056495907,40.10800829097742,249.4817564130806,22.0,56.396862,train,515,390,207
-88.18597602031565,40.1000266283997,3084.106651188697,24.5,0.0,train,603,851,257
-88.2801701159696,40.075160745324055,5056.757399653578,0.0,0.0,train,880,48,340
-88.17545725582707,40.1350470234394,4625.293413791149,0.5,0.0,train,214,940,98
-88.18415030196212,40.07678808623413,4812.012646740997,0.0,0.0,train,861,867,357
-88.27277092615492,40.09019762519307,3418.229562075778,4.0,0.0,train,713,111,282
-88.1772274795475,40.07930072756837,5003.558563063795,0.0,0.0,train,833,926,338
-88.27472991270416,40.130366514124745,3555.5234235349694,1.25,0.0,train,267,94,101
-88.28118420527424,40.1289286048962,3911.0337063701513,31.5,0.0,train,283,39,100
-88.2407619038923,40.08765470846023,2507.356581342703,27.250000000000004,1.2565576,train,741,384,287
-88.18791629785784,40.07003814618083,5246.01626224279,0.0,0.0,train,936,835,376
-88.21526182934323,40.11960374445579,1058.2127594568055,15.0,3.9211092,train,386,601,152
-88.18054757423754,40.11506003443648,3349.8139631852464,0.0,1.4472816,train,436,897,177
-88.17565133518399,40.15260936627889,5970.400588233675,0.0,0.0,train,19,938,18
-88.19986131031926,40.07626687477447,4163.062514793277,0.0,0.0,train,867,733,354
-88.23084973364006,40.12934531246526,2100.86570072147,0.0,0.0768416,train,278,468,109
-88.27946513906605,40.077141806712724,4849.955155779881,0.0,0.0,train,858,54,341
-88.20674747376837,40.0929362375555,2241.113372422516,0.0,0.031500116,train,682,674,273
-88.23339589740073,40.073148450555806,4132.189255920898,1.0,0.0,train,902,447,368
-88.17101597158552,40.07830149836751,5469.121083389846,0.0,0.0,train,844,979,339
-88.25970701332692,40.13459085943257,3086.0159275585124,0.0,0.0,train,220,222,84
-88.25378983426661,40.07703695963695,3811.650398836829,3.5000000000000004,0.0,train,859,273,345
-88.23955607778147,40.11188059557681,179.41934725773325,16.25,62.432636,train,472,394,187
-88.17013673535688,40.15188123114143,6214.935119740769,0.0,0.0,train,27,985,19
-88.26231684600052,40.10730359902727,1735.7504407401166,5.0,0.0,train,523,200,204
-88.20328055963766,40.1276965150092,2342.1132718250983,66.25,0.15981613,train,296,703,114
-88.20795853822416,40.13589732932634,2971.4239301770644,0.0,0.0,train,205,663,93
-88.2185236909311,40.13320642204236,2508.782121983698,95.75,0.41504467,train,235,573,91
-88.25595628406175,40.13098592783894,2582.884582907199,0.0,0.0,train,260,254,105
-88.19254889328488,40.154342317483675,5367.303442884372,0.0,0.0,train,0,794,15
-88.17116141111578,40.06641337930469,6405.335597710667,0.0,0.0,train,976,978,399
-88.22268051541802,40.10231907320364,915.2574668845565,4.0,1.831777,train,578,538,230
-88.23426416840199,40.12115261744867,1198.1809322360764,53.0,0.0,train,369,439,148
-88.18964231019812,40.14118971132671,4237.781024368548,0.0,0.0,train,146,819,56
-88.24310479037892,40.08936775104915,2315.7328348403216,0.0,0.4803623,train,722,364,287
-88.20748535689698,40.13796824367925,3202.0659954473003,0.0,0.0,train,182,667,73
-88.17952632435177,40.099748055835406,3608.7869236036004,3.5000000000000004,0.0,train,606,906,258
-88.18470599711739,40.14469589752354,4802.595870929978,0.0,0.0,train,107,861,57
-88.24262259726564,40.0992742771473,1215.0769757202117,0.0,3.805643,train,612,368,247
-88.17890633582608,40.11460754578845,3481.53945055837,0.0,0.018349739,train,441,911,178
-88.17512048599212,40.128472028472785,4264.247921362812,0.0,0.0,train,287,943,118
-88.25148730580382,40.13962881888252,3358.239999180968,17.75,0.0,train,164,292,65
-88.278367020765,40.130548421886736,3813.398517874774,0.0,0.0,train,265,63,101
-88.2763854692373,40.11487662064123,2950.414388654438,5.25,2.210959,train,439,80,161
-88.27237291736043,40.14198330957838,4359.653831554856,39.5,0.0,train,138,114,42
-88.24318056973435,40.12079965190843,1177.5784187668894,0.0,0.33068392,train,373,363,147
-88.19150397604118,40.1488472706737,4865.448423558375,0.0,0.0,train,61,803,36
-88.2025431286715,40.083925284497326,3294.878092808629,18.75,0.0,train,782,710,314
-88.2087932346003,40.12860319638513,2192.1834873584894,33.0,0.0,train,286,656,113
-88.21486335765542,40.07880495174123,3554.0238724037845,0.0,0.0,train,839,605,332
-88.24408244950529,40.14880967005272,4287.987544668277,0.0,0.0,train,62,355,27
-88.20069973990005,40.127513463676976,2462.18248279202,36.25,0.9747637,train,298,725,114
-88.24465826734644,40.0669432625064,4808.776843101552,3.75,0.0,train,971,351,387
-88.18758639718823,40.11479891863466,2752.6593850685713,0.0,0.0,train,439,837,176
-88.24039580025855,40.09819175970416,1338.4309789231481,10.0,2.6021338,train,624,387,247
-88.1749416322528,40.1044251320386,3853.50934784551,0.0,0.06134241,train,554,945,238
-88.18721116006171,40.12569598613216,3215.089341283722,0.0,0.0,train,318,840,136
-88.20723864163315,40.080958414413985,3453.4208298433987,0.0,0.0777041,train,815,670,333
-88.18161031585231,40.11190924685074,3226.0143799305306,1.25,0.0,train,471,888,197
-88.27289551570081,40.08191190424922,4083.66993485235,0.0,0.0,train,805,110,322
-88.22527440526117,40.093675504237275,1869.628364913256,58.25,0.6267099,train,674,516,270
-88.17273302910034,40.145850716497534,5579.462550790816,0.0,0.0,train,94,963,39
-88.20542753039693,40.108965935582184,1206.4777612500986,0.0,0.06407664,train,504,685,213
-88.23413520378247,40.12916804882469,2087.675174143762,0.0,1.2099936,train,280,440,108
-88.28377935532536,40.10974645847545,3535.5123543198215,0.75,0.0,train,496,17,180
-88.17807763484103,40.11793874566273,3616.2972464805343,4.25,0.0,train,404,918,178
-88.20611870843015,40.11572138067869,1266.9525787574396,0.0,2.4263215,train,429,679,173
-88.21392762397763,40.077543109185996,3702.5588360659417,82.75,0.0,train,853,613,352
-88.2232316416109,40.12420477304501,1515.2399957955197,0.0,0.01775032,train,335,533,130
-88.24423404641851,40.12260171365673,1385.0557646120108,1.0,2.4256303,train,353,354,147
-88.22798350104384,40.08593259765367,2723.7858034693936,5.5,0.0,train,760,493,309
-88.21789370171845,40.089435433127385,2356.0055608883386,58.75,0.0,train,721,579,291
-88.17284339177897,40.14882291167056,5809.100785037492,0.0,0.0,train,61,962,39
-88.17628235641098,40.13342702769855,4464.1111042509765,0.0,0.0,train,232,933,98
-88.20984765296932,40.06456974595532,5178.032341576903,0.0,0.0,train,997,648,392
-88.18783463091582,40.108404796670655,2703.5071812169767,0.0,0.7315172,train,510,835,216
-88.21275109527068,40.07988352802258,3459.9837920786767,0.0,0.0,train,827,623,332
-88.19278520368418,40.096612709545006,2752.160558793905,0.0,0.8793301,train,641,793,255
-88.18110230438819,40.076694058072384,4986.459538443895,3.5000000000000004,0.0,train,862,893,357
-88.17249704074621,40.14639076038592,5635.905892239314,0.0,0.0,train,88,965,39
-88.23716886433462,40.141148868520354,3423.600089367728,24.75,0.0,train,147,414,48
-88.24405510823698,40.08000194549973,3357.9538264557596,0.0,0.0,train,826,356,327
-88.24571626330211,40.064602424315765,5072.83508413546,3.25,0.0,train,997,342,386
-88.26368427483438,40.14657157080687,4428.728703124558,0.0,0.0,train,87,188,23
-88.26505306596978,40.068758341036144,4994.88854058048,0.0,0.0,train,951,177,383
-88.25992230413308,40.152603394087215,4940.043112156104,0.0,0.0,train,20,220,4
-88.2082935546228,40.14517407893842,3951.8005192007295,0.0,0.0,train,102,660,53
-88.25050746664006,40.07676447030687,3779.288150247368,22.0,0.0,train,862,301,346
-88.20682637879167,40.11365072024098,1124.5430931409078,0.75,0.58651066,train,452,673,193
-88.2042996793814,40.08509807188674,3113.3009136195933,17.25,0.0,train,769,695,313
-88.19409642686927,40.14371688771706,4261.398630657206,0.0,0.0,train,118,781,55
-88.2115399761134,40.10158739391467,1207.0522767249981,0.0,0.10650477,train,586,633,232
-88.18432233589432,40.10542826808205,3046.855253300241,20.75,0.0,train,543,865,217
-88.23862443224894,40.10701646175653,362.36509381712136,0.0,112.14386,train,526,402,208
-88.18979452590027,40.12461846984742,2964.8249378956302,0.0,0.0,train,330,818,136
-88.24007273864373,40.077116792082585,3678.469045033566,24.25,0.052882526,train,858,390,347
-88.21816373313622,40.06836096454291,4693.620768962811,0.0,0.0,train,955,577,391
-88.25076578124899,40.15403821646281,4918.917353461443,7.249999999999999,0.0,train,4,298,5
-88.24358991510297,40.07711957012476,3676.32022655852,17.5,0.0,train,858,360,347
-88.17480950371971,40.11081938909168,3802.731163806867,0.0,9.841494,train,483,946,198
-88.21591513239409,40.080787407793316,3326.065803140331,0.0,0.0,train,817,596,331
-88.19143086091071,40.07112326145877,4992.891339565158,0.0,0.0,train,924,805,376
-88.25917472458603,40.08451575833217,3195.2247668854475,8.0,0.0,train,776,227,304
-88.22625431382478,40.06701777748903,4826.810544879714,0.0,0.0,train,970,508,390
-88.2499747853583,40.12900040855333,2185.663187967014,1.0,0.0,train,282,305,106
-88.20754993178139,40.10293406889006,1323.549321225873,6.25,0.0,train,571,667,233
-88.25809605418186,40.1057698705954,1433.214849571381,5.75,0.0,train,540,236,204
-88.17056470634927,40.120089926666715,4294.91360986737,0.0,0.0,train,380,982,159
-88.27520683020684,40.121450589691946,3069.037857215987,7.000000000000001,0.0,train,366,90,141
-88.18796668468724,40.10147014569358,2867.26235288188,1.25,0.3888235,train,587,834,236
-88.17780795548585,40.08182327031798,4776.16628770739,0.0,0.0,train,805,921,338
-88.25327307962762,40.11783501014093,1260.4447770187774,0.0,0.0,train,406,277,165
-88.2740655700146,40.084704459750775,3918.378551252752,27.500000000000004,0.0,train,774,100,302
-88.23692467807224,40.064775568455254,5054.625134797995,0.0,0.0,train,995,417,388
-88.21766874681516,40.15301920663866,4709.89070471575,0.0,0.0,train,15,580,11
-88.22414310872284,40.14113731921548,3396.6288003546892,0.0,0.0,train,147,525,50
-88.17095905506343,40.10225811588312,4234.290029794262,0.0,0.0,train,578,979,239
-88.19678992664952,40.08788141183489,3177.5622731656786,0.0,0.34086457,train,738,759,295
-88.258876014362,40.143416410131266,3947.535797107921,8.0,0.0,train,122,229,44
-88.21377730180254,40.096456152959554,1644.6771503810928,10.5,67.29998,train,643,614,252
-88.17808541761538,40.11451638593401,3549.722600684726,1.7500000000000002,0.0,train,442,918,178
-88.24750590620603,40.1329613412085,2564.1074618297575,2.0,0.0,train,238,326,86
-88.27651206679266,40.10370892909092,3003.84676014617,0.0,0.65257835,train,563,79,221
-88.17326758676005,40.068037444752484,6151.760748385957,0.0,0.0,train,958,960,399
-88.25527186637616,40.113873628034376,1177.026143735972,0.0,0.0,train,450,260,185
-88.25523930435752,40.14233327073398,3732.524751571097,2.5,0.0,train,134,260,45
-88.1751776636742,40.103795016648114,3846.9009360827413,0.0,0.0,train,561,943,238
-88.18171006564613,40.066968043854324,5816.607060164245,0.0,0.0,train,970,888,397
-88.25563012795472,40.10828999421797,1155.2359315548902,15.5,0.0,train,512,257,205
-88.2226158160005,40.14221661311647,3513.434570604906,0.0,0.0,train,135,538,50
-88.17751534430391,40.107310623994195,3590.950380517372,2.5,0.0,train,522,923,218
-88.23621433567035,40.06972844957021,4506.245430434287,0.0,0.0,train,940,423,368
-88.2009827616183,40.10256650080158,1808.1233418784057,0.0,0.0,train,575,723,234
-88.23990587943482,40.11341194016901,350.09810832256426,2.25,2.2687356,train,455,391,187
-88.24432716552522,40.14115459160682,3439.641146013072,0.0,0.0,train,147,353,47
-88.21106117806706,40.106990644301995,818.3289600224967,14.249999999999998,0.26763418,train,526,637,212
-88.17748803800727,40.06786307270453,5943.429771138492,0.0,0.0,train,960,924,398
-88.2264297462542,40.10475428439155,637.5616779474125,37.25,8.119634,train,551,506,230
-88.19872154771188,40.11922545193184,2006.019079679757,1.25,0.0,train,390,742,154
-88.22677626628484,40.10817698078144,256.9449196200987,5.75,23.592356,train,513,503,210
-88.22777347122432,40.070081318603684,4483.752130650115,0.0,0.0,train,936,495,369
-88.24137181889087,40.070092910812974,4455.627142728982,0.0,0.0,train,936,379,367
-88.17986965935285,40.10353114048042,3462.1639093887734,0.75,0.0,train,564,903,238
-88.1930735410391,40.07040475714407,4998.61887151823,0.0,0.0,train,932,791,375
-88.28437712963509,40.09398574930713,4013.7537556617517,0.0,0.0,train,671,12,260
-88.22272279652823,40.14861111348136,4223.467926887527,0.0,0.0,train,64,537,30
-88.20033336899927,40.134898140163976,3148.12301479947,0.0,0.0,train,216,728,94
-88.19375450330962,40.13876306644402,3813.996914747429,7.75,0.0,train,173,784,75
-88.23438905474924,40.115929106728046,618.5951624778218,0.0,6.717211,train,427,438,168
-88.16943374038071,40.10252615534632,4355.015465457795,0.0,0.0,train,575,992,239
-88.20302123194966,40.07915248800409,3763.418238541381,0.0,0.0,train,835,706,334
-88.17746826237037,40.127934838902895,4059.535767212775,0.0,0.0,train,293,923,118
-88.25618860559715,40.13305751271834,2798.496024670341,0.0,0.0,train,237,252,85
-88.24689423776978,40.15268446364391,4731.705365448852,0.0,0.0,train,19,331,6
-88.27664609209572,40.08353493327412,4164.886742369911,1.5,5.649541,train,787,78,301
-88.24411225528287,40.126023986713314,1762.0204518214282,59.25,0.0,train,315,355,127
-88.20914767553248,40.127252643835426,2043.4264038894794,0.0,0.0,train,301,653,133
-88.18399713378916,40.14685647153788,5029.766732101975,0.0,0.0,train,83,867,37
-88.21042300359967,40.135719847001724,2890.1637198938874,0.0,0.0,train,207,642,92
-88.19963176670092,40.07374484524428,4428.506021795137,0.0,0.0,train,895,735,354
-88.1699160303236,40.14602689921555,5766.452462640493,0.0,0.0,train,92,987,39
-88.22836720991248,40.06512838418474,5032.3748195995095,0.0,0.0,train,991,490,389
-88.20742202212924,40.10869793340227,1044.4283298498092,7.249999999999999,2.6104565,train,507,668,213
-88.25916103929498,40.097124543357644,2043.5192723301218,0.0,0.0,train,636,227,244
-88.20070084164163,40.06654102561623,5148.0795704585025,0.0,0.0,train,975,726,394
-88.20459883367437,40.11301782873156,1290.7030288475717,0.0,1.9632065,train,459,692,193
-88.20265108010184,40.08878880049205,2814.217131078551,0.75,0.057009894,train,728,709,294
-88.23492095540759,40.072429251429696,4209.006836216336,0.0,0.0,train,910,434,368
-88.28485572275,40.08056658213828,4898.6818356718295,0.0,0.0,train,820,8,320
-88.27367204611434,40.132527466394095,3644.5326819378715,1.7500000000000002,0.0,train,243,103,82
-88.27273904888489,40.126132564614885,3138.5260871352366,0.5,0.0,train,314,111,122
-88.19494713457021,40.12930797656816,2941.8212485486756,12.75,0.0,train,278,774,115
-88.28457411015823,40.146582250994896,5411.039540160858,0.0,0.0,train,87,10,20
-88.23197682518062,40.08143301484972,3215.3767019899133,21.5,0.0,train,810,459,329
-88.20328914050494,40.12319341234906,1959.0211862568226,1.25,0.039842322,train,346,703,134
-88.2047146074463,40.11382851926188,1302.7099486037666,21.25,0.20288682,train,450,691,193
-88.26605090205253,40.12684937030011,2739.648799097165,0.25,0.0,train,306,168,123
-88.19243989658237,40.15028940301093,4968.323795425068,0.0,0.0,train,45,795,15
-88.27853206098435,40.07110714278416,5328.715333549431,0.0,0.0,train,925,62,361
-88.24539050736473,40.13557155591108,2827.635268260776,0.0,0.0,train,209,344,86
-88.19374971173029,40.14110467303171,4029.961831336379,0.0,0.0,train,147,784,55
-88.23493676143472,40.1428581715361,3608.927284524449,0.0,0.0,train,128,433,48
-88.28165563268303,40.12613688656334,3791.105218443461,0.0,0.0,train,314,35,120
-88.19597662095674,40.14245826562277,4060.3093617186105,35.75,0.0,train,132,765,55
-88.19265068181697,40.10498837021208,2365.9288244519835,0.0,0.0,train,548,794,215
-88.19223628459994,40.135248806308965,3583.7726539200476,0.0,0.0,train,212,797,95
-88.2311202667182,40.10538895658061,557.8629620984696,0.0,12.788108,train,544,466,209
-88.23827431575086,40.10575529908171,503.0527124158322,0.0,59.90598,train,540,405,208
-88.25811777204122,40.086046146161344,3002.9164956841732,1.5,0.0,train,759,236,304
-88.2321762561795,40.10511969590228,585.6672432932097,1.0,29.590815,train,547,457,209
-88.25143361427337,40.08658199058473,2736.8649475835164,4.0,0.0,train,753,293,305
-88.19920954854553,40.109679402126986,1725.6631582400128,8.25,0.30021626,train,496,738,194
-88.21763523744333,40.103575020019875,797.0203224537225,0.0,3.0128407,train,564,581,231
-88.22850094278098,40.130784205167274,2255.958768826458,0.0,0.0,train,262,488,109
-88.25961992898719,40.10658141358362,1529.6274983745645,2.5,0.0,train,531,223,204
-88.24331225422884,40.10990220102485,91.93556584409329,20.5,136.07256,train,494,362,187
-88.18810929410151,40.144700215551,4629.95698346715,0.0,0.0,train,107,832,56
-88.24358707750302,40.0792810800101,3436.425146323353,13.5,0.0,train,834,360,327
-88.17277987341274,40.07605238198762,5526.99114563821,0.0,0.0,train,869,964,359
-88.18418124641781,40.11632564420034,3069.6070619339357,17.75,1.2018044,train,422,866,177
-88.28392309868697,40.07318101903342,5431.3323603669805,0.0,0.0,train,902,16,360
-88.27508244311343,40.12973625653677,3535.608373569786,5.5,0.0,train,274,91,101
-88.2470386159932,40.13133987500659,2379.910618899862,31.5,0.0,train,256,330,106
-88.22575680383348,40.08521004817895,2808.3788905072533,0.0,0.0,train,768,512,310
-88.2150033573438,40.06565588479623,5006.911205581361,0.0,0.0,train,985,604,392
-88.21407989739873,40.12464602252265,1622.1585906157968,78.75,0.0,train,330,611,132
-88.27817913900331,40.07263804824298,5173.264323189691,0.0,0.0,train,908,65,361
-88.21406085076173,40.135543526656605,2804.4975436182253,31.25,0.0,train,209,611,92
-88.22071151033202,40.08727669893541,2588.895135452622,0.0,0.0,train,745,555,291
-88.21332972505192,40.084207149433226,2978.4805158357963,0.0,0.0,train,779,618,312
-88.18568635873928,40.125513927791424,3316.6359558160375,0.0,0.0,train,320,853,137
-88.17385661507038,40.117032386963345,3948.4114905951046,0.0,0.17206128,train,414,954,179
-88.23356949336173,40.11484765465695,496.92970051368883,0.0,32.752064,train,439,445,168
-88.27755335937763,40.12118155657399,3241.4838250806883,10.25,0.0,train,369,70,141
-88.25311882520312,40.14926659171918,4432.785795834496,0.0,0.0,train,57,278,25
-88.21131136664306,40.09825483531153,1537.1596466118276,31.75,0.087333925,train,623,635,252
-88.23939428159537,40.14421280301554,3768.1164111115086,12.0,0.0,train,113,395,47
-88.28506928559858,40.110197315777704,3645.09053785185,0.0,0.0,train,491,6,180
-88.27625837618066,40.12658466378894,3417.077203640208,0.0,0.0,train,309,81,121
-88.25947028975598,40.136482013116016,3262.6319539315878,17.0,0.28977638,train,199,224,64
-88.25607412569309,40.1305356955693,2542.9660461609938,0.0,0.0,train,265,253,105
-88.19387686664483,40.078871651931244,4143.700747715012,0.0,0.0,train,838,784,335
-88.2735525021476,40.13504914486812,3833.2386651148863,1.5,0.0,train,215,104,82
-88.171148487834,40.12126155551013,4280.704364831864,0.0,0.0,train,367,977,159
-88.22440225414067,40.125827000754086,1697.6166964489473,33.75,0.0,train,317,523,130
-88.2075907099851,40.08077867121202,3463.6033840531422,25.75,0.0,train,817,667,333
-88.27555016016157,40.1316277969648,3698.5416065492186,6.0,0.015701305,train,253,87,101
-88.24030819745353,40.07639647719826,3757.9594557716828,33.0,0.054353487,train,866,388,347
-88.27337090489061,40.07461704723315,4757.84323240012,0.0,0.0,train,886,106,342
-88.24936031931739,40.15160553603063,4634.849368096796,21.25,0.0,train,31,310,6
-88.1688072502541,40.07046290002496,6205.468044664684,0.0,0.0,train,931,998,379
-88.23949899604521,40.15339920177965,4788.058239543489,0.0,0.0,train,11,394,7
-88.23926049094321,40.07099184684697,4359.969166364391,0.0,0.0,train,926,397,367
-88.28445913957395,40.14324990940207,5134.024975614814,0.0,0.0,train,124,11,40
-88.24766698710249,40.098107302770266,1419.7323167929032,0.0,1.5501075,train,625,325,246
-88.23474019179999,40.11646978061026,679.3064011671165,0.0,1.1867353,train,421,435,168
-88.24901757198167,40.144040085693796,3798.962700585875,6.0,0.0,train,115,313,46
-88.26008387173073,40.11144508449776,1521.1061346147208,0.0,1.6581066,train,477,219,184
-88.23766074295399,40.125118214257064,1645.0975747237978,0.0,0.0,train,325,410,128
-88.27512298857789,40.08218323380826,4185.045310805727,0.0,0.0,train,802,91,321
-88.26650785253037,40.139458336562974,3846.5298953940764,28.499999999999996,0.3779603,train,166,164,63
-88.18988874844749,40.07976741191238,4251.539772435223,0.0,0.0,train,828,818,336
-88.23976265312896,40.13232490866064,2449.235096361639,11.0,0.0,train,245,392,87
-88.19635019676929,40.13174132300881,3060.025417120596,0.0,0.025637643,train,251,762,115
-88.20890860160269,40.06528924679766,5112.580232139879,19.5,0.0,train,989,656,393
-88.18518026728991,40.08840752234514,3821.5883050234415,7.249999999999999,0.05111989,train,732,858,297
-88.24705979286772,40.114588301701374,632.0580462523092,59.25,0.01532436,train,442,330,166
-88.2227398434273,40.065663528233905,4984.055794781151,0.0,0.0,train,985,538,390
-88.27753229663948,40.14693931961445,5063.364360157473,0.0,0.0,train,83,70,21
-88.25300093150219,40.149716819470314,4479.643553726589,0.0,0.0,train,52,279,25
-88.20724860857754,40.07555464622451,4029.4960906009896,0.25,0.0,train,875,670,353
-88.2357570666454,40.14366942350784,3700.6016040225322,8.75,0.0,train,119,426,48
-88.17925389167716,40.06453309799153,6157.779454224844,0.0,0.0,train,997,909,398
-88.20462735075,40.097887350608474,1894.3968945179092,43.75,0.0,train,627,692,253
-88.23776255030893,40.136195946815526,2874.977400418333,86.0,0.0,train,202,409,88
-88.25997305615157,40.10541082428555,1597.2846318719994,5.25,0.0,train,544,220,204
-88.28435407288042,40.126138059207584,3996.0879569934955,15.75,0.0,train,314,12,120
-88.17586309759824,40.11172145079575,3714.8266458377475,17.75,0.04400439,train,473,937,198
-88.17026788677346,40.146117457123445,5751.432066199885,0.0,0.0,train,91,984,39
-88.26580680555077,40.136395819169344,3529.937388693809,0.0,0.0,train,200,170,83
-88.17409753189729,40.11433084709414,3885.1524751328793,31.25,0.0,train,444,952,179
-88.24136636798691,40.07414574586589,4005.718046608274,0.0,0.0,train,891,379,347
-88.24987188531873,40.11720217237188,1008.4864329642069,18.75,0.0,train,413,306,166
-88.18222577604959,40.15180757590662,5563.977536087818,0.0,0.0,train,28,882,17
-88.200897953667,40.085814735772495,3174.855099156375,36.75,0.0,train,761,724,314
-88.18403518059397,40.1294745478533,3671.0234785022026,76.0,0.0,train,276,867,117
-88.21603253235637,40.08069746377811,3335.132158455379,0.0,0.0,train,818,595,331
-88.24430320181051,40.06955482180384,4517.835219147791,0.5,0.0,train,942,354,367
-88.27171053468408,40.095780958492654,2975.04677981416,34.5,0.0,train,651,120,262
-88.20149300165146,40.14201436745678,3805.6099124964157,8.25,0.0,train,137,718,54
-88.1685062195271,40.14665533437696,5901.998601862173,0.0,0.0,train,85,999,39
-88.2849646823299,40.09227480323664,4146.46340537921,1.5,0.0,train,690,7,260
-88.21841272644767,40.12942370113184,2089.365132753248,0.0,0.0,train,277,574,111
-88.21635389956326,40.09844016287434,1377.536626162604,0.0,2.3541791,train,621,592,251
-88.2013272989895,40.10634952198769,1613.3027908446566,0.0,0.012080214,train,533,720,214
-88.17805001951575,40.07849126645824,5016.8953132410625,0.0,0.0,train,842,919,338
-88.23553281955917,40.13637420943092,2890.3547882673497,94.25,0.0,train,200,428,88
-88.25331940207278,40.07829751789227,3666.0772966756576,16.75,0.0,train,845,277,325
-88.28285836380572,40.08623969401833,4363.3568951359275,0.0,0.0,train,757,25,300
-88.25308745673635,40.076135844914134,3893.871065273158,8.0,0.0,train,869,279,345
-88.20860745578102,40.101854461163875,1340.3559450455812,0.0,0.18581912,train,583,658,233
-88.25215051873113,40.075324624715506,3963.7841931156304,3.0,0.0,train,878,287,345
-88.1684892378364,40.15368013344186,6457.092781225855,0.0,0.0,train,7,999,19
-88.2024505371264,40.071046171915256,4626.247379652393,0.0,0.0,train,925,711,374
-88.20750877629143,40.1252695056683,1917.0097632002028,16.0,0.0,train,323,667,133
-88.22660969488945,40.13969862626537,3241.778716835458,0.75,0.0,train,163,504,70
-88.28187900601368,40.1410873032687,4808.647069240134,0.0,0.0,train,148,33,40
-88.20616767965099,40.089423154012984,2610.751292034352,1.7500000000000002,0.0,train,721,679,293
-88.20091801854961,40.07545752026677,4210.988552581156,10.75,0.0,train,876,724,354
-88.17336100189195,40.12828948708394,4388.506594268842,0.0,0.0,train,289,958,119
-88.19694118152952,40.12958052867997,2846.1696847863973,0.0,1.0165846,train,275,757,115
-88.18722658372417,40.118491022573636,2879.658063150207,13.0,0.0,train,398,840,156
-88.19026045810377,40.07022119104536,5128.7370594840795,0.0,0.08018938,train,934,815,376
-88.21619986215391,40.11987488396764,1063.2766667217,1.25,6.556085,train,383,593,151
-88.25074673079608,40.07280186649656,4215.905860381965,0.0,0.060626894,train,906,299,365
-88.27473733660337,40.12172054012335,3044.962611098211,15.25,0.0,train,363,94,141
-88.18827663239185,40.12119421216766,2902.325876438887,9.5,0.0,train,368,831,156
-88.20218359939504,40.08797770676015,2912.0674721782557,31.5,0.0,train,737,713,294
-88.22375180478161,40.09250325794821,2002.7487818803716,21.25,0.69227326,train,687,529,270
-88.18392822422578,40.07111382878432,5329.271094295631,0.0,0.0,train,924,869,377
-88.26113250777274,40.11811036347783,1828.1818870620798,14.499999999999998,0.0,train,403,210,164
-88.28240283191377,40.06813682515483,5789.36478507027,0.0,0.0,train,958,29,380
-88.19780951638174,40.10589514669812,1915.215619646582,0.0,0.0,train,538,750,215
-88.2413812930333,40.150158485011886,4432.052283322008,0.0,0.0,train,47,378,7
-88.24181661644312,40.088105860771556,2455.22878241289,23.75,0.22576414,train,736,375,287
-88.27921789711435,40.09326295174199,3666.6214985696547,40.0,0.0,train,679,56,261
-88.25230241962198,40.14494305055164,3948.873627513208,0.0,0.0,train,105,285,45
-88.19740583345153,40.13192269112006,3018.7565928185527,21.75,0.0,train,249,753,95
-88.18916948764367,40.14281023929083,4406.65195129855,0.0,0.0,train,128,823,56
-88.24597870456827,40.13440119354153,2703.605484513717,0.0,0.0,train,222,339,86
-88.25295698222584,40.087393623424944,2691.5581398259187,0.0,0.0,train,744,280,285
-88.24131944458753,40.109000009882436,136.84140359479505,11.25,69.95098,train,504,379,207
-88.24338480873757,40.143855723498866,3736.3921715136003,0.0,0.0,train,117,361,47
-88.20222272310325,40.1286860064979,2484.002558968266,27.500000000000004,0.014801454,train,285,712,114
-88.19753981127594,40.064555973810585,5444.450572981155,0.0,0.0,train,997,753,395
-88.20723614947629,40.082309355670965,3310.7302214093443,8.25,3.651082,train,800,670,333
-88.20769134294423,40.153549181547696,4869.966037744423,0.0,0.0,train,9,665,13
-88.27566330623519,40.13658127121889,4080.589663747631,46.75,0.0,train,198,86,61
-88.22025634172229,40.078900404327605,3519.5924902435127,100.0,0.0,train,838,559,331
-88.22259301504162,40.083946186402144,2954.898139162833,0.0,0.0,train,782,539,310
-88.26721245449053,40.138918368645825,3829.0182650502775,2.75,0.0,train,172,158,63
-88.21277158343679,40.068265415588094,4737.0078078063325,0.0,0.0,train,956,623,392
-88.25781145845379,40.1509809231314,4715.201901197388,15.25,0.0,train,38,238,4
-88.26487494489521,40.12955054810241,2882.319776542351,0.0,0.0,train,276,178,103
-88.2684242853001,40.09857110784373,2574.4062009214927,5.25,0.0,train,620,148,242
-88.24931271743523,40.0949563130092,1796.2563525359733,11.75,0.0,train,660,311,266
-88.20680851894966,40.12328737291055,1769.8137155710892,11.75,0.0,train,345,673,133
-88.25759582972722,40.13377893875587,2922.7435896806774,18.0,0.0,train,229,240,84
-88.21499509772346,40.070429223187,4478.644239568885,0.0,0.0,train,932,604,372
-88.21253862714606,40.13374070672066,2633.001720088369,1.0,0.0,train,229,624,92
-88.2429619172496,40.108731115472644,173.7802556377283,0.25,10.446933,train,507,365,207
-88.2495995882123,40.147913171806685,4231.6052377566675,0.0,0.0,train,72,308,26
-88.28157885636652,40.0726396169,5349.646196035298,0.0,0.0,train,908,36,360
-88.17256572881811,40.06740603105154,6243.948560963422,0.0,0.0,train,965,966,399
-88.25743144592114,40.07055486122923,4588.449715103132,8.25,0.0,train,931,242,364
-88.2563709198309,40.075417568409335,4045.374106932211,0.0,0.0,train,877,251,345
-88.18412335955975,40.142803847351665,4670.754036066322,0.0,0.0,train,128,866,57
-88.21251310548607,40.081864664874495,3246.8129749498407,1.0,0.0,train,805,625,332
-88.21942913948669,40.15311101348539,4717.736326446824,0.0,0.0,train,14,565,11
-88.21091999182734,40.1203197354461,1297.5736490255692,0.0,0.0,train,378,638,152
-88.26034743651188,40.084336377304226,3258.9985425217756,9.5,0.0,train,778,217,304
-88.26655966279289,40.08650163430181,3347.6635842331007,1.25,0.0,train,754,164,303
-88.20996650957291,40.12860445214035,2152.9380928524256,76.5,0.0,train,286,646,112
-88.2536585284363,40.089105302237954,2535.658667254906,5.5,0.0,train,725,274,285
-88.20301287984059,40.144988132666704,4063.801812149046,0.0,0.0,train,104,705,54
-88.17896252487996,40.089750345224786,4155.387370653601,0.0,0.0,train,717,911,298
-88.25471200161695,40.0907271528871,2408.2454472203463,12.25,0.0,train,707,265,285
-88.26103369945174,40.10063817217006,1917.8480020482957,68.25,0.0,train,597,211,224
-88.27911120656015,40.07993359491769,4598.996916198688,0.0,0.0,train,827,57,321
-88.27635501676615,40.151351779838315,5411.138472620993,0.0,0.0,train,34,80,1
-88.28052648422931,40.06912667991453,5606.528044137648,0.0,0.0,train,947,45,360
-88.23435967127149,40.13619308856049,2867.930847432967,82.0,0.0,train,202,438,88
-88.18475817321074,40.12073944045754,3160.664561107007,20.5,0.0,train,373,861,157
-88.23172854173346,40.090709273515216,2186.1667798263284,25.5,0.5730213,train,707,461,289
-88.20516538568376,40.12364581529586,1888.4902563267333,26.75,0.0,train,341,687,133
-88.17072915620992,40.14954045698127,5990.879371258095,0.0,0.0,train,53,980,39
-88.27697778804988,40.107852035527706,2966.929359016294,1.5,0.46586955,train,517,75,201
-88.21046808267599,40.11068257955908,762.6692332786287,4.75,6.069558,train,485,642,192
-88.181405372793,40.09857972135598,3505.6513652760837,4.75,0.0,train,619,890,257
-88.28023373345422,40.14414866892853,4964.1097855586095,0.0,0.0,train,114,47,40
-88.20996519545187,40.06438974477842,5196.2060300341245,0.5,0.0,train,999,647,392
-88.18564074179895,40.14658839377913,4922.78916167849,0.0,0.0,train,86,853,37
-88.27207817276826,40.07812882956026,4374.310802361179,0.0,0.0,train,847,117,322
-88.17662247630298,40.087495633103,4461.718383811756,60.75000000000001,0.0,train,742,931,298
-88.25542481812037,40.08262197565011,3261.369183135524,23.75,0.0,train,797,259,305
-88.25195346878668,40.14233100824458,3659.4114421581394,0.0,0.0,train,134,288,45
-88.24243141275409,40.06667134712544,4834.820638872726,0.0,0.0,train,974,370,387
-88.28576321030248,40.124337400905965,4022.1222146845334,15.75,0.0,train,334,0,120
-88.24516013473783,40.132239081726766,2457.4342327495942,0.0,0.080289945,train,246,346,86
-88.22893705282527,40.15248954293537,4666.219151943388,0.0,0.0,train,21,484,9
-88.20012278066486,40.12255937771368,2112.132087967558,11.5,0.0,train,353,730,154
-88.17519371915836,40.09686021695691,4068.174250748798,0.0,0.0,train,638,943,258
-88.18207252730073,40.11506203604358,3221.314913848227,8.25,0.5367805,train,436,884,177
-88.28298212082191,40.077413577791475,5029.068337930809,0.0,0.0,train,855,24,340
-88.27813235864178,40.13054831027327,3797.2891333134203,0.0,0.0,train,265,65,101
-88.22328172718557,40.09313325166255,1933.7413878022846,60.75000000000001,0.20447461,train,680,533,270
-88.24095464691162,40.11854633895817,922.1166764491533,0.0,0.0,train,398,382,147
-88.20191998373569,40.10310794349355,1708.9812401997194,2.75,2.1008193,train,569,715,234
-88.19102311513359,40.09805156091466,2794.1994452120143,0.0,1.0484685,train,625,808,256
-88.27079198186807,40.07434549448735,4664.74252946412,0.0,0.0,train,889,128,342
-88.27601010855595,40.142795725253144,4619.054931161559,0.0,0.0,train,129,83,41
-88.18293669930432,40.09551958879805,3533.404999938442,0.0,0.0,train,653,877,277
-88.18045991069603,40.10182073188319,3461.9616279838397,18.5,0.0,train,583,898,237
-88.26340620657622,40.07434127183466,4370.481987204881,0.0,0.0,train,889,191,343
-88.22981030455561,40.11844685154829,889.0360933187021,5.25,0.13864122,train,399,477,149
-88.22964678332734,40.07161408324448,4309.914569971165,0.0,0.0,train,919,479,369
-88.2006638398074,40.14597614651879,4238.3414108562665,0.0,0.0,train,93,725,34
-88.17779540018853,40.13883279342348,4732.396942475809,0.0,0.0,train,172,920,78
-88.17578942883638,40.09280820700871,4212.8163045982465,38.25,0.7260291,train,683,938,278
-88.21166271151884,40.09852539291495,1496.9187720733212,1.7500000000000002,0.0,train,620,632,252
-88.16885308120062,40.148817312563814,6046.142602249524,0.0,0.0,train,61,996,39
-88.24092110995805,40.14331341172609,3671.3047358387516,0.0,0.0,train,123,382,47
-88.18364604476628,40.09290868874895,3628.918786183841,32.25,0.0,train,682,871,277
-88.171252375208,40.077491262677604,5513.554998373304,0.0,0.0,train,853,977,359
-88.1715479215569,40.150712407716725,6038.019326046729,2.0,0.0,train,40,973,19
-88.21394193589201,40.06934738521561,4606.579240324816,0.0,0.0,train,944,613,372
-88.17909983678663,40.13280037951151,4227.604906551157,12.5,0.0,train,239,909,98
-88.18755774064908,40.12821816483313,3345.3057839871635,25.25,0.0,train,290,837,116
-88.24399776146623,40.12386240385813,1522.112659260844,29.5,0.0,train,339,356,127
-88.22934819756445,40.113763192470955,368.2176855641186,0.0,15.628351,train,451,481,189
-88.24689937528451,40.148631683108896,4283.441587265719,0.25,0.0,train,64,331,26
-88.18093876180171,40.15000465258917,5465.769150430644,0.0,0.0,train,48,893,17
-88.23032397138464,40.088996839511616,2379.026497139857,89.5,0.0,train,726,473,289
-88.254887354111,40.14224297084554,3714.179874361734,0.0,0.0,train,135,263,45
-88.17934792013544,40.12685660697751,3861.8562494695148,9.25,0.0,train,305,907,138
-88.21067484533096,40.12617352457753,1880.5723377677025,0.0,0.0,train,313,640,132
-88.28141886183917,40.12892871032235,3928.000527814756,15.5,0.0,train,283,37,100
-88.19398385759783,40.141375141003884,4044.4840207498914,2.25,0.0,train,144,782,55
-88.20077144071662,40.09058792079105,2734.0358274437435,36.5,0.024089538,train,708,725,294
-88.25679457569917,40.11585601790886,1384.3024783561411,19.0,0.0,train,428,247,164
-88.22882534928786,40.07215372372082,4251.633177138934,0.75,0.0,train,913,486,369
-88.25789320349283,40.07703970443361,3915.8319563751916,15.0,0.0,train,859,238,344
-88.28013934161109,40.114698280646124,3262.881194537155,0.0,0.0,train,441,48,160
-88.20031554013448,40.083832685163166,3391.145301398692,0.0,0.0,train,783,729,314
-88.19489998475045,40.15254391602273,5102.137003145963,0.0,0.0,train,20,774,15
-88.23211763775919,40.14465698134938,3803.036604241403,0.0,0.0,train,108,457,49
-88.23965199619693,40.12746146063262,1909.1515473866505,10.75,0.0,train,299,393,107
-88.23470179672668,40.143038095629315,3628.435410330468,6.25,0.19836767,train,126,435,48
-88.17283662583131,40.10181041975969,4089.877428784657,1.25,0.0,train,583,963,239
-88.19106853016358,40.13254551446693,3429.768811984774,0.0,0.25857922,train,242,807,96
-88.23147011486081,40.10674020323076,407.1782960110288,1.7500000000000002,42.87028,train,529,463,209
-88.23814372003797,40.11530181651253,556.3913367994862,0.0,3.7140105,train,434,406,168
-88.20525126302195,40.140397469189274,3519.5739183951573,0.0,0.0,train,155,686,73
-88.22331623364285,40.07169830754387,4313.038690110356,0.0,0.0,train,918,533,370
-88.22646116706063,40.084670322802864,2866.903267925169,41.0,0.0,train,774,506,310
-88.1945488645354,40.09436326839057,2784.552646398375,0.5,0.65113366,train,666,778,275
-88.25832707007878,40.10901227237019,1371.7286051917688,4.5,0.028922403,train,504,234,204
-88.1857356255549,40.10272820061547,3002.1421318682874,0.25,0.0,train,573,853,237
-88.18677803038993,40.10885377705021,2789.2646961897085,0.0,14.177753,train,505,844,216
-88.2781602394617,40.096054398326416,3437.0933000798395,9.0,0.0,train,648,65,241
-88.28248313736376,40.11776145577321,3525.4435773066434,0.0,0.0,train,407,28,160
-88.27604209602866,40.10469938629037,2940.089865706187,0.0,0.043138754,train,552,83,221
-88.20533268647836,40.09698750534584,1932.169214544202,2.75,0.0,train,637,686,253
-88.19049020899556,40.07247305157489,4901.6327798128095,61.25000000000001,0.0,train,909,813,376
-88.23097854426315,40.1216901342863,1251.3596487686352,13.0,0.1582634,train,363,467,149
-88.23860456597232,40.12133637352384,1227.165456884526,0.0,0.0,train,367,402,148
-88.27790939924752,40.116138233980465,3104.998993123421,0.0,0.115077585,train,425,67,161
-88.20319551686215,40.110764699041894,1382.7437349193722,0.0,41.774136,train,484,704,194
-88.25817497197826,40.14062403482861,3637.0476383526434,0.0,0.0,train,153,235,64
-88.21591208137599,40.15076589261206,4467.3251707624295,0.0,0.0,train,40,595,11
-88.1965162765234,40.10742468941099,1984.1516764453158,0.0,0.0,train,521,761,215
-88.21544863583773,40.07934592665311,3489.133180132631,1.0,0.0,train,833,600,332
-88.17448016691293,40.15152702380854,5940.905137923676,0.0,0.0,train,31,948,18
-88.16861428336124,40.101894554823424,4438.20297327773,0.0,0.0,train,582,999,239
-88.28246890837399,40.13685464664759,4523.751126717669,9.5,0.0,train,195,28,60
-88.26961057010993,40.0840716543808,3720.752423476154,0.0,0.0,train,781,138,302
-88.24256393102772,40.14340477306224,3684.7035675272873,0.0,0.14755295,train,122,368,47
-88.19965792195288,40.12030728444938,1998.1859463851015,3.5000000000000004,0.0,train,378,734,154
-88.25798651539411,40.098744913939704,1845.9737482416108,3.25,0.17171879,train,618,237,244
-88.19371123445823,40.10255796388763,2367.2286085457117,33.5,0.19384988,train,575,785,235
-88.16925175021194,40.12945454622882,4759.815239394983,2.25,0.0,train,276,993,119
-88.28565526301689,40.11091805857241,3695.8521196792226,0.0,0.0,train,483,1,180
-88.20590393175556,40.10509377170376,1305.1551226109739,99.5,0.0,train,547,681,213
-88.272150493762,40.128293749168975,3240.096393988131,0.5,0.0,train,290,116,102
-88.19300568810763,40.10345773715888,2387.893005443057,3.75,0.0,train,565,791,235
-88.19183433867657,40.10273581144321,2509.1277617648507,23.25,0.0,train,573,801,236
-88.22739792762745,40.085481749239186,2774.985963841328,56.49999999999999,0.0,train,765,498,309
-88.18612689255951,40.13884368377373,4227.191283340472,0.0,0.0,train,172,849,76
-88.2660318022807,40.1462127111637,4479.113562342588,0.0,0.0,train,91,168,23
-88.24609776949178,40.13305035121162,2555.940091564631,0.0,0.0,train,237,338,86
-88.2068859506705,40.14481230270178,3943.594820804705,0.0,0.0,train,106,672,53
-88.18126664320897,40.10821623483212,3263.18671169976,0.0,0.0,train,512,891,217
-88.17865071035924,40.12388362425767,3773.9696768544404,0.0,0.0,train,338,913,138
-88.1754524621384,40.13711844431232,4764.073385853067,0.0,0.0,train,191,940,78
-88.18379346464879,40.0791292634699,4631.79699597235,1.7500000000000002,0.0,train,835,870,337
-88.26593446683741,40.12594867999627,2665.7526869135236,0.0,0.0,train,316,169,123
-88.280282599541,40.081285081948074,4560.794307711362,2.75,0.09361129,train,812,47,320
-88.24338504629077,40.143675599721504,3716.3986839198756,0.0,0.028286211,train,119,361,47
-88.28564249138546,40.12920071328373,4252.700549470172,0.0,0.0,train,280,1,100
-88.21888355276074,40.12852354538079,1988.1876520482003,2.25,0.06399158,train,287,570,111
-88.22193715272347,40.12663521611741,1782.4874475474214,0.0,0.028729208,train,308,544,130
-88.25326853742267,40.12170768844348,1581.289849555491,3.5000000000000004,0.0,train,363,277,145
-88.19753855956354,40.06518641464926,5378.77535517281,0.0,0.0,train,990,753,395
-88.22225004449012,40.07854208127901,3555.449942241289,89.75,0.0,train,842,542,330
-88.2512168479458,40.07181150659337,4331.1464029301915,0.0,0.02845315,train,917,295,365
-88.25260042361336,40.091446202924885,2261.027158779594,0.75,0.0,train,699,283,265
-88.21181664180166,40.14382690021249,3743.304708519141,0.0,0.0,train,117,630,52
-88.18855766982396,40.09930938282266,2915.2906752889235,5.75,0.37350667,train,611,829,256
-88.2194676349973,40.130055178439,2157.743156219484,19.75,0.38595107,train,270,565,111
-88.19901746690563,40.14768542489129,4467.405505027854,0.0,0.0,train,74,739,34
-88.27790881431142,40.11685873304489,3122.8589262603705,0.0,0.0916634,train,417,67,161
-88.23378847312401,40.12556526201713,1687.0643208391296,1.25,0.96821654,train,320,443,128
-88.26923177879996,40.1128915083037,2313.991874801246,0.0,0.0,train,461,141,182
-88.28460575635454,40.1022716146773,3712.082657288856,0.0,0.0,train,579,10,220
-88.20875162614034,40.15138884327399,4616.826304478036,0.0,0.0,train,33,656,13
-88.24655576951291,40.141966841208905,3544.0368472331975,0.0,0.0,train,138,334,46
-88.18521344758778,40.07309686655602,5085.887654636121,0.0,0.0,train,902,858,377
-88.20453757926596,40.08329707883986,3288.501961179865,0.0,0.0,train,789,693,313
-88.17518329415317,40.101363334588314,3908.6790996846776,18.0,0.0,train,588,943,238
-88.24430824332562,40.06568210942095,4947.572992385133,23.0,0.0,train,985,354,387
-88.1912226237478,40.114893499703456,2449.6648074312716,0.0,0.0,train,438,806,176
-88.22273299783313,40.06989649003068,4514.194562812676,21.5,0.0,train,938,538,370
-88.26329423058075,40.06920760685505,4892.126687900411,0.0,0.0,train,946,192,363
-88.22229483996563,40.123123131254545,1393.3315492456304,31.75,0.0,train,347,541,130
-88.19141472537453,40.135337864510916,3636.8873028727253,0.0,0.0,train,211,804,96
-88.24298669662866,40.0899980987734,2245.4937765570285,10.0,0.6162048,train,715,365,287
-88.18032769928347,40.10848518578616,3340.714318537145,55.25,0.0,train,509,899,217
-88.25198911765631,40.11243036962502,860.7458236272,10.0,0.0,train,466,288,185
-88.26509897551512,40.14017801140051,3852.298067036078,0.0,0.19747545,train,158,176,63
-88.25037055198523,40.092975694746606,2033.6844669528548,7.000000000000001,0.72922534,train,682,302,266
-88.18474021320716,40.07507764728927,4931.395856200757,1.25,0.0,train,880,862,357
-88.19048600735,40.13056343027319,3314.042193186854,3.25,0.01637995,train,264,812,116
-88.19982699837861,40.15381056678899,5077.652736643532,0.0,0.0,train,6,732,14
-88.21032303769357,40.12608308920345,1883.4955559696912,0.0,0.0,train,314,643,132
-88.18339944891267,40.15180910153687,5507.750903181606,0.0,0.0,train,28,872,17
-88.21101193585274,40.06898407615374,4678.415210120106,0.0,0.0,train,948,638,372
-88.23136102753158,40.10124628890183,1017.2411774067738,3.75,9.353154,train,590,464,229
-88.24243901598108,40.14907857742342,4314.27457472898,1.25,0.0,train,59,369,27
-88.19509073328102,40.11633917951818,2168.523833433026,22.25,0.11130406,train,422,773,175
-88.20462463576753,40.099328350233854,1778.3175690278451,0.0,0.0,train,611,692,253
-88.17956686322229,40.081735555463226,4672.517606231908,0.0,0.0,train,806,906,338
-88.21840074196352,40.13653859807095,2878.9166292788173,47.25,0.0,train,198,574,71
-88.26761132346712,40.090284875575506,3090.2783221763734,13.5,0.0,train,712,155,283
-88.23925627789791,40.07405398848942,4020.069551748912,0.0,0.0,train,892,397,347
-88.2629757560359,40.15080405233522,4838.61535553691,0.25,0.0,train,40,194,3
-88.18748717679735,40.10633292178117,2763.2865975022255,7.249999999999999,0.0,train,533,838,216
-88.21525699983003,40.12239567152106,1354.43980951097,0.0,0.0,train,355,601,152
-88.20069133699681,40.13183643861445,2845.235302330897,23.25,0.0,train,250,725,114
-88.2159083589489,40.15292737303462,4706.835970677012,0.25,0.0,train,16,595,11
-88.18353501816308,40.1435235834388,4764.193862754054,0.0,0.0,train,120,871,57
-88.21240971883051,40.074029076712016,4106.725691327791,0.0,0.0,train,892,626,352
-88.25818281017838,40.133509134713265,2918.805903812914,5.0,0.0,train,232,235,84
-88.26982188446647,40.10901914579564,2348.9594674294763,0.25,0.0,train,504,136,202
-88.2737973955605,40.1233411825695,3054.0544952485834,0.0,0.0,train,345,102,122
-88.23953615597941,40.126380619967215,1788.9439929367,29.5,0.0,train,311,394,127
-88.26149846098113,40.104781342228364,1743.36325013262,100.0,0.0,train,551,207,224
-88.27357568812546,40.10857083063313,2671.4880277201073,21.25,0.0,train,509,104,202
-88.1781695094101,40.07750073390963,5088.66242323001,0.0,0.0,train,853,918,358
-88.21609894376202,40.11032816590559,284.4662773662729,8.75,9.780534,train,489,594,191
-88.18265666253016,40.11614354607156,3192.955074167264,0.0,0.91767925,train,424,879,177
-88.2600926619149,40.10324939751895,1701.7145954035013,100.0,0.0,train,568,219,224
-88.23555295388248,40.12232452286939,1330.8153800318223,39.25,0.0,train,356,428,148
-88.21919892287455,40.15040893145913,4417.748624138843,0.0,0.0,train,44,567,11
-88.28274124218186,40.08605951714104,4367.708136511537,2.5,0.0,train,759,26,300
-88.19310577454925,40.111833672444064,2246.8554168698843,8.75,0.0,train,472,790,195
-88.26569642865782,40.12937090635915,2914.9223389764034,13.750000000000002,0.0,train,278,171,103
-88.18575138686529,40.095433146419516,3328.9688879248297,6.75,0.34695256,train,654,853,277
-88.18087465642708,40.07363161620406,5260.230711970195,0.0,0.0,train,896,895,357
-88.27531480510795,40.13243823887117,3741.9031639002005,18.0,0.011425087,train,244,89,81
-88.2776945260836,40.09191128818529,3637.476582811401,0.0,0.0,train,694,69,261
-88.25449150321744,40.078568510532946,3664.0621089452206,22.75,0.0,train,842,267,325
-88.27077904313454,40.08848537272241,3422.3375731310884,0.0,0.0,train,732,128,282
-88.19137531420198,40.09787186775166,2778.3418640713267,0.0,0.84022605,train,627,805,256
-88.26434653623863,40.07191013216377,4649.669716951954,0.0,0.0,train,916,183,363
-88.22813270119623,40.141321136274804,3424.884371246012,5.5,0.0,train,145,491,49
-88.19148286386209,40.10255525635596,2544.223006193166,4.0,0.025903534,train,575,804,236
-88.27078736782786,40.079389021906785,4196.477897997092,0.0,0.0,train,833,128,322
-88.21394004894226,40.07042814069087,4487.229393975369,0.0,0.0,train,932,613,372
-88.22305693239198,40.08709882974233,2604.0295387159545,0.0,0.0,train,747,535,290
-88.27130906185737,40.150448568214124,5105.28236615087,0.0,0.1803772,train,44,123,2
-88.26525576640479,40.10064073055659,2226.253321985507,71.5,0.0,train,597,175,223
-88.22273710978422,40.13978505463299,3243.75727299594,0.0,0.0,train,162,537,70
-88.25860028087853,40.07370782974989,4284.858887424948,0.0,0.0,train,896,232,344
-88.26485569032444,40.148733755720784,4688.618429207818,0.0,0.0,train,63,178,23
-88.2263655385697,40.14573255429099,3911.0949294062452,0.0,0.0,train,96,506,30
-88.20268375650645,40.13300951125843,2865.7773213887144,61.5,0.0,train,237,708,94
-88.19542898845803,40.06500379643952,5462.587474602687,0.0,0.0,train,992,771,395
-88.2748889546391,40.08164273823255,4216.702374466052,0.0,0.0,train,808,93,321
-88.25893943642005,40.08523611071209,3114.817320934759,0.25,0.0,train,768,229,304
-88.17987620090268,40.15279516593148,5769.063942152433,0.0,0.0,train,17,902,18
-88.21710385112674,40.14013978582079,3283.386061046506,0.0,0.0,train,158,585,71
-88.28365662149717,40.117221590619,3609.3140682129515,0.0,0.0,train,413,18,160
-88.18376439150056,40.14595555209435,4962.248730918998,0.0,0.0,train,93,869,37
-88.21196123737967,40.12851649761074,2085.9754558122418,0.0,0.0,train,287,629,112
-88.20260437720172,40.113195719636465,1461.2384300576252,17.5,5.599459,train,457,709,194
-88.19969159443067,40.10310539385524,1877.20971110842,1.7500000000000002,0.0,train,569,734,234
-88.25774060006613,40.10901189109911,1321.9798148714874,0.0,0.044492304,train,504,239,204
-88.24185546378877,40.14664644615839,4043.1393696058317,0.0,0.0,train,86,374,27
-88.22305635107432,40.08745908059768,2564.0413487611745,31.0,0.0,train,743,535,290
-88.2694893647011,40.08830454339848,3359.757128891319,0.0,0.0,train,734,139,282
-88.28448415808691,40.108305757290964,3601.499665131658,0.0,0.0,train,512,11,200
-88.1823786002488,40.08272994548526,4423.161661130399,23.0,0.0,train,795,882,317
-88.27038867550391,40.130364235975755,3276.0467294500218,18.75,0.0,train,267,131,102
-88.2350100775347,40.09197298449028,2039.4045465849924,0.0,0.09670453,train,693,433,268
-88.19251352339163,40.114624889204386,2335.9399013939833,0.0,0.0,train,441,795,175
-88.24816448918094,40.07532176286452,3906.3186927146576,0.0,0.0,train,878,321,346
-88.1845777024442,40.09588195860094,3391.2877973344184,30.0,0.0,train,649,863,257
-88.21253904456073,40.06718441555036,4858.54842896219,0.0,0.0,train,968,625,392
-88.27801845885402,40.12631533102607,3529.7920476281242,69.75,0.0,train,312,66,121
-88.28474731037349,40.06813783209125,5909.549860700609,0.0,0.0,train,958,9,380
-88.25620143264129,40.1217096788348,1740.8392416233999,77.75,0.0,train,363,252,145
-88.16912562164642,40.08433304926034,5187.2908155736395,0.0,0.0,train,777,995,319
-88.27345855277544,40.10839064505684,2662.9756389554914,32.0,0.0,train,511,105,202
-88.21420051941936,40.12275483879346,1418.5552695294193,28.749999999999996,0.0,train,351,610,152
-88.18436770110567,40.13839112405971,4293.036466750806,32.25,0.0,train,177,864,77
-88.18366798288038,40.136408856840085,4181.085536134244,20.25,33.128906,train,199,870,77
-88.2427048553833,40.12566264488307,1715.5281968412082,0.0,0.0,train,319,367,127
-88.22055366798872,40.11186365134172,140.05584437390186,6.75,16.657415,train,472,556,191
-88.24278403062549,40.06595111775237,4914.943206718358,0.0,0.0,train,982,367,387
-88.2787156977278,40.134691446523725,4124.776475399262,8.5,0.0,train,219,60,81
-88.24387229601935,40.13007660178561,2209.3158245003156,19.0,0.011606736,train,270,357,107
-88.27696901561653,40.11847940269285,3093.557730233281,0.0,0.0,train,399,75,141
-88.24526107496867,40.14493790934387,3863.612053711461,1.0,0.84900254,train,105,345,46
-88.20667097485025,40.13418474836037,2832.772699659263,24.5,0.0,train,224,674,93
-88.1969911943864,40.10454324797093,2027.338133167702,11.75,0.0,train,553,757,235
-88.18321081263497,40.07750737647632,4801.033577475412,2.75,0.0,train,853,875,357
-88.20501469352628,40.078974587308394,3722.2860445410306,0.0,0.0,train,837,689,333
-88.20785047430756,40.13085373328378,2453.1315773209326,20.25,0.0,train,261,664,113
-88.2423110748206,40.06901289491832,4574.820600043359,4.75,0.0,train,948,371,367
-88.28295496570078,40.11424922731415,3493.568006450068,0.75,0.0,train,446,24,160
-88.17580209445072,40.08731439472706,4530.572802755093,26.5,0.0,train,744,938,298
-88.25436718668593,40.08469270675351,3014.464622841042,8.25,0.16377075,train,774,268,305
-88.27087159917119,40.115504215352566,2504.4137911973053,0.0,0.0,train,432,127,162
-88.24834497461559,40.118732122544124,1076.4218811914961,0.0,3.4124641,train,396,319,146
-88.26474122685306,40.14585170609232,4394.431080757289,1.0,0.0,train,95,179,23
-88.28061794348622,40.10254005634759,3375.1309865342087,7.75,0.0,train,576,44,220
-88.2431379513453,40.153041846085095,4755.602571745588,0.0,0.0,train,15,363,7
-88.28495415893045,40.10713514132163,3651.4051400041835,30.75,0.0,train,525,7,200
-88.2428248055732,40.12368136855913,1495.8616898724124,0.0,0.13912721,train,341,366,127
-88.20370605759713,40.150752872058895,4652.662108028777,0.0,0.0,train,40,699,13
-88.20537435487685,40.13733549597772,3198.404473872226,0.0,0.0,train,189,685,73
-88.2131963249607,40.09339341911865,1985.061496976678,1.25,0.8816593,train,677,619,272
-88.17623799034398,40.10172502022495,3811.3799784812027,0.75,0.0,train,584,934,238
-88.17356622158783,40.090733718725915,4489.840150192418,0.0,0.0,train,706,957,299
-88.25162967369565,40.11873448629295,1235.1246837468484,0.0,0.0,train,396,291,145
-88.25976137215918,40.0841558807439,3253.529696080602,1.5,0.0,train,780,222,304
-88.22846854657767,40.07548573469952,3882.4713738145324,84.25,0.0,train,876,489,349
-88.19765559947844,40.06527661495427,5365.922691555753,0.0,0.0,train,989,752,395
-88.23544299914212,40.117190875929396,760.7406885907852,14.000000000000002,0.49288398,train,413,429,168
-88.27509504710495,40.1149660414113,2843.9988550824287,39.25,0.047406826,train,438,91,161
-88.27073794121658,40.1333364771069,3530.0435634173646,11.5,0.012072736,train,234,128,82
-88.24480731512782,40.132869247660196,2524.3619495505186,1.7500000000000002,0.55351007,train,239,349,86
-88.1809676019604,40.08452935588497,4375.029430889289,31.5,0.0,train,775,894,317
-88.23645299925057,40.06675656526241,4835.6620283896655,0.0,0.0,train,973,421,388
-88.27112663816933,40.093078763583634,3107.3759643964777,10.5,0.0,train,681,125,262
-88.178408274589,40.07560973064719,5228.808011022649,0.0,0.0,train,874,916,358
-88.18232346909066,40.107677242479575,3179.007146500004,13.5,0.0,train,518,882,217
-88.17437434749151,40.14657347638899,5538.131709523036,0.0,0.0,train,86,949,38
-88.20685857151761,40.0962686798799,1919.8586324741118,0.25,0.0,train,645,673,253
-88.28073376991276,40.10443142405962,3337.961560467423,20.25,0.0,train,555,43,220
-88.2315782792815,40.11286454866396,272.8639178055443,5.25,40.03248,train,461,462,189
-88.23470570364124,40.14033623867125,3328.5239856697676,0.0,0.0,train,156,435,68
-88.21732253593228,40.080518636906696,3347.2553950837964,0.0,0.0,train,820,584,331
-88.20585146638172,40.13319316583513,2759.9399721698833,0.0,0.0,train,235,681,93
-88.18262739403525,40.07624573712247,4940.599341960731,0.0,0.0,train,867,880,357
-88.22791261642091,40.131864417131005,2374.708415762227,51.74999999999999,0.0,train,250,493,109
-88.2035828650084,40.15381483622555,4982.0552064432695,0.0,0.0,train,6,700,14
-88.2843463143816,40.136945518123554,4652.4354751493665,0.0,0.0,train,194,12,60
-88.22870481106459,40.07431512869814,4011.947021996088,100.0,0.0,train,889,487,349
-88.18100513151485,40.06768762422747,5784.018515693435,0.0,0.0,train,962,894,397
-88.25959386085948,40.1307181145386,2711.5191324563443,0.0,0.0,train,263,223,104
-88.26888455211473,40.10793787754147,2279.3755535208725,0.75,0.0,train,516,144,202
-88.21347650548043,40.06736551551087,4829.55290382985,0.0,0.0,train,966,617,392
-88.22107688919348,40.07899126533679,3507.894550654915,99.75,0.0,train,837,552,331
-88.20488972225274,40.14544053931965,4059.398552552348,0.0,0.0,train,99,689,33
-88.1793515778676,40.125235491871095,3780.9457396818616,56.00000000000001,0.0,train,323,907,138
-88.18178552852915,40.138657959786975,4469.573040274272,3.5000000000000004,0.0,train,174,886,77
-88.21486476234905,40.0779943863023,3643.486542179298,91.25,0.0,train,848,605,332
-88.23743154135035,40.121245345817115,1214.738563538802,0.0,0.24003638,train,368,412,148
-88.19345748585216,40.11192416017873,2217.5563290561386,2.5,0.0,train,471,787,195
-88.22427845489489,40.12987968415396,2147.240848854277,1.5,0.0,train,272,524,110
-88.19587179301355,40.136243861550156,3481.39290048071,0.0,0.0,train,201,766,95
-88.26068396783639,40.098656574482064,2024.908793294912,32.5,0.0,train,619,214,244
-88.2241113751914,40.08764020584741,2541.860392512477,0.0,0.0,train,741,526,290
-88.24148045620456,40.07648747561446,3745.567176755045,0.0,0.0,train,865,378,347
-88.25981920772715,40.13936422164285,3563.942902481247,0.0,0.90639275,train,167,221,64
-88.18614340929201,40.13118842749937,3641.08557674686,2.5,0.0,train,257,849,116
-88.20935755735661,40.076277426498734,3908.6479524612964,18.5,0.0,train,867,652,353
-88.18278826672604,40.109659222398385,3124.304320004389,3.25,0.013386077,train,496,878,197
-88.22753016613363,40.15149758570431,4553.335814539419,0.0,0.0,train,32,496,9
-88.19671766972701,40.06536557593092,5384.886419565765,0.0,0.0,train,988,760,395
-88.21182963149258,40.07060607275309,4489.953638515298,0.0,0.0,train,930,631,372
-88.2233071360069,40.15014272219563,4394.6326571238,0.0,0.0,train,47,532,10
-88.24317081404766,40.128184751393114,1996.5944691195818,12.0,0.0,train,291,363,107
-88.2690128705316,40.09622980562555,2755.627217736463,23.75,0.0,train,646,143,242
-88.21002491405888,40.0962720938114,1783.1256097331934,8.25,0.34372228,train,645,646,252
-88.27569304834242,40.10136689590164,3010.7122860430777,1.25,0.0,train,589,86,221
-88.18815931773396,40.121194065175736,2911.468374223907,26.0,0.0,train,368,832,156
-88.27673708296427,40.11523704275213,2987.1332191612432,0.75,1.299552,train,435,77,161
-88.25226465784627,40.0779365325571,3683.081923948307,2.5,0.0,train,849,286,325
-88.24814338790584,40.092253575981864,2055.337001729485,12.0,0.0,train,690,321,266
-88.24404593179013,40.08702684625149,2578.902456350215,2.5,0.8979671,train,748,356,287
-88.27324298255982,40.086775482592635,3705.234402668859,16.25,0.0,train,751,107,302
-88.23656882953782,40.15051481104691,4462.078105262916,0.0,0.0,train,43,419,8
-88.26749015626271,40.09433763241926,2777.7656840234795,3.75,0.0,train,667,156,263
-88.18731595669924,40.13155016039561,3589.6513218124664,12.75,0.0,train,253,839,116
-88.22063825799866,40.13167744256534,2339.6492764712234,72.75,1.5125492,train,252,555,111
-88.24070169206908,40.13205547708836,2421.1878305811424,22.0,0.0,train,248,384,87
-88.18616904627373,40.119300244681405,2993.3752642749505,0.0,0.0,train,389,849,156
-88.24365373120649,40.117827961293294,852.9816972155094,0.0,2.2571921,train,406,359,167
-88.25251148912531,40.06748938627663,4823.035727140897,41.25,0.0,train,965,284,385
-88.21822788284781,40.09988304288191,1196.6784538153502,0.25,4.585261,train,605,576,251
-88.19503653258451,40.14308758053476,4160.710900929516,0.0,0.0,train,125,773,55
-88.19870578137608,40.06770954543252,5081.478862490895,0.0,0.0,train,962,743,394
-88.2791784014726,40.143067436262236,4814.449766106852,0.0,0.0,train,126,56,41
-88.24167483198646,40.106388477923325,426.0268270097095,7.75,49.659996,train,533,376,207
-88.1720692278093,40.079113535919596,5342.172172236766,0.0,0.0,train,835,970,339
-88.24154592118691,40.11503437542338,533.4467473188035,0.0,2.4116254,train,437,377,167
-88.1929853288632,40.113364588031146,2273.5523436085177,0.0,0.0,train,455,791,195
-88.22607915938795,40.103943396998794,728.2640591027566,0.75,11.7540865,train,560,509,230
-88.26175577680627,40.083076375116754,3439.250135496006,7.75,0.0,train,792,205,304
-88.28504724312464,40.141358853755094,5022.444099220034,0.0,0.0,train,145,6,40
-88.25412767208694,40.089015561129344,2560.345333030404,3.0,0.0,train,726,270,285
-88.22539807497135,40.0896227942012,2319.252517318586,0.0,0.0,train,719,515,290
-88.16881136725499,40.06875170712004,6343.169242327475,0.0,0.0,train,950,998,399
-88.26569223257547,40.133603826401924,3273.429907248718,2.25,0.0,train,231,171,83
-88.2757862691659,40.12991673282828,3595.3503772528125,2.0,0.0,train,272,85,101
-88.24140933335376,40.12935417542686,2122.7343134346947,0.0,0.0,train,278,378,107
-88.20097612951791,40.105988871054,1653.9604749014968,0.0,0.0,train,537,723,214
-88.20878781009868,40.13157524238595,2496.6118277281635,77.0,0.0,train,253,656,113
-88.28157837916923,40.07327005837321,5295.199704263097,15.75,0.0,train,901,36,360
-88.23984663446167,40.070992321319856,4358.754243435895,0.0,0.0,train,926,392,367
-88.26341265341074,40.06803685730279,5016.957040652177,0.0,0.0,train,959,191,383
-88.2388217354644,40.13394526321051,2627.23807447245,3.75,0.0,train,227,400,88
-88.18860775993112,40.13101140907129,3467.101142475666,29.5,0.0,train,259,828,116
-88.27968024594125,40.10181912466156,3319.437614060369,0.0,0.0,train,584,52,221
-88.27883807123015,40.128387151315785,3710.084617141334,70.75,0.0,train,289,59,101
-88.21398556735875,40.11149681974682,472.8401740411492,0.0,1.5144528,train,476,612,192
-88.18538221609614,40.10344825040017,3008.8124026421933,3.5000000000000004,0.0,train,565,856,237
-88.1907246215809,40.128672418719084,3161.870271969544,5.5,0.0,train,285,810,116
-88.2535588240281,40.07406472017885,4126.857778497296,1.7500000000000002,0.0,train,892,275,345
-88.24818462268422,40.15322579073698,4801.820147377375,0.0,0.0,train,13,320,6
-88.23645185098705,40.06756713285389,4745.688600991449,0.0,0.0,train,964,421,388
-88.19842566428703,40.09085540094714,2831.8841362460175,0.0,0.0,train,705,745,294
-88.18959515864607,40.10786661980105,2560.5340057536177,0.0,0.0,train,516,820,216
-88.21673425697392,40.15040647595506,4423.336696242367,0.0,0.0,train,44,588,11
-88.246639391382,40.07613119900373,3802.3855385613456,0.0,0.0,train,869,334,346
-88.26949937475061,40.077587059180935,4301.038794929602,0.0,0.0,train,853,139,342
-88.20725849239052,40.13373507887535,2767.5919326471076,8.0,0.0,train,229,669,93
-88.23214075179632,40.129076261104736,2073.5473886981003,0.0,0.0,train,281,457,109
-88.22718649691524,40.07062116099826,4424.984768646444,0.0,0.0,train,930,500,370
-88.21631825538196,40.11924456722832,993.0873018802375,8.75,1.3196748,train,390,592,151
-88.18072982964955,40.13847644938628,4520.768446745016,30.75,0.0,train,176,895,77
-88.27671900543127,40.13703210263441,4179.287730142895,24.0,0.0,train,193,77,61
-88.18826778734368,40.07012864993502,5222.076544051719,0.0,0.0,train,935,832,376
-88.24332792197195,40.09801394977123,1357.4872260272623,0.0,2.4583802,train,626,362,247
-88.24748788639315,40.14728119212927,4139.181797842567,0.0,0.0,train,79,326,26
-88.18386382891084,40.100564297825116,3230.168466714284,3.25,0.0,train,597,869,237
-88.27192961388101,40.11298303245871,2543.4626437435086,0.0,0.0,train,460,118,182
-88.20115421351095,40.13516926624364,3138.6580162685786,49.0,0.0,train,213,721,94
-88.28076169706351,40.068136092070056,5707.899802516272,0.0,0.0,train,958,43,380
-88.18919155400376,40.07679446844303,4555.162331558423,12.5,0.0,train,861,824,356
-88.18933265435197,40.12110546768006,2816.1440787212173,0.0,0.0,train,369,822,156
-88.24290870622343,40.148898821349825,4295.252418094473,0.0,0.0,train,61,365,27
-88.22017534894474,40.12780431707186,1908.8042961147867,6.0,1.2716447,train,295,559,111
-88.2056043181792,40.139857487028685,3452.9429615165786,0.0,0.0,train,161,683,73
-88.20990829293625,40.095911718776385,1823.368063655047,17.0,0.8675204,train,649,647,252
-88.27911384957305,40.07660126461482,4876.2319394520155,0.0,0.0,train,864,57,341
-88.25202117752433,40.08550164988748,2866.146330466217,10.25,0.0,train,765,288,305
-88.2774490198575,40.10533051181966,3044.2363358646467,13.0,0.0,train,545,71,201
-88.28251945354553,40.06894744486814,5722.917012194577,0.0,0.0,train,949,28,360
-88.20757877957676,40.08726318665176,2783.0343912028043,23.0,2.1774726,train,745,667,293
-88.27825666776101,40.12190239188227,3327.500112206632,0.25,0.0,train,361,64,141
-88.22719208370958,40.14249108399099,3552.9021119133145,5.25,0.0,train,132,499,49
-88.21361519586205,40.12203373683132,1360.0827794030326,44.75,0.0,train,359,615,152
-88.1709224298495,40.11765874605117,4207.035845500223,30.75,0.0,train,407,979,179
-88.1941972421263,40.094272783846115,2813.91837698694,5.25,0.37046894,train,667,781,275
-88.26469976407283,40.070379268900474,4817.506805927499,0.0,0.0,train,933,180,363
-88.20489728206114,40.07906452016681,3716.183608198233,0.0,0.0,train,836,690,333
-88.23840637399545,40.09512801416418,1682.4613314955589,19.5,0.3447325,train,658,404,268
-88.22856397352481,40.08971576365287,2302.694886015931,68.0,0.0,train,718,488,289
-88.17265131539921,40.13072018297771,4568.236009885955,0.0,0.0,train,262,964,119
-88.26373746216309,40.09442550128573,2531.8629365942775,0.0,0.0,train,666,188,263
-88.18550835032579,40.153522987345156,5571.428076263505,9.25,0.0,train,9,854,17
-88.23941065108932,40.13232462371842,2448.506142604512,26.5,0.0,train,245,395,87
-88.2830912184552,40.08849136708757,4231.734621560434,0.75,0.0,train,732,23,280
-88.20526022487623,40.135624190388384,3026.8971180070707,0.0,0.0,train,208,686,93
-88.1840090615211,40.08777557879941,3943.1815712573975,23.0,0.5924736,train,739,868,297
-88.18942432463157,40.07760532473232,4469.819925601548,12.75,0.0,train,852,822,356
-88.17126283683727,40.073078190038224,5851.342816963269,0.0,0.0,train,902,977,379
-88.23776204563578,40.13655619477403,2914.9655903731123,82.5,0.0,train,198,409,68
-88.27766854432848,40.1237934194046,3369.914645385123,0.0,0.0,train,340,69,121
-88.28533589515376,40.06462561257729,6251.81943933926,0.0,0.0,train,997,4,380
-88.18812175759429,40.13884620238161,4115.209827936216,0.0,0.0,train,172,832,76
-88.21146783514429,40.07627966561489,3872.903561569001,0.0,0.0,train,867,634,352
-88.19019671808884,40.10066235935041,2725.4728906291384,7.000000000000001,0.094012186,train,596,815,236
-88.27308457856701,40.13342778385667,3677.315072423439,12.75,0.0,train,233,108,82
-88.21342295567828,40.09789678976735,1502.42953728864,82.5,1.6175448,train,627,617,252
-88.23181850408743,40.109082135002375,146.52610754805193,3.75,135.1627,train,503,460,209
-88.23377533375394,40.13457146975206,2686.769069708035,0.0,0.0,train,220,443,88
-88.17399662231558,40.10730583690844,3889.537590397418,22.5,0.0,train,522,953,219
-88.2087175073309,40.10581733340255,1056.505731093472,6.5,0.0,train,539,657,213
-88.18814475753418,40.12803877784932,3293.0834426548677,4.75,0.0,train,292,832,116
-88.20167656227714,40.10770085749136,1546.579213207763,0.0,0.80961144,train,518,717,214
-88.22390454488514,40.07034791814511,4461.7794795122445,0.0,0.0,train,933,528,370
-88.23012668796633,40.141953364585554,3498.9944416237713,0.0,0.0,train,138,474,49
-88.22130661086771,40.15338303054126,4750.395628759595,0.0,0.0,train,11,549,10
-88.28252159490451,40.06606542394351,5982.345913131366,0.0,0.0,train,981,28,380
-88.20530297557816,40.11283848434626,1227.8800753846567,6.0,0.2838685,train,461,686,193
-88.1863439211223,40.14703959799777,4928.9969142787795,0.0,0.0,train,81,847,36
-88.26499146240577,40.13036117675891,2956.4508803803565,0.75,0.0,train,267,177,103
-88.27357560931362,40.10866089313228,2670.8148425162685,14.75,0.0,train,508,104,202
-88.21473732838476,40.15139512839169,4544.7224856640005,0.0,0.0,train,33,605,12
-88.20488616007741,40.14733183569599,4259.960498385401,0.0,0.0,train,78,689,33
-88.22565556605747,40.14942443473848,4319.515968928299,0.0,0.0,train,55,512,30
-88.20703665591661,40.12680004984099,2083.234319560078,0.5,0.0,train,306,671,133
-88.2758233695768,40.085876163503414,3932.8824043991185,9.25,0.0,train,761,85,301
-88.17279509916769,40.0695678638218,6048.512139639795,0.0,0.0,train,941,964,379
-88.20054339188943,40.08725533549027,3052.9389915573065,0.75,0.0,train,745,727,294
-88.231195653798,40.13339841565252,2551.461791469612,0.0,0.0,train,233,465,89
-88.22746256578503,40.119435415230626,994.1439239802511,53.0,0.07093048,train,388,497,149
-88.21875528582054,40.06511927697208,5052.29955562711,0.0,0.0,train,991,572,391
-88.28574549704456,40.14973490571213,5740.861764778754,0.0,0.0,train,52,0,20
-88.22241069442096,40.12402386513165,1493.545008718192,13.5,0.0,train,337,540,130
-88.2049974179795,40.150574186746574,4603.072545272445,0.0,0.0,train,42,688,13
-88.21098824655229,40.082223316185484,3234.037222058663,23.25,0.0,train,801,638,332
-88.28471643545679,40.111548105819836,3618.0014371490697,0.0,0.0,train,476,9,180
-88.24223820976299,40.12368090865514,1494.6212137471834,5.75,1.297108,train,341,371,127
-88.16938768615408,40.121709387796386,4438.692592640835,0.0,0.0,train,362,992,159
-88.28204602645725,40.07498146486484,5175.3855963242595,0.0,0.0,train,882,32,340
-88.18398445558545,40.09903338865942,3283.3682901168636,1.7500000000000002,0.81926864,train,614,868,257
-88.28474980562213,40.06462536828655,6222.639115899809,0.0,0.0,train,997,9,380
-88.21039115316654,40.08825689680007,2599.7343561534676,14.75,0.16190645,train,734,643,292
-88.21244330977218,40.121312021056184,1327.371193842926,0.75,0.0,train,367,625,152
-88.18152478064037,40.150365669716834,5468.24357962329,26.0,0.0,train,44,888,17
-88.23967448847819,40.11107012904192,89.68890444527251,7.249999999999999,118.69307,train,481,393,187
-88.27336545395214,40.08083139289532,4201.847621710694,0.0,0.0,train,817,106,322
-88.28345653345617,40.06993854677362,5684.156327314629,0.0,0.0,train,938,20,360
-88.21231226112232,40.12905723814973,2134.5639993816044,7.75,0.0,train,281,626,112
-88.19891111277356,40.14210146120478,3907.7971596272796,28.749999999999996,0.0,train,136,740,54
-88.26208480075991,40.10487176697808,1786.9884717143518,87.5,0.0,train,550,202,224
-88.24130099234476,40.12268948237908,1382.709814686025,37.5,1.9548409,train,352,379,147
-88.24250819386562,40.097112682908154,1454.8961927816604,13.0,2.405712,train,636,369,247
-88.23105111520616,40.073236467188124,4127.051900146295,48.0,0.0,train,901,467,369
-88.17879107113943,40.11370676799187,3480.0464699314407,9.25,0.0,train,451,912,198
-88.27137031822149,40.082991853853926,3908.3987915622456,0.0,0.0,train,793,123,302
-88.19865702610677,40.15191791382626,4914.685797199643,0.0,0.0,train,27,742,14
-88.23691782182009,40.069638974033126,4514.784570408764,0.0,0.012272872,train,941,417,368
-88.25214313855076,40.08153896677456,3292.481790621395,0.25,0.0,train,809,287,325
-88.23904147112296,40.14475288808272,3827.3697422865507,11.25,0.0,train,107,398,47
-88.18145281855988,40.077234896062805,4921.529091018654,3.0,0.0,train,856,890,357
-88.18471025457885,40.0888572343054,3820.500050296329,9.5,0.09695635,train,727,862,297
-88.16924849444705,40.08199158845488,5329.560348466839,0.0,0.0,train,803,994,339
-88.21481087500084,40.109065980019984,428.75997370357936,1.7500000000000002,2.4630697,train,503,605,212
-88.20985390798069,40.12599252773152,1891.2195277644523,5.75,0.0,train,315,647,132
-88.22095806285607,40.15122120871985,4509.737535274007,0.0,0.0,train,35,552,11
-88.17331199477104,40.14918380761364,5811.338913888453,25.5,0.0,train,57,958,39
-88.22317723716117,40.08520762394041,2813.7245513926805,0.0,0.0,train,768,534,310
-88.2022521284396,40.113375446386925,1494.6520583230206,4.0,2.8506062,train,455,712,194
-88.20979330158701,40.09465071811133,1953.8830919624115,0.0,3.1169388,train,663,648,272
-88.27917897353971,40.14234694045333,4754.1663227467525,0.0,0.0,train,134,56,41
-88.18920392900937,40.12650904329968,3121.4254367201224,15.0,0.0,train,309,823,136
-88.18189404037548,40.089754214782396,3950.117615173886,45.5,0.0,train,717,886,297
-88.2054492852738,40.09734788488574,1894.7146798823458,15.5,0.0,train,633,685,253
-88.27100953579348,40.09289857507232,3111.8123907985746,8.0,0.0,train,683,126,262
-88.24934990386411,40.06469517852354,5089.726278583759,0.0,0.0,train,996,311,386
-88.20197853254486,40.13363914837043,2956.379126891753,10.25,0.0,train,230,714,94
-88.2267076115834,40.15212726414959,4621.6142548603075,0.0,0.0,train,25,503,10
-88.2171489387887,40.11366153507843,388.8036459696763,0.5,11.080648,train,452,585,191
-88.17315626979692,40.06551552299041,6375.420283190888,0.0,0.0,train,986,961,399
-88.23012385824394,40.066210720717564,4908.7654809496835,8.75,0.0,train,979,475,389
-88.2537116350592,40.14413347030867,3889.3946989455744,6.75,0.0,train,114,273,45
-88.25213147533148,40.091355812341114,2255.1348482267285,4.25,0.0,train,700,287,285
-88.2506602032563,40.14431145598471,3852.1361582567774,0.0,0.0,train,112,299,45
-88.25175753070047,40.109908456950976,805.8398957912699,0.0,1.8727157,train,494,290,185
-88.25010968534237,40.114590533357955,823.2513575911871,3.25,0.0,train,442,304,166
-88.25455100650183,40.12864336312022,2296.7318398402927,0.0,0.0,train,286,266,105
-88.17499772558286,40.13081347689555,4400.06623043694,0.0,0.0,train,261,944,118
-88.16936811813677,40.081001065851,5387.825181046849,0.0,0.0,train,814,993,339
-88.20547430940583,40.14661199129852,4168.988312688173,0.0,0.0,train,86,684,33
-88.25461455233318,40.07352506388884,4206.7028660337555,28.249999999999996,0.0,train,898,266,345
-88.21667665372195,40.11546230882128,585.8932558911123,13.0,2.3573875,train,432,589,171
-88.20819586141474,40.134456592459784,2813.890756293926,36.25,0.0,train,221,661,93
-88.20588325709403,40.11617143380341,1307.7259253850766,0.0,4.541477,train,424,681,173
-88.23270454665548,40.14456743088541,3794.2544796812413,0.0,0.17904583,train,109,452,49
-88.2060905040068,40.130851812948656,2516.971106615534,45.25,0.0,train,261,679,113
-88.20254673869157,40.14327643001287,3900.3663874202507,0.0,0.0,train,123,709,54
-88.24578908279496,40.09927671361296,1250.143682919511,0.0,0.7282214,train,612,341,246
-88.24008637274211,40.06711979931478,4788.141316278079,21.25,0.0,train,969,390,387
-88.28493902981201,40.12847992364631,4161.156372330767,100.0,0.0,train,288,7,100
-88.2628180833399,40.07623223952909,4158.675332474131,0.0,0.0,train,868,196,343
-88.28157326539721,40.080024784124085,4737.553478804011,0.0,0.0,train,826,36,320
-88.2756594991178,40.14108437277632,4452.6839143993075,25.0,0.0,train,148,86,41
-88.1915069730336,40.14740628418855,4726.406095539464,0.0,0.0,train,77,803,36
-88.2843959608409,40.0676873683247,5930.999587853248,0.0,0.0,train,963,12,380
-88.28106432446334,40.132260852214756,4111.267154194935,8.5,0.0,train,246,40,80
-88.21904837815583,40.1001540432817,1162.727375012167,7.000000000000001,27.209215,train,602,569,251
-88.22860154584146,40.14168180928179,3465.8444995436025,51.24999999999999,0.0,train,141,487,49
-88.25773052833863,40.1181081927466,1579.6829894045873,3.5000000000000004,0.20532306,train,403,239,164
-88.28070064912866,40.1473911127241,5267.19318218898,0.0,0.0,train,78,43,20
-88.2550185602892,40.13017473779547,2466.6669870984865,0.0,0.0,train,269,262,105
-88.16982762101244,40.08496448223664,5098.397069546375,21.75,0.0,train,770,989,319
-88.27612738514138,40.14288584525336,4633.106284655691,0.0,0.0,train,128,82,41
-88.19823920257329,40.06653818133136,5217.272073221393,0.0,0.0,train,975,747,394
-88.17816112767798,40.08119330353154,4801.179472262514,0.0,0.0,train,812,918,338
-88.28105376489343,40.14604034347024,5169.688061036388,0.0,0.0,train,93,40,20
-88.27993831677017,40.07173824130157,5342.906845170985,0.0,0.0,train,918,50,361
-88.20255674133969,40.0768103269586,4020.03822694478,0.0,0.0,train,861,710,354
-88.26039023835068,40.15404467921122,5104.634285657828,0.0,0.0,train,4,216,4
-88.19434638408003,40.07860202728424,4148.431227365996,0.0,0.0,train,841,780,335
-88.20816082457472,40.153549690001256,4861.970670885135,0.0,0.0,train,9,661,13
-88.21937692245307,40.114114060777275,387.739489837796,0.5,15.615813,train,447,566,171
-88.27251788296309,40.11100196812653,2576.4958488068805,2.0,0.0,train,482,113,182
-88.24547997676092,40.06604325666192,4911.976236581301,3.25,0.0,train,981,344,386
-88.27931172946526,40.12289357440178,3453.8547694850035,18.0,0.0,train,350,55,141
-88.26685330815346,40.146213185698244,4511.19391446263,0.0,0.0,train,91,161,23
-88.25551355361837,40.10765947814646,1160.5786596381238,56.00000000000001,0.0,train,519,258,205
-88.20808806996054,40.065288362668916,5125.401919604167,20.25,0.0,train,989,663,393
-88.17975460269056,40.102540299608336,3498.3325758373444,7.75,0.0,train,575,904,238
-88.19393274843284,40.10895267152257,2180.2622530775834,0.25,0.0,train,504,783,215
-88.20554516120116,40.10878594041077,1199.8028023544396,0.0,0.0,train,506,684,213
-88.21605956799353,40.06493645322588,5080.70364416838,0.0,0.0,train,993,595,391
-88.17124227436672,40.131168530112305,4697.369956871115,0.0,0.0,train,257,976,119
-88.2697281565814,40.08371146730611,3758.268987295244,1.0,0.0,train,785,137,302
-88.20804709503139,40.15156820683418,4648.495450666812,0.0,0.0,train,31,662,13
-88.20666462068571,40.137607100640444,3187.236483385857,0.0,0.0,train,186,674,73
-88.23629372132568,40.09638714174632,1546.8763891965903,0.0,47.565765,train,644,422,248
-88.27976735708911,40.1402757873881,4618.660241064136,0.0,0.0,train,157,51,61
-88.17522967496208,40.13198460152668,4450.953558314849,0.0,0.0,train,248,942,98
-88.2162615495603,40.152297297848136,4635.1768867974315,75.5,0.0,train,23,592,11
-88.2661606910294,40.13450472047804,3377.2158286823296,21.75,0.0,train,221,167,83
-88.20827869272011,40.08924532658526,2556.3971262303635,2.75,0.06693571,train,723,661,293
-88.27494676885212,40.151170954589944,5330.608907383396,33.75,0.0,train,36,92,1
-88.2313315680608,40.12096994713513,1172.1122226161328,16.25,0.35731274,train,371,464,149
-88.21963851892647,40.097903057360504,1411.4303930585902,97.0,12.840206,train,627,564,251
-88.26967208567632,40.14387315839876,4405.021884632519,17.0,0.0,train,117,137,42
-88.17126305031587,40.07298812729616,5858.460390770817,0.0,0.0,train,903,977,379
-88.19571991802408,40.095175230006234,2650.075269222801,0.5,0.2750463,train,657,768,275
-88.19589659462139,40.06563479434297,5382.697631599754,0.0,0.0,train,985,767,395
-88.19713685273312,40.090313516080705,2948.341687184611,20.75,0.0,train,711,756,295
-88.24469196922459,40.131338102653345,2354.1324543146225,12.5,0.16635042,train,256,350,107
-88.23620909087657,40.07342103241691,4096.366483398051,32.75,0.0,train,899,423,348
-88.1939667467927,40.0922911264459,2974.968971893094,0.0,0.0,train,689,783,275
-88.18220418456016,40.10857771191843,3180.4064445489707,0.0,0.0,train,508,883,217
-88.25876289520191,40.139543670374934,3545.4873529573388,0.0,0.079242796,train,165,230,64
-88.19131069689966,40.128943325476456,3142.773368485206,61.5,0.0,train,282,805,116
-88.2134630862166,40.0750208649318,3985.3761704069148,69.0,0.0,train,881,617,352
-88.21005172568887,40.08141175694857,3340.1386287937776,5.75,0.0,train,810,646,332
-88.28105735458331,40.14135712137399,4781.41039121812,0.25,0.0,train,145,40,40
-88.22978037888743,40.13817045006157,3078.3894933417496,0.0,0.0,train,180,477,69
-88.17174103103179,40.11874063911108,4162.804071136994,3.0,0.0,train,395,972,159
-88.21819933975702,40.11681476847953,695.3461472430023,0.0,3.6097984,train,417,576,171
-88.24707458337963,40.10288018397081,909.9582825047432,7.000000000000001,0.0,train,572,330,226
-88.17113406725845,40.07794141193111,5487.887970625127,0.0,0.0,train,848,978,339
-88.24198524688178,40.13737016181104,3013.6864628565622,0.0,0.0,train,189,373,67
-88.2286090124745,40.136818465624955,2926.003935154371,0.0,0.0,train,195,487,69
-88.19133955297184,40.11507376791727,2443.8523462972303,0.0,0.061585307,train,436,805,176
-88.22999555483295,40.151049502794585,4508.453253395724,1.25,0.0,train,37,475,9
-88.27442454560635,40.07632878587771,4653.445725704997,0.0,0.0,train,867,97,341
-88.1787912749946,40.1136167058507,3479.0614857293267,18.0,0.0,train,452,912,198
-88.18026186695901,40.13784539755153,4502.618735085447,0.0,0.0,train,183,899,77
-88.18138493750372,40.107766077562076,3257.6313261891714,0.0,0.0,train,517,890,217
-88.19942170541076,40.12111757242562,2064.592885055908,21.25,0.0,train,369,736,154
-88.18930110255023,40.13605575165463,3816.167313423192,0.0,0.16483088,train,203,822,96
-88.19908995188314,40.110850075813346,1732.8519512435748,0.0,10.907557,train,483,739,194
-88.28083499182824,40.12532595700172,3687.5511902895846,0.0,0.0,train,323,42,120
-88.22515485612081,40.09511639652975,1709.918589679967,75.0,0.028137974,train,658,517,270
-88.18850128758562,40.070579257555316,5168.8733092234015,0.0,0.0,train,930,830,376
-88.27241103033677,40.09929377480899,2838.213489840238,7.5,0.0,train,612,114,242
-88.17906317648944,40.149011488643616,5476.903623159539,6.25,0.0,train,59,909,38
-88.26586795376004,40.07452285774174,4442.989620802482,0.0,0.0,train,887,170,343
-88.28340480927224,40.140727723013136,4872.893882024381,0.0,0.0,train,152,20,60
-88.24137605771931,40.066940703805095,4805.568208719631,0.0,0.0,train,971,379,387
-88.17662650251614,40.13684985281113,4667.108888917176,2.5,0.0,train,194,930,78
-88.25445876074541,40.10693826423165,1097.4962302933327,0.0,0.0,train,527,267,205
-88.21261667269812,40.08961017970694,2403.9422774676514,1.7500000000000002,7.4190216,train,719,624,292
-88.27101791322056,40.083712168285786,3827.5847474206917,0.0,0.0,train,785,126,302
-88.25233749152349,40.115402674621684,1030.5380919577246,0.25,0.41496927,train,433,285,165
-88.26054855217653,40.11567831299345,1668.6946924072765,0.0,0.0,train,430,215,164
-88.28181203022592,40.07435091953634,5215.609944313096,0.0,0.0,train,889,34,340
-88.20715048322833,40.128691480375835,2262.3128582213285,50.5,0.0,train,285,670,113
-88.16881743377222,40.06622994823013,6550.867646174029,0.0,0.0,train,978,998,399
-88.22168163317444,40.06764390305645,4766.307611301246,0.0,0.0,train,963,547,390
-88.19516337179081,40.13840450782776,3713.29002468211,14.75,0.0,train,177,772,75
-88.24184930184474,40.15123959816675,4552.988791529086,0.0,0.0,train,35,374,7
-88.19748406834601,40.151556296351266,4914.3915239020325,0.0,0.0,train,31,752,15
-88.25197860034217,40.12125647785936,1477.1053336571015,13.0,0.0,train,368,288,145
-88.26971323201451,40.099742637879025,2609.489190427605,12.5,0.013772208,train,607,137,242
-88.19105724735962,40.081660174545746,4023.4079168468866,0.0,0.0,train,807,808,336
-88.22520202281495,40.06530559965557,5018.941308436116,97.25,0.0,train,989,517,390
-88.27193050480653,40.11199234566256,2532.6196263616193,1.5,0.0,train,471,118,182
-88.19995447305097,40.08860560133418,2954.491269647604,31.5,0.0,train,730,732,294
-88.22474892042396,40.12915962866213,2068.236407287531,0.0,0.0,train,280,520,110
-88.23478489997878,40.08548826899298,2759.677934942029,10.0,0.0,train,765,435,308
-88.22637181738668,40.06683775969054,4846.561655271419,0.0,0.0,train,972,507,390
-88.23217265429048,40.107551381866514,315.74696109862936,2.25,49.169518,train,520,457,209
-88.21299399246153,40.1416666421189,3490.170978146844,0.0,0.0,train,141,620,52
-88.2593526555343,40.1367521243234,3285.023050451971,11.0,0.41792008,train,196,225,64
-88.27776833600036,40.14531831791088,4931.895842807547,0.0,0.0,train,101,68,41
-88.18096398782227,40.086150482542486,4258.176314608832,31.0,0.0,train,757,894,317
-88.25512887130569,40.136299038524875,3095.3667542866524,0.0,0.0,train,201,261,85
-88.1749808822225,40.08749340068686,4577.036961973639,73.0,0.0,train,742,945,298
-88.21459820783731,40.096456997334826,1625.5136792937524,0.0,58.5885,train,643,607,252
-88.21620001669733,40.11978482178296,1053.6140937732719,2.5,5.8213897,train,384,593,151
-88.22769816499995,40.118805193848246,924.6505607308649,1.7500000000000002,1.317128,train,395,495,149
-88.24036245273447,40.122688732773135,1380.7659380004018,98.75,0.67187345,train,352,387,147
-88.26470328918906,40.06686680771897,5178.014082230579,0.0,0.0,train,972,180,383
-88.16990480693559,40.15071010038341,6133.319965283311,0.0,0.0,train,40,987,19
-88.1735024544194,40.06785764276979,6154.359908265749,0.0,0.0,train,960,958,399
-88.17511338602863,40.13153413206837,4432.9524159807015,0.0,0.0,train,253,943,118
-88.21064456300336,40.14301510662761,3673.57654729555,0.0,0.0,train,126,640,52
-88.17273239283305,40.146120901329546,5600.568380965334,0.0,0.0,train,91,963,39
-88.19043014638653,40.10120302328971,2683.323488478184,5.5,0.651433,train,590,813,236
-88.26455761969181,40.09514649316849,2529.1048387225455,0.0,0.0,train,658,181,263
-88.2378811510681,40.13529542359493,2775.2499101171416,0.0,0.0,train,212,408,88
-88.19435407119741,40.132459441823734,3231.4062979774144,0.0,0.10065776,train,243,779,95
-88.26797008662766,40.0829899852145,3731.505118409673,28.749999999999996,0.0,train,793,152,303
-88.25694693751663,40.08451431075058,3114.518922160855,69.5,0.0,train,776,246,304
-88.20895831641776,40.102395214116214,1276.3322156179036,99.0,0.29691288,train,577,655,233
-88.26522603393447,40.130451377143196,2977.114197172243,0.25,0.0,train,266,175,103
-88.25832845496994,40.10775139772653,1392.4756356054122,17.0,0.0,train,518,234,204
-88.18362473050121,40.1026354289506,3177.5697612495696,7.5,0.0,train,574,871,237
-88.16891689825727,40.073615262592305,5952.0914350499625,0.0,0.0,train,896,997,359
-88.17848756388594,40.092361531493104,4035.844191113074,2.5,0.0,train,688,915,278
-88.28425060809404,40.10686465761857,3594.6819180200837,2.75,0.0,train,528,13,200
-88.21372225285639,40.12788789431915,1977.5293440509872,0.0,1.8568006,train,294,614,112
-88.19408511308865,40.09175089222865,3009.0796124869275,36.5,0.0,train,695,782,275
-88.18306937597826,40.141811802841765,4646.451974312726,21.5,0.0,train,139,875,57
-88.26133900459294,40.1447688973091,4165.276721817908,0.0,0.0,train,107,208,44
-88.19844099766512,40.1424611624691,3961.477942714831,5.0,0.24480684,train,132,744,54
-88.21336307483718,40.065203881925804,5069.282313939443,0.0,0.0,train,990,618,392
-88.24443441926039,40.14890000269841,4299.168066638928,0.0,0.0,train,61,352,27
-88.20726015657652,40.13283445942637,2675.0736422913387,2.0,0.0,train,239,669,93
-88.2451291291142,40.06541254769108,4980.369446360596,3.0,0.0,train,988,347,386
-88.24148372309267,40.07405577590228,4015.516800518293,0.0,0.0,train,892,378,347
-88.20565470831733,40.11292893506053,1200.6191268450377,0.0,0.08037314,train,460,683,193
-88.19036243164932,40.077516423299585,4432.720919191027,11.0,0.0,train,853,814,356
-88.2264872097134,40.068008687293506,4716.357053332737,100.0,0.0,train,959,506,390
-88.26396294634296,40.103341842717526,1997.3216712461037,98.5,0.0,train,567,186,223
-88.28318030850325,40.126858054965496,3943.4161098351883,1.25,0.0,train,306,22,120
-88.22939753747612,40.08134066647337,3230.719410364071,0.0,0.0,train,811,481,329
-88.20863656530297,40.15012785346497,4481.637331067722,0.0,0.0,train,47,657,13
-88.17561870004735,40.065158648632746,6279.471372614826,0.0,0.0,train,990,940,398
-88.1897488523006,40.14632337472416,4701.760123514913,0.0,0.0,train,89,818,36
-88.2087403426222,40.09329864923074,2127.9129154250295,24.75,0.43557552,train,678,657,273
-88.19922564284002,40.10148372843429,1998.0349592958412,0.25,0.0,train,587,738,234
-88.21144832334308,40.152922764344,4745.640493664632,0.0,0.0,train,16,633,12
-88.17811423123977,40.15342325007224,5913.930170733439,0.0,0.0,train,10,917,18
-88.2063539891484,40.11536138925747,1231.440290518876,0.0,0.9405432,train,433,677,173
-88.20708579218477,40.10023168532702,1560.6905100116776,7.000000000000001,0.0,train,601,671,253
-88.23703200414269,40.07180058381542,4274.612446094476,0.0,0.0,train,917,416,368
-88.18764391386715,40.14280833003378,4483.7891602586715,0.0,0.24135283,train,128,836,56
-88.22281309773615,40.09286261719893,1964.7044686112163,0.0,0.789634,train,683,537,270
-88.25902211073948,40.11702827989844,1612.815512015064,0.0,0.0,train,415,228,164
-88.2664957613686,40.1517968181594,5056.1339993483625,0.0,0.0,train,29,164,3
-88.2800205608925,40.11658953710239,3291.5146055288433,80.25,0.0,train,420,49,160
-88.20680100522958,40.127340165955516,2145.156894190789,42.75,0.0,train,300,673,133
-88.23194729676787,40.10133686618215,1006.0292069896174,0.0,9.227156,train,589,459,229
-88.2034649795078,40.1540848894771,5013.640445354967,0.0,0.0,train,3,701,14
-88.18074315182369,40.08002591526351,4734.433139607011,0.0,0.0,train,825,896,337
-88.26398095844522,40.085599490280465,3299.026618568409,0.75,0.0,train,764,186,303
-88.27699702645924,40.0845257966366,4108.835220142048,1.0,0.6746713,train,776,75,301
-88.2569127887706,40.11504553411753,1355.2351574091297,0.0,0.0,train,437,246,164
-88.2116001457996,40.06781387489041,4799.634978289945,0.0,0.0,train,961,633,392
-88.25782003545248,40.14323560236621,3897.3601147788468,0.0,0.0,train,124,238,44
-88.22278832279889,40.10817324331689,265.20639553396165,0.0,30.119007,train,513,537,210
-88.2719095158397,40.13531847146627,3759.428829881662,5.5,0.0,train,212,118,82
-88.25312433362656,40.14458337488627,3925.735675332595,0.0,0.0,train,109,278,45
-88.26322196946761,40.13963651792479,3721.2834613307464,21.5,0.0,train,164,192,63
-88.20648651984762,40.107165849805746,1167.0145461456402,22.0,0.0,train,524,676,213
-88.27992713051738,40.08605825393437,4181.008542918215,0.0,0.0,train,759,50,301
-88.23057744769073,40.076388254788014,3778.12717638504,43.0,0.0,train,866,471,349
-88.23197949598537,40.07963175794945,3415.317651763736,100.0,0.0,train,830,459,329
-88.19659009656516,40.12912980376765,2829.8527560262023,1.25,0.50925344,train,280,760,115
-88.27946960925286,40.07146783497333,5343.148476845463,0.0,0.0,train,921,54,361
-88.25760682434651,40.123872101800345,1999.7573873229665,0.5,0.0,train,339,240,124
-88.17841607190257,40.123883310636884,3792.3808252778786,0.0,0.0,train,338,915,138
-88.20039336802616,40.10409688985388,1776.119764681637,60.0,0.0,train,558,728,234
-88.18542536118944,40.13767198344295,4172.978768714547,0.0,0.0,train,185,855,77
-88.23881986401696,40.13529619350714,2777.1937868027644,5.0,0.0,train,212,400,88
-88.24427844906086,40.08855809375916,2410.477808718691,2.5,0.0140926475,train,731,354,287
-88.28471637133126,40.11163816828915,3618.4165100173404,0.0,0.0,train,475,9,180
-88.21726746544154,40.11294115436817,315.877797388567,3.5000000000000004,15.201767,train,460,584,191
-88.18680701364094,40.09534442385363,3256.809149434662,24.75,2.356392,train,655,844,276
-88.26843403838603,40.088303956957915,3298.3863087066197,3.0,0.0,train,734,148,282
-88.27605938771458,40.084075022251774,4087.0643114483555,0.0,4.4491935,train,781,83,301
-88.2199822733061,40.102766777197616,870.8608749122316,0.0,9.596656,train,573,561,231
-88.19107754289875,40.1282225418061,3107.0070416079348,0.0,0.0,train,290,807,116
-88.19843458494697,40.14570338528178,4286.032372826049,0.0,0.0,train,96,744,34
-88.22050945751447,40.138612099204266,3109.178948514643,28.499999999999996,0.0,train,175,556,71
-88.24762550397165,40.131160186476926,2369.2986320469054,6.25,0.0,train,258,325,106
-88.25171661083654,40.14413208140404,3850.2936802165214,0.0,0.0,train,114,290,45
-88.24037103872222,40.11638437463825,680.9726137921244,0.0,0.91942084,train,422,387,167
-88.21811014890925,40.10015311377902,1167.713902065257,0.0,6.315687,train,602,577,251
-88.22711105078828,40.11916490630847,963.4238277571463,15.5,0.16087237,train,391,500,150
-88.23867185381401,40.07279262936464,4161.243139519065,6.0,0.0,train,906,402,368
-88.2033881098283,40.13283017947201,2818.9456941622975,26.75,0.0,train,239,702,94
-88.17447039427064,40.105325112146,3876.6081581894114,12.75,0.40990967,train,544,949,218
-88.20852373943356,40.08348156793344,3153.3420264006227,8.25,0.3258857,train,787,659,313
-88.28158253709714,40.06777620893617,5780.9270728901865,0.0,0.0,train,962,36,380
-88.26452377429584,40.128739780034415,2795.555273329964,6.25,0.0,train,285,181,103
-88.18456848482049,40.10011489185178,3191.7706151937477,2.75,0.0,train,602,863,257
-88.24656539259921,40.13440163459706,2709.8877008589125,8.25,0.0,train,222,334,86
-88.17340616135183,40.109016210538556,3926.410993382629,0.0,0.9152795,train,503,958,219
-88.23200135305277,40.143936383912205,3722.81723974616,0.0,0.13250104,train,116,458,49
-88.16998813020493,40.066862046713794,6432.349740715098,0.0,0.0,train,971,988,399
-88.2144640097887,40.106183623587945,648.8030159608815,10.0,2.031775,train,535,608,212
-88.25037088004959,40.09270550664762,2061.955767921653,0.0,0.23489743,train,685,302,266
-88.19588721494148,40.12858859858682,2828.6842451503517,34.0,0.0,train,286,766,115
-88.2517810816719,40.090184749645324,2366.0052013190966,0.5,0.0,train,713,290,285
-88.2098444555466,40.13121612528586,2427.772387031152,27.500000000000004,0.0,train,257,647,112
-88.24250436201744,40.099994685844734,1134.9182507463706,0.0,0.7888328,train,604,369,247
-88.25293493942662,40.10612665344271,1012.9375581724433,0.0,0.0,train,536,280,205
-88.27207211926566,40.08488354852089,3788.121969017585,13.750000000000002,0.0,train,772,117,302
-88.28574222831215,40.15441812134635,6147.233778007166,0.0,0.0,train,0,0,0
-88.19130352997009,40.075986509967734,4531.629458065645,51.24999999999999,0.0,train,870,806,356
-88.22813895129181,40.13726834998639,2975.017234254997,22.75,0.0,train,190,491,69
-88.17871701101271,40.1463992323621,5273.722344799638,0.0,0.0,train,88,912,38
-88.28128531839003,40.15018329636177,5543.198139812891,0.0,0.0,train,47,38,0
-88.19724084008587,40.09697828089798,2422.6034233276296,23.5,0.0,train,637,755,255
-88.19105387289136,40.08328130274444,3881.210413066314,0.0,0.0,train,789,808,316
-88.17160302849048,40.07794206758481,5457.902891577949,0.0,0.0,train,848,974,339
-88.23755757534161,40.11503114602279,525.1852714049405,76.75,6.112465,train,437,411,168
-88.27673514169466,40.11757866470134,3046.187704098888,0.0,0.039490122,train,409,77,161
-88.21940472032419,40.09745251420102,1461.9015996733986,90.25,4.3471894,train,632,566,251
-88.19080996684374,40.14398307538069,4434.518570624865,0.0,0.0,train,115,809,56
-88.27003200429682,40.13540752254449,3661.5134595550485,5.25,0.0,train,211,134,82
-88.28458839822275,40.12658846939902,4036.2780699481677,56.25,0.0,train,309,10,120
-88.26433508391443,40.083258065979315,3533.3959885159097,0.0,0.0,train,790,183,303
-88.2845079109402,40.07507259167074,5307.75436507416,11.75,0.0,train,881,11,340
-88.25817288793675,40.142515335915405,3832.7264420339516,0.0,0.0,train,132,235,44
-88.26782797216751,40.10892797276382,2179.903034220214,0.25,0.0,train,505,153,203
-88.20584389317462,40.13724595177582,3174.3859505189,0.0,0.0,train,190,681,73
-88.28320689174743,40.09065292534337,4108.000369092949,0.0,0.0,train,708,22,280
-88.20712006560144,40.081678788774724,3380.340947335439,17.0,1.5772418,train,807,671,333
-88.25706238034739,40.08613551897477,2954.6396391324406,0.0,0.0,train,758,245,304
-88.17610121978944,40.11019071258805,3692.8719735128193,27.250000000000004,14.37816,train,490,935,198
-88.17362472523757,40.06569629602934,6334.957190532459,0.0,0.0,train,984,957,399
-88.260773302972,40.12495487640651,2270.400948777737,6.5,0.0,train,327,213,124
-88.2049874655585,40.09347467734678,2266.7169722578988,1.25,0.0,train,676,689,273
-88.23247769394304,40.13925357523827,3203.9427086772002,0.0,0.0,train,168,454,69
-88.22575340139493,40.087371553874895,2568.4497507787214,17.0,0.0,train,744,512,290
-88.23134704126889,40.11061278340652,22.451761416911378,0.0,239.16159,train,486,464,189
-88.20762228243967,40.12734106033716,2111.025791713525,32.5,0.0,train,300,666,133
-88.19070786719573,40.13668792721531,3789.8923508602534,0.0,0.0,train,196,810,76
-88.28539808954206,40.14307017787043,5176.255320724403,0.25,0.0,train,126,3,40
-88.23632146770892,40.076843522402385,3716.235694242107,89.0,0.0,train,861,422,348
-88.24547488582344,40.07000603197019,4472.680487346049,0.0,0.0,train,937,344,366
-88.26160799135695,40.11216653824657,1659.1008741969272,6.0,0.056906153,train,469,206,184
-88.2109941966801,40.14436640601534,3814.8821759812063,0.0,0.0,train,111,637,52
-88.17838723898474,40.13658203586052,4531.826621896553,0.0,0.0,train,197,915,78
-88.22479403148434,40.10079000825299,1080.8335516495733,96.25,2.3160605,train,595,520,230
-88.22229029756005,40.1259150573047,1703.2400213949907,19.0,0.0,train,316,541,130
-88.2766318190065,40.10073692064306,3109.4657034055317,0.0,0.0,train,596,78,221
-88.27885884308775,40.10235911713037,3235.595105793604,5.25,0.0,train,578,59,221
-88.23286527207003,40.115117233203954,525.4629354655555,0.0,39.345634,train,436,451,169
-88.24831086448249,40.146110994118146,4018.331849825397,45.25,0.0,train,92,319,26
-88.19738304102255,40.1433605449768,4091.4333691410366,0.0,1.0982925,train,122,753,55
-88.25158770507326,40.15376861414066,4900.11726772403,0.0,0.0,train,7,291,5
-88.17385493192508,40.117752883456674,3963.734374329406,10.25,1.1214567,train,406,954,179
-88.19235232067274,40.135879382194695,3631.178336808256,0.0,0.0,train,205,796,95
-88.17787787675194,40.10262785863604,3650.839224001718,21.25,0.0,train,574,920,238
-88.23149388251638,40.09079913025343,2176.6557015090393,33.5,0.295182,train,706,463,289
-88.2191621945438,40.10222559608699,932.5440519442669,0.0,4.2509313,train,579,568,231
-88.28181074069889,40.07606211715986,5071.928259107264,0.0,0.0,train,870,34,340
-88.1717839324916,40.15017236621092,5980.287995674866,3.5000000000000004,0.0,train,46,971,19
-88.27674618896333,40.104249419383535,3009.4386016514673,8.75,0.61219525,train,557,77,221
-88.27696358626784,40.125053950551035,3382.183496689578,4.25,0.0,train,326,75,121
-88.20179055763332,40.10941217466851,1508.440346255862,18.0,0.0,train,499,716,194
-88.2063695640792,40.10698559659492,1183.117208555622,0.0,0.0,train,526,677,213
-88.2618766041048,40.079654057187575,3781.1777124273335,1.25,0.0,train,830,204,324
-88.22405922595428,40.12024281530154,1077.0707983931022,6.5,4.6746807,train,379,526,150
-88.24907473443803,40.097748084548684,1499.48199496688,0.0,1.1770952,train,629,313,246
-88.20888303248132,40.07933905943459,3587.6727844131638,46.0,0.0,train,833,656,333
-88.22490359082913,40.10565349151076,540.7500026746563,18.25,14.406163,train,541,519,210
-88.2062948119846,40.14715326582146,4207.507933717893,0.0,0.0,train,80,677,33
-88.20302380712157,40.07780154623151,3903.0113588393538,0.0,0.0,train,850,706,354
-88.2737950385926,40.12604305003171,3207.85880028222,0.0,0.0,train,315,102,122
-88.1695276936538,40.112253038681224,4256.771679830504,2.25,0.0,train,467,991,199
-88.25401187598239,40.08775460201114,2685.9477855589694,13.750000000000002,0.0,train,740,271,285
-88.24973229423222,40.13539464740139,2866.4226085089954,0.0,0.0,train,211,307,86
-88.27146171623139,40.111541783739234,2489.3246031336116,1.25,0.0,train,476,122,182
-88.17687997959082,40.12865454314268,4141.790740942015,2.5,0.0,train,285,928,118
-88.22353550690934,40.08115513283776,3262.8627346265694,4.5,0.0,train,813,531,330
-88.19761756745964,40.14345088203334,4091.2316511534095,3.0,1.9971535,train,121,751,55
-88.21458129878212,40.10618374389799,642.3338325673875,16.25,2.1705465,train,535,607,212
-88.27310127181141,40.1145147095032,2667.7484108649996,1.0,0.0,train,443,108,162
-88.17103417114397,40.12000052318713,4253.68286318927,19.25,0.0,train,381,978,159
-88.18227026308844,40.131723812953155,3938.790129028305,18.75,0.0,train,251,882,117
-88.26745940671742,40.126219744204704,2784.3618698039495,1.25,0.0,train,313,156,123
-88.20686790717596,40.091225176505844,2404.7450863753656,0.0,0.07959076,train,701,673,293
-88.19401466390333,40.06878475673188,5125.52307663095,0.0,0.0,train,950,783,395
-88.24931659364732,40.091804118900306,2129.6500786888123,0.0,0.0,train,695,311,266
-88.23710181299943,40.105484143162265,535.4737007389456,18.25,53.237965,train,543,415,208
-88.27635614562645,40.15000085212629,5285.202451995482,0.0,0.0,train,49,80,1
-88.19096494620335,40.06968168030238,5152.659560905183,0.0,0.30565935,train,940,809,376
-88.22721407992978,40.128351353878486,1983.365656189128,14.75,0.0,train,289,499,109
-88.18111293196405,40.07192073154153,5397.562813389958,0.0,0.0,train,915,893,377
-88.28131203672518,40.11514912551645,3369.485029522828,0.0,0.0,train,436,38,160
-88.1733996222566,40.11180813776393,3925.047291723615,35.25,0.0599052,train,472,958,199
-88.2834034248153,40.14261902497717,5021.052802081486,0.0,0.0,train,131,20,40
-88.1768549275553,40.08839657546039,4388.48172473085,58.5,0.0,train,732,929,298
-88.24382816665639,40.07423773707329,3996.775875408352,0.0,0.0,train,890,358,347
-88.18260992597877,40.13730810514531,4315.182010526921,0.5,0.0,train,189,879,77
-88.19610140137759,40.138765871359695,3703.1770744211644,0.0,0.0,train,173,764,75
-88.2698315985197,40.09857188790978,2678.8035113161877,17.0,0.8152617,train,620,136,242
-88.24277258096808,40.07459716896714,3954.9736076978634,0.75,0.0,train,886,367,347
-88.20548646494956,40.14012754304104,3484.5561454419967,0.0,0.0,train,158,684,73
-88.18310584274836,40.071923332956956,5296.214696033693,0.0,0.0,train,915,876,377
-88.20806678254996,40.140850859058226,3492.994588975475,0.0,0.0,train,150,662,73
-88.26632841904906,40.08316917316196,3634.737029164249,9.75,0.0,train,791,166,303
-88.21450333383642,40.08357791895279,3031.8703621429986,3.25,0.0,train,786,608,312
-88.28000479862854,40.13676347604648,4360.1472368667055,29.5,0.0,train,196,49,60
-88.26300036782077,40.12693762014972,2560.7096202429,21.75,0.0,train,305,194,123
-88.22293705733104,40.08871984672438,2424.3256685052047,100.0,0.0,train,729,536,290
-88.17133909275793,40.0903703745178,4675.397902726231,2.75,0.0,train,710,976,299
-88.25448007461574,40.088475424489985,2627.308817226285,3.5000000000000004,0.0,train,732,267,285
-88.18675347592583,40.12029167136681,2984.0464461608804,0.0,0.0,train,378,844,156
-88.19936671685427,40.14912681962889,4604.120754881396,0.0,0.0,train,58,736,34
-88.25146968528921,40.15430890170801,4957.7383286023405,0.75,0.0,train,1,292,5
-88.25794684430096,40.134679789136854,3025.668808673046,0.0,0.0,train,219,237,84
-88.27459536749846,40.150360219930995,5238.239524446295,0.0,0.0,train,45,95,1
-88.25640245481561,40.15152036683312,4740.899687683625,7.000000000000001,0.0,train,32,250,5
-88.23747111959624,40.09305580062629,1914.337300420983,0.0,18.504377,train,681,412,268
-88.21529001401034,40.103302465918176,885.5109154591768,0.0,2.1092834,train,567,601,232
-88.21989936749084,40.15266116594138,4667.970928000077,0.0,0.0,train,19,561,11
-88.2491063725938,40.072080180751,4273.687943513213,0.0,0.6149339,train,914,313,366
-88.216555189302,40.11789387095549,843.3848564447968,0.0,2.2244601,train,405,590,171
-88.2095561525865,40.096091468442125,1819.1861151429816,0.0,0.64670455,train,647,650,253
-88.21497284352442,40.150945060103204,4493.208676724875,6.25,0.0,train,38,603,12
-88.17677133025025,40.12487178360043,3964.4532364668826,0.5,0.0,train,327,929,138
-88.18999000411249,40.14326156767181,4407.219789102261,0.25,0.0,train,123,816,56
-88.19509146276201,40.115978930846865,2157.0992491256716,27.750000000000004,0.5075171,train,426,773,175
-88.17213921924296,40.14882193358439,5850.19380337767,0.0,0.0,train,61,968,39
-88.19504527865996,40.08085443751178,3904.1428414900975,2.75,0.0,train,816,774,335
-88.24523787911878,40.07198724055267,4251.887503722274,0.0,0.0,train,915,346,366
-88.17551453321954,40.11027997713701,3742.7691659318084,1.7500000000000002,44.240433,train,489,940,198
-88.2805866326581,40.143068086258914,4893.684451950615,0.0,0.0,train,126,44,40
-88.18390066597398,40.083722610684774,4253.3252864191445,0.0,0.0,train,784,869,317
-88.25738390979305,40.113334657505646,1330.6389990765151,0.0,0.0,train,456,242,184
-88.17899452132508,40.12748657197733,3921.4249673459594,13.750000000000002,0.07235778,train,298,910,118
-88.21527491237748,40.11203851594262,386.29896054557736,28.249999999999996,5.6280913,train,470,601,192
-88.25179419132093,40.07919708438849,3537.6456070051017,0.25,0.0,train,835,290,325
-88.1981114747902,40.07185175637378,4672.419347565631,0.0,0.0,train,916,748,374
-88.26693277514028,40.06452646358924,5490.279443763463,0.0,0.0,train,998,161,383
-88.28238847116879,40.0874103057864,4253.013488789417,1.0,0.0,train,744,29,280
-88.19295050970378,40.13029625742213,3140.1444555605203,0.0,1.3592963,train,267,791,115
-88.19500499174168,40.1007582639383,2351.680345098672,0.75,0.021588672,train,595,774,235
-88.1734979449894,40.11991388723746,4047.907937064407,0.25,0.0,train,382,957,159
-88.18293077440359,40.15144824644733,5497.027557703032,0.0,0.0,train,32,876,17
-88.26031172563759,40.11774959933868,1747.576098384675,15.0,0.0,train,407,217,164
-88.1711592754444,40.067314007682825,6329.12871043645,0.0,0.0,train,966,978,399
-88.28143269597224,40.11073611840239,3335.5438408661175,1.7500000000000002,0.0,train,485,37,180
-88.18037287777062,40.088311211358814,4149.5227683581725,42.5,0.0,train,733,899,297
-88.18025984603403,40.1387460151826,4570.461857133652,0.0,0.0,train,173,899,77
-88.19364330278033,40.078421055682924,4196.747315689433,0.0,0.0,train,843,786,335
-88.17459396918544,40.153058230604266,6065.7340570205715,0.0,0.0,train,14,947,18
-88.20077790476746,40.08725560407964,3042.4219437895963,28.249999999999996,0.0,train,745,725,294
-88.1847593493943,40.12019906809843,3139.7568057821113,3.5000000000000004,0.0,train,379,861,157
-88.21883495272205,40.08754504785909,2562.7917463577487,39.75,0.0,train,742,571,291
-88.19103474573707,40.09246768726973,3149.343524133456,0.0,0.4031001,train,687,808,276
-88.26009662115048,40.09955683145195,1923.3520981148083,11.5,0.0,train,609,219,244
-88.23086704196645,40.11781735465095,821.2436221692539,0.25,0.557526,train,406,468,169
-88.17012538339803,40.10757063425115,4215.7445767337595,7.000000000000001,0.0,train,519,986,219
-88.20303920132335,40.131208668870045,2678.269893917687,15.25,0.0,train,257,705,114
-88.20303753843443,40.070596518104885,4658.447032591279,0.0,0.0,train,930,706,374
-88.2810580448119,40.140456501304485,4709.6548622712735,0.0,0.0,train,155,40,60
-88.24269731963682,40.13133655876715,2345.3421886286574,1.0,0.31571454,train,256,367,107
-88.19448301423,40.069055508363164,5081.450603816854,0.0,0.0,train,947,779,375
-88.26538325835543,40.09037365285558,2953.437074807293,7.75,0.0,train,711,174,283
-88.21632087981115,40.1177135097239,830.3577514569197,0.75,3.2421644,train,407,592,171
-88.21084274965142,40.09798415267779,1582.1208390061038,96.5,0.48989153,train,626,639,252
-88.27097047253577,40.13567821807366,3736.3224851932214,1.0,0.0,train,208,126,82
-88.1999985696792,40.065999840515104,5223.917227688914,0.0,0.0,train,981,732,394
-88.24682415870406,40.115398687821816,692.1897474412253,0.25,0.08115859,train,433,332,166
-88.1701251681578,40.10766069644877,4214.968202449127,7.5,0.0,train,518,986,219
-88.17878903253711,40.11460738932625,3491.4566511491344,0.0,0.011372925,train,441,912,178
-88.23105731200133,40.069093569716635,4586.91608462597,10.5,0.0,train,947,467,369
-88.20225489484157,40.11193445040275,1470.071764607161,0.0,3.5195327,train,471,712,194
-88.2382067921526,40.154208703834854,4875.358836499028,0.0,0.0,train,2,405,8
-88.22981590379817,40.114754298217626,479.1571462824663,0.0,16.983528,train,440,477,169
-88.24114485894071,40.15141916320987,4571.524978992223,0.0,0.0,train,33,380,7
-88.23355040466494,40.127906675443306,1946.5015863736098,10.0,0.09740405,train,294,445,108
-88.18625923705034,40.07742122374774,4645.74011037096,0.0,0.0,train,854,849,356
-88.22994698079607,40.10565810297802,530.3016654894144,1.7500000000000002,34.627075,train,541,476,209
-88.26487539665855,40.129100237298594,2845.30298746555,2.5,0.0,train,281,178,103
-88.24565087797494,40.11557793037706,659.936706981789,0.0,1.0396584,train,431,342,166
-88.18191046976526,40.13523576523068,4205.716981466623,0.0,0.0,train,212,885,97
-88.1851005109732,40.07111533466758,5273.007148288598,0.0,0.0,train,924,859,377
-88.24990126625276,40.093155483239194,2001.6175469686962,18.0,0.36691186,train,680,306,266
-88.21431689461325,40.12329533218372,1472.7097881230013,57.25,0.054358,train,345,609,132
-88.20711624053442,40.083750231638305,3162.5877035058375,0.0,0.0,train,784,671,313
-88.27412277860913,40.153962453675916,5562.777360033867,4.25,0.0,train,5,99,1
-88.22953678295026,40.14402426303983,3727.711610935076,0.0,0.0,train,115,479,49
-88.21982022438934,40.129695275823856,2118.060263412201,5.0,0.0,train,274,562,111
-88.19546247539927,40.106522814551155,2092.100659792092,17.25,0.0,train,531,770,215
-88.22015996331105,40.137080703122955,2938.5029540281694,11.25,0.0,train,192,559,71
-88.24980766585641,40.073791887163644,4094.372759690039,9.25,0.0,train,895,307,346
-88.200803771817,40.13435830683821,3076.091748256258,0.0,0.0,train,222,724,94
-88.19846218786242,40.13174380187418,2947.8142299605897,80.5,0.0,train,251,744,114
-88.2321003405123,40.07720016275144,3684.9949493726326,81.0,0.0,train,857,458,349
-88.24363870114625,40.12926586129614,2118.3106834120986,0.0,0.0,train,279,359,107
-88.23530279642351,40.133131778698555,2529.975109503111,16.25,0.0,train,236,430,88
-88.27675469332695,40.093982277009495,3445.592206171546,0.0,0.0,train,671,77,261
-88.19129791656667,40.0786883927293,4280.222410941065,0.0,0.0,train,840,806,336
-88.28381062769674,40.06660636132787,5997.424754567693,0.0,0.0,train,975,17,380
-88.19231778694238,40.09580157720462,2836.4249757473804,0.0,10.47443,train,650,797,275
-88.22844754216258,40.089175281361925,2362.920155533713,13.0,0.0,train,724,489,289
-88.28426542341542,40.08624029856526,4458.980192737725,0.25,0.0,train,757,13,300
-88.25343801167787,40.07712678055806,3794.4007646111995,46.25,0.0,train,858,276,345
-88.26843095900507,40.09154621710476,3042.348321376617,4.0,0.0,train,698,148,262
-88.2525467317981,40.13683763859833,3082.0251057411615,0.0,0.0,train,195,283,65
-88.27416433947286,40.10604938114894,2754.5880048624754,0.0,0.0,train,537,99,201
-88.28380221233701,40.07822449853369,5013.339540055269,0.0,0.0,train,846,17,320
-88.27522131946027,40.10442878959814,2878.246908561692,9.25,0.0,train,555,90,221
-88.18411137175698,40.09462048093977,3495.2651929469293,17.25,0.0,train,663,867,277
-88.17286264801136,40.09073274619811,4542.221943128214,0.0,0.0,train,706,963,299
-88.21709095590948,40.07880720837704,3538.076633637373,92.5,0.0,train,839,586,331
-88.20347771228032,40.085727593489594,3080.080042131899,27.750000000000004,0.0,train,762,702,314
-88.26978079491906,40.153149595500594,5310.969266410731,0.0,0.0,train,14,136,2
-88.19616277528083,40.10823483395143,1999.9017928119858,1.7500000000000002,0.0,train,512,764,215
-88.17527097682104,40.11415232964214,3783.5928060039123,0.25,0.0,train,446,942,178
-88.22055113901827,40.113394710624725,310.0056516816057,8.75,22.265083,train,455,556,191
-88.21484915144356,40.087000662564115,2651.5005794369395,0.0,4.533803,train,748,605,292
-88.17045061723113,40.11873883151215,4270.224390629411,0.0,0.0,train,395,983,159
-88.25727824451974,40.10288733324379,1513.2006051419432,1.25,0.0,train,572,243,224
-88.22958156997223,40.114573963683696,458.6770821337065,11.75,16.670984,train,442,479,169
-88.17735232557801,40.07596856571165,5260.230515030311,0.0,0.0,train,870,925,358
-88.21896011392008,40.15284036569326,4687.844133066075,0.0,0.0,train,17,569,11
-88.2452964071795,40.1175590344121,854.1611748207044,0.0,0.07652291,train,409,345,166
-88.21057080553902,40.11878830603177,1179.1635951266442,13.5,0.0,train,395,641,152
-88.17918871626415,40.093443219487604,3924.4844330626597,0.0,0.0,train,676,909,278
-88.19692533706775,40.13750597619691,3547.4903350882014,1.25,0.0,train,187,757,75
-88.28284498791355,40.104342300947394,3516.591415810215,9.0,0.0,train,556,25,220
-88.22422259277819,40.09142294899991,2121.7414134018263,77.0,0.08085454,train,699,525,270
-88.25880027623526,40.10532001297556,1507.0159533706797,50.74999999999999,0.0,train,545,230,204
-88.25914235472649,40.114326484232365,1505.5452169467371,21.5,0.0,train,445,227,164
-88.22702178660816,40.101152324908,1036.2286545664929,0.75,3.6824973,train,591,501,230
-88.25079706405944,40.12819043750562,2122.8525700051528,4.75,0.0,train,291,298,105
-88.18848278023101,40.079315347692024,4363.50187261604,0.0,0.0,train,833,830,336
-88.18417289701051,40.0664308619961,5753.971272236724,0.0,0.0,train,976,867,397
-88.19341355185978,40.133358930548425,3359.33826594659,0.0,0.10942468,train,233,787,95
-88.25699786001051,40.14386549724332,3940.409765496326,6.5,0.0,train,117,245,44
-88.25164303641921,40.10756675046055,847.9867516579977,3.5000000000000004,0.0,train,520,291,205
-88.21645021547315,40.1106887708665,252.7483043849246,0.75,13.8489485,train,485,591,191
-88.17913200400562,40.06660438857398,5973.964886912804,0.0,0.0,train,974,910,398
-88.22178802565448,40.1460884832006,3941.6067205186646,0.0,0.0,train,92,545,30
-88.18968118610903,40.12272702176012,2868.9009522964234,0.0,0.0,train,351,819,156
-88.22850523186816,40.12799228090038,1946.0502966770982,7.249999999999999,0.32655168,train,293,488,109
-88.20390612584308,40.10716299515929,1376.7643858766894,10.75,0.0,train,524,698,213
-88.26220293184095,40.10406127617385,1828.1949508558237,84.75,0.0,train,559,201,224
-88.27406845946035,40.08137213249216,4193.847370022432,0.0,0.0,train,811,100,322
-88.26540053566262,40.07299151221931,4578.022268343933,0.0,0.0,train,904,174,363
-88.17228397806248,40.0874896826435,4769.358151327601,1.5,0.0,train,742,968,299
-88.17697893988904,40.136670205082815,4631.1918935667145,3.5000000000000004,0.0,train,196,927,78
-88.23562474479336,40.15411649205244,4860.01612812487,5.5,0.0,train,3,427,8
-88.25296757237821,40.078387337358116,3648.8520310817944,16.0,0.0,train,844,280,325
-88.18143360612265,40.08588091075691,4246.727126607893,0.0,0.0,train,760,890,317
-88.24702118300131,40.14511935854064,3896.2971638739123,18.25,0.0,train,103,330,46
-88.27862038194105,40.107222385182396,3113.144518837177,0.0,0.8270365,train,524,61,201
-88.23286010281207,40.11862966214945,915.3477875244017,13.5,0.0,train,397,451,149
-88.2775829192111,40.0849763946512,4110.663426433735,22.25,0.0,train,771,70,301
-88.22255271519451,40.108803455860595,195.71303228457558,0.25,69.639534,train,506,539,210
-88.23139327853228,40.07963124358172,3416.532574692233,100.0,0.0,train,830,464,329
-88.27930139008943,40.13595259101532,4255.189852160237,95.5,0.0,train,205,55,81
-88.17130748286522,40.10369960498251,4172.844118295293,0.0,0.0,train,562,976,239
-88.1896311148669,40.146503352497774,4724.003607421204,0.0,0.0,train,87,819,36
-88.18321467104435,40.129113238495975,3706.3274466161747,14.249999999999998,0.0,train,280,874,117
-88.25718796306857,40.078660377290106,3726.1501528629506,6.0,0.44713226,train,841,244,324
-88.17558667147789,40.12982359694039,4301.443839173911,0.0,0.0,train,272,939,118
-88.18124818867595,40.11650195464558,3318.465272373601,2.0,0.048180092,train,420,891,177
-88.2542258490641,40.1054971042579,1142.7319148887173,16.5,0.0,train,543,269,205
-88.2391844330974,40.1262002100701,1768.2209442021833,6.0,0.0,train,313,397,127
-88.18364268520696,40.14793675658398,5144.051566547806,0.0,0.0,train,71,870,37
-88.17611386811052,40.10469691676216,3749.796276803817,44.0,0.796746,train,551,935,238
-88.23182118168106,40.1072808867356,346.46705732180493,3.5000000000000004,50.28784,train,523,460,209
-88.25574844392295,40.10738944806992,1187.5754279610833,45.5,0.0,train,522,256,205
-88.17465169497267,40.07776615769682,5280.021507869177,0.0,0.0,train,850,948,358
-88.27312897949436,40.08308284412704,3997.5256047659946,0.0,0.0,train,792,108,302
-88.2314242717482,40.13745141181052,3001.8148976320686,0.0,0.0,train,188,463,69
-88.22695639754407,40.14312130164652,3622.395475162772,0.0,0.0,train,125,501,50
-88.26031345961826,40.11612847712675,1669.0586227228166,0.0,0.0,train,425,217,164
-88.22127475208192,40.10132703287231,1028.140804288527,52.0,5.604128,train,589,550,231
-88.19221057245045,40.14767732947558,4722.70714821364,0.0,0.0,train,74,797,35
-88.20062758873557,40.10427728359041,1749.7443925238101,41.0,0.0,train,556,726,234
-88.17287089593721,40.08722030867734,4743.590447767145,43.75,0.0,train,745,963,299
-88.26796414296312,40.08920432122444,3197.8088843295986,0.0,0.0,train,724,152,283
-88.2105297721009,40.07636873804244,3877.996572598373,0.0,0.0,train,866,642,352
-88.17970800248382,40.12325459573505,3663.8629112596414,0.0,0.0,train,345,904,138
-88.18202565827688,40.08326986239136,4403.128950196055,1.5,0.0,train,789,885,317
-88.22414339706542,40.14095719545865,3376.6347053773006,0.0,0.0,train,149,525,50
-88.23305318177002,40.06702386189155,4812.717438908982,100.0,0.0,train,970,450,389
-88.18255228503857,40.11028935275075,3142.795724493796,0.0,0.0,train,489,880,197
-88.28035360640848,40.140906491377585,4703.812989802405,0.0,0.0,train,150,46,60
-88.25534635703886,40.15133953665311,4699.394306024904,0.5,0.18065274,train,34,259,5
-88.21593487246241,40.13752680735756,3002.027032847987,0.0,0.0,train,187,595,71
-88.17906839911399,40.094794000087,3862.9198590402193,96.25,0.0,train,661,910,278
-88.27414208711055,40.13171714803022,3613.971871948085,5.75,0.0,train,252,99,101
-88.27379315278893,40.12820454309099,3345.2123192150266,6.5,0.0,train,291,102,102
-88.25330231880199,40.09288769461801,2139.9328370864114,11.0,0.0,train,683,277,265
-88.25546876311175,40.14692658583001,4227.638843806373,0.0,0.0,train,83,258,25
-88.1847054083086,40.144966082562306,4826.291633714712,0.0,0.0,train,104,861,57
-88.18844631427484,40.09651730095843,3069.88263117255,1.0,0.0,train,642,830,256
-88.25479488643329,40.12062798550439,1571.2595620198956,1.7500000000000002,0.0,train,375,264,145
-88.25911424872129,40.14017433042559,3621.644833011335,0.0,0.062332224,train,158,227,64
-88.2403483413049,40.13304587761802,2530.4263991996227,94.5,0.0,train,237,387,87
-88.28461095967936,40.09497653828973,3983.599220996586,23.25,0.0,train,660,10,260
-88.18513318578644,40.11011255888838,2923.0974188007035,0.0,0.19049916,train,491,858,197
-88.28118351699206,40.12982922676592,3964.9995031395624,1.5,0.0,train,273,39,100
-88.21597034689061,40.11690259362811,756.6110599297805,0.0,11.649326,train,416,595,171
-88.28531666817841,40.09200476127708,4187.213045823361,2.25,0.0,train,693,4,260
-88.2842669752285,40.08407878942147,4606.432131394882,13.5,0.0,train,781,13,300
-88.25969943103357,40.14161569650284,3788.4004914877814,0.0,0.0,train,142,222,44
-88.27520222786391,40.12685432525818,3357.5603962140235,0.0,0.0,train,306,90,121
-88.27789703799085,40.13135875760224,3835.5747984638265,0.0,0.054044284,train,256,67,101
-88.19919008509585,40.11958624489953,1990.708564655005,0.0,0.0,train,386,738,154
-88.206060483345,40.08401926520705,3165.67500323243,2.75,0.0,train,781,680,313
-88.17514699682997,40.11703415655199,3840.296171835172,16.25,3.7603047,train,414,943,178
-88.28481254378922,40.14135875565566,5007.947806800765,0.75,0.0,train,145,8,40
-88.2760194918135,40.13162803018577,3729.2917563090414,12.25,0.08798877,train,253,83,101
-88.24218028247007,40.07918991863134,3444.8502406684115,15.75,0.0,train,835,372,327
-88.22019804092211,40.11411486575983,389.2530778340373,0.75,14.429037,train,447,559,171
-88.21828232091734,40.06755051401242,4783.351211775342,0.0,0.0,train,964,576,391
-88.20244839535107,40.13336949399579,2910.4300890921336,35.0,0.0,train,233,710,94
-88.18919746150233,40.12957114992697,3325.801188361352,21.5,0.0,train,275,823,116
-88.17516973813642,40.107217382255556,3790.952656671553,7.000000000000001,0.0,train,523,943,218
-88.20819850434687,40.133015601402235,2663.889525862955,4.25,0.0,train,237,661,93
-88.19902544856512,40.14363264738521,4056.384404057695,0.0,1.8177869,train,119,739,54
-88.19932507601506,40.11058016067099,1712.6315565873845,0.0,8.5213585,train,486,737,194
-88.28178519892775,40.10992571318488,3365.2674765587703,0.0,0.0,train,494,34,180
-88.23306720340453,40.137362783857455,2995.2196343431424,2.5,0.0,train,189,449,68
-88.23457283688786,40.15105349712283,4517.929652238082,0.0,0.0,train,37,436,8
-88.24186874943767,40.13673963526425,2943.4641458500487,0.0,0.0,train,196,374,67
-88.23588690072758,40.13493351424983,2731.130982205432,0.0,0.0,train,216,425,88
-88.18648358058209,40.13668264760146,4031.324555185435,3.25,0.0,train,196,846,76
-88.25843685633707,40.11585709154675,1510.5356038933346,14.75,0.0,train,428,233,164
-88.22959826261425,40.10358635173433,760.962711486413,0.0,14.005295,train,564,479,229
-88.1988020958234,40.078337098429735,3992.4327137402806,0.0,0.0,train,844,742,334
-88.21934639326015,40.13239667546022,2417.7320003665545,1.5,1.4409432,train,244,566,91
-88.26184268451676,40.11207662086459,1677.681603927599,0.75,0.023389228,train,470,204,184
-88.25479975629186,40.116395056977325,1266.4460098370823,0.25,0.0,train,422,264,165
-88.25472588313876,40.07865873280987,3660.18555173243,23.75,0.0,train,841,265,325
-88.17524240319834,40.12649082666879,4157.193317979198,0.0,0.0,train,309,942,138
-88.20857915836,40.117345180025424,1187.5804055830322,0.0,0.1327181,train,411,658,173
-88.26867298638588,40.083620820216616,3710.979172191529,3.0,0.0,train,786,146,302
-88.20871652131298,40.10635770764759,1027.5855332847384,0.0,0.0,train,533,657,213
-88.27600897312907,40.144146654643194,4737.375124305431,0.25,0.0,train,114,83,41
-88.18046183416848,40.15333631135765,5789.167766763151,0.0,0.0,train,11,897,17
-88.18497253434846,40.07606863816676,4831.703696813789,0.75,0.0,train,869,860,357
-88.25388896448185,40.092617910101765,2188.997569746131,11.5,0.0,train,686,272,265
-88.27027567242303,40.125680938221485,2937.76975055777,0.0,0.0,train,319,132,122
-88.26163559854476,40.085868251089195,3165.8099454622866,2.0,0.0,train,761,206,304
-88.21447607806806,40.099248815244806,1331.1424701891358,1.7500000000000002,0.44584224,train,612,608,252
-88.18565280393302,40.08678699489531,3910.389208724161,2.5,0.0,train,750,854,317
-88.25548109954896,40.1361191516421,3087.4736117512907,0.25,0.0,train,203,258,85
-88.26604788285466,40.12991148434176,2979.2615407190992,0.0,0.0,train,272,168,103
-88.2776593600789,40.13505119203918,4084.333459861944,27.250000000000004,0.0,train,215,69,81
-88.25742544696688,40.07595864245948,4015.9792371512603,0.0,0.0,train,871,242,344
-88.19478376701984,40.09418342414049,2782.394475205033,0.0,0.48816788,train,668,776,275
-88.18710020571432,40.12272379168497,3064.8572393164122,0.0,0.0,train,351,841,156
-88.26182834639249,40.12576609308067,2397.6590580530274,0.75,0.0,train,318,204,124
-88.22305170015582,40.090341086631156,2244.135829123085,25.0,1.9840767,train,711,535,290
-88.18929311582383,40.13983834748385,4137.006966723504,70.25,0.0,train,161,822,76
-88.1812329378581,40.12334667073496,3548.177310976874,0.0,0.0,train,344,891,137
-88.20218014241074,40.089778959152184,2741.3918345361385,4.0,0.7168768,train,717,713,294
-88.21492145333472,40.112938779670706,461.33589072117763,4.0,8.180828,train,460,604,192
-88.23670865280796,40.134664016444084,2702.840731839249,0.0,0.0,train,219,418,88
-88.25262818044365,40.06793978347704,4775.677289779819,0.5,0.0,train,960,283,385
-88.20559316293159,40.08311812183102,3273.3717351313153,1.7500000000000002,0.0,train,791,684,313
-88.26106522884507,40.07082737434408,4656.536896622605,0.0,0.0,train,928,211,364
-88.21593378751476,40.13815724067745,3071.7012526823264,0.0,0.0,train,180,595,71
-88.21819220020718,40.12104769211814,1162.270622596406,1.25,0.016144097,train,370,576,151
-88.24811305161279,40.11657045476138,861.6224196702321,3.25,0.5842306,train,420,321,166
-88.24165693653615,40.11971770772147,1053.5362013163315,0.0,0.28002125,train,385,376,147
-88.19712949225332,40.094006080625164,2648.387768373971,3.75,0.56055236,train,670,756,275
-88.28447171877646,40.12568779753784,3983.2778591678402,0.25,0.0,train,319,11,120
-88.27415575422646,40.115956252064834,2788.396592918378,0.5,0.0,train,427,99,161
-88.21594541017362,40.13140259438026,2326.2099498853554,43.5,0.0,train,255,595,111
-88.1786641798963,40.11793953044184,3567.610232299264,1.7500000000000002,0.0,train,404,913,178
-88.24901723796003,40.14431027138117,3828.6196628423186,22.5,0.0,train,112,313,46
-88.21889638947883,40.12086826540659,1138.5289504448388,22.25,0.3963217,train,372,570,151
-88.2350676068069,40.13349182793653,2569.4773302864483,9.75,0.0,train,232,432,88
-88.28553304766518,40.11794287946719,3783.0153478703514,0.0,0.0,train,405,2,160
-88.26516454476777,40.07452244597219,4416.236665772129,0.0,0.0,train,887,176,343
-88.18005079508598,40.07507153749646,5181.579791233847,0.0,0.0,train,880,902,358
-88.22481591949003,40.08701042803117,2610.3818174191233,30.5,0.0,train,748,520,290
-88.25045787890186,40.11765290513784,1078.9216026261092,0.0,0.0,train,408,301,166
-88.1916471588509,40.136418894027926,3715.629070351856,0.0,0.0,train,199,802,76
-88.1778474881082,40.06444115586602,6233.684657422697,0.0,0.0,train,998,921,398
-88.17260269906963,40.10153990760341,4116.508077291837,28.749999999999996,0.0,train,586,965,239
-88.24295261899631,40.115755981062826,617.6435509332662,0.0,5.6511817,train,429,365,167
-88.25008980646858,40.13089179746913,2389.6028486192,0.5,0.0,train,261,304,106
-88.25323428413299,40.15088778559677,4610.993080930281,23.25,0.0,train,39,277,5
-88.28046104086376,40.153695335704604,5820.4789645768515,0.0,0.0,train,8,45,0
-88.20159521739389,40.149849871295444,4612.793665077777,32.0,0.0,train,50,717,34
-88.28492490750916,40.14838363690046,5581.27467174618,0.0,0.0,train,67,7,20
-88.19098876714904,40.114532962907994,2461.8579214278907,0.0,0.0,train,442,808,176
-88.23194743044681,40.10124680366099,1016.026254478277,0.0,9.796357,train,590,459,229
-88.20526462047539,40.133282580476454,2790.2125844950115,3.75,0.0,train,234,686,93
-88.27389620069022,40.14459589941102,4671.093001087584,21.0,0.0,train,109,101,42
-88.21363509392624,40.11068589579721,492.6907049973756,16.25,1.2134731,train,485,615,192
-88.2617228348758,40.114508233333076,1721.9500914435055,13.0,0.0,train,443,205,164
-88.19706156815427,40.12804961317709,2715.6584615497336,0.0,0.038407978,train,292,756,115
-88.21016978353653,40.08096156782562,3386.3402666471166,0.0,0.0,train,815,645,332
-88.27239439607004,40.11793671173157,2703.887839732076,0.25,0.0,train,405,114,162
-88.21236190076608,40.10104787947096,1221.3023061264137,0.0,0.47918198,train,592,626,232
-88.24154495251405,40.115754874036774,613.4231272282905,0.25,2.4918232,train,429,377,167
-88.20852546468673,40.14670538192012,4112.560095024498,0.0,0.0,train,85,658,33
-88.2563748734325,40.07190511094226,4419.469388473843,31.75,0.0,train,916,251,365
-88.20652835850152,40.14778395513102,4269.894622816834,0.0,0.0,train,73,675,33
-88.1978027244705,40.109317514533494,1848.1142017821896,0.0,0.0,train,500,750,215
-88.24300657481884,40.07495760387335,3915.2055239476113,0.0,0.0,train,882,365,347
-88.2542173976072,40.11279216302766,1054.3866133089884,1.0,0.0,train,462,269,185
-88.21988742520472,40.089257277187336,2370.6609828013475,0.0,0.0,train,723,562,291
-88.26981359000963,40.11793532507371,2496.1512402509934,15.5,0.0,train,405,136,162
-88.27264934520538,40.09506095216331,3085.6584698657202,1.5,0.0,train,659,112,262
-88.19647223766192,40.07085913751496,4829.0825473341,0.0,0.0,train,927,762,375
-88.20337198298289,40.141295995468106,3670.066525005525,20.25,0.0,train,145,702,54
-88.23096044160279,40.133758456504864,2590.96401225295,0.0,0.0,train,229,467,89
-88.20551734255154,40.12364620425688,1869.3682475808218,19.25,0.0,train,341,684,133
-88.20117250994241,40.06510055384629,5288.4060998737,0.0,0.0,train,991,722,394
-88.22346613661848,40.1242950580106,1525.7230124556206,25.5,0.0184753,train,334,531,130
-88.18425567088013,40.13595930453131,4110.406330059009,21.25,73.995575,train,204,865,97
-88.24570910907688,40.07018633562195,4453.95122532142,0.0,0.0,train,935,342,366
-88.20324697592284,40.08374595123781,3287.186763376963,0.0,0.0,train,784,704,314
-88.17163694641029,40.113156626767484,4082.781457427293,0.0,0.0,train,457,973,199
-88.19577865072223,40.06599490705105,5349.392941248302,0.0,0.0,train,981,768,395
-88.27909583979496,40.099297097813,3362.224768984342,3.0,0.0,train,612,57,241
-88.24352113530753,40.12944589459472,2137.7665180954136,0.0,0.0,train,277,360,107
-88.1874228887202,40.136413648705926,3954.313218066544,0.5,0.098367,train,199,838,76
-88.25283367802025,40.09252711876371,2159.0949483356403,13.0,0.0,train,687,281,265
-88.26321048778648,40.150804194718916,4845.9469717473285,1.0,0.0,train,40,192,3
-88.2382113155707,40.15096648127133,4515.465126906159,0.0,0.0,train,38,405,8
-88.1778842306853,40.0998359263698,3737.8782867020354,16.5,0.0,train,605,920,258
-88.28527597724272,40.14982477370879,5722.80442220011,0.0,0.0,train,51,4,20
-88.27156230892439,40.13000461910189,3323.2943115641206,9.25,0.0,train,271,121,102
-88.1813580007175,40.067147708839656,5816.690185863798,0.0,0.0,train,968,891,397
-88.26897722404344,40.134056009222434,3488.9841615476016,0.0,0.0,train,226,143,82
-88.23076772736547,40.1058389577945,508.60667841215803,0.25,22.31076,train,539,469,209
-88.24222029314103,40.13710016073057,2984.181289561883,0.0,0.0,train,192,371,67
-88.21641168459452,40.06466661952047,5109.024161471244,0.0,0.0,train,996,592,391
-88.24390156248514,40.10774115691907,306.22459986230257,0.0,4.645772,train,518,357,207
-88.21176123266821,40.109062819214785,674.9835128283569,0.0,0.04802586,train,503,631,212
-88.26243750286329,40.10406141998619,1846.7539826637044,90.75,0.0,train,559,199,223
-88.26438851744554,40.14648193029382,4444.732249255788,0.0,0.0,train,88,182,23
-88.23131487492334,40.132137650680036,2411.746111213642,0.0,0.017379684,train,247,464,89
-88.1725762006798,40.11279768454883,4000.308135012828,0.0,0.0,train,461,965,199
-88.25542225158176,40.084873546966485,3027.6426419806453,17.5,0.0,train,772,259,305
-88.26185069826845,40.10442130974952,1785.5828460544042,67.25,0.0,train,555,204,224
-88.27359396288328,40.087676292859825,3657.4312881418045,14.249999999999998,0.0,train,741,104,282
-88.25290311053598,40.13314533967411,2701.3209218373304,0.0,0.0,train,236,280,85
-88.2093730693749,40.06772145023584,4839.766599078147,0.0,0.0,train,962,652,393
-88.23893147037016,40.13943914016314,3237.300955868195,0.25,0.0,train,166,399,67
-88.19962542601863,40.076987106801575,4098.149777078936,19.5,0.0,train,859,735,354
-88.27909505318821,40.10028778691267,3324.063092881715,22.5,0.0,train,601,57,241
-88.18459632785513,40.08732602020977,3937.5937882953854,17.5,0.05711691,train,744,863,297
-88.26346975930058,40.12684784200661,2581.2859405246286,5.25,0.0,train,306,190,123
-88.19340623939365,40.079681651063616,4089.0778659038474,0.0,0.0,train,829,788,335
-88.24347823921651,40.07288652005457,4145.9085307953865,0.0,0.0,train,905,361,367
-88.28403344714013,40.08272774623709,4687.276274735428,0.0,0.0,train,796,15,300
-88.26701924520192,40.09622868144853,2617.031077931491,22.75,0.0,train,646,160,243
-88.17480553090935,40.112530570036924,3808.8583487356573,9.75,2.8096583,train,464,946,198
-88.24104199696838,40.14070170991964,3381.6333432524675,0.0,0.0,train,152,381,67
-88.28251396490458,40.07633261692245,5089.703102366552,0.0,0.0,train,867,28,340
-88.25571034937649,40.14089259512528,3592.560334543732,0.0,0.0,train,150,256,65
-88.27310071562428,40.11514514631325,2681.101838600335,3.25,0.0,train,436,108,162
-88.19592782798625,40.10841468048543,2017.231173119563,8.5,0.0,train,510,766,215
-88.19704483893592,40.13642537214826,3441.4938238677,0.0,0.0,train,199,756,75
-88.2754713015904,40.086236239751315,3883.603137374016,4.75,0.0,train,757,88,301
-88.2533008418848,40.09414857235735,2014.9351150315913,2.0,0.0,train,669,277,265
-88.19925891584855,40.14426335161166,4111.414782181953,0.0,0.2721063,train,112,737,54
-88.23898663008698,40.09954156068492,1191.391081621268,85.0,7.9721413,train,609,399,247
-88.26386031713608,40.088931744174175,2993.3108075876917,10.0,4.445012,train,727,187,283
-88.28157367456254,40.07948440635478,4780.229191158955,0.0,0.0,train,832,36,320
-88.25361333159859,40.12783216141645,2180.3968447872107,0.0,0.5255483,train,295,274,105
-88.19718421450891,40.06653694634075,5249.21911292993,0.0,0.0,train,975,756,395
-88.1855585255468,40.07615945013872,4793.438454794749,10.5,0.0,train,868,855,357
-88.24501016531602,40.06676340495319,4830.06549504946,0.0,0.0,train,973,348,386
-88.18103487052406,40.106955055174694,3297.2607051873556,57.75,0.0,train,526,893,217
-88.28519819781904,40.093715905089795,4089.7702280631966,0.0,0.0,train,674,5,260
-88.21377935066526,40.095285339802835,1769.3651349631032,76.0,1.853945,train,656,614,272
-88.26327715853421,40.08586925546972,3240.7679753160933,6.5,0.0,train,761,192,303
-88.25227992562057,40.065057518292065,5085.525718230896,7.75,0.0,train,992,286,385
-88.18191386781596,40.13370471412579,4097.087616154372,0.0,0.0,train,229,885,97
-88.28345929219424,40.066155894609736,6020.3721015989395,0.0,0.0,train,980,20,380
-88.23070076951453,40.07233552652332,4227.751328790298,0.0,0.0,train,911,470,369
-88.28369399472267,40.065795742578835,6064.541959030954,0.0,0.0,train,984,18,380
-88.24044016693497,40.15177884747312,4610.055261432749,0.0,0.0,train,29,386,7
-88.20369972212737,40.154085152512415,5008.281672707793,0.0,0.0,train,3,699,13
-88.26052905187461,40.133960944187216,3059.817159471284,43.0,0.0,train,227,215,84
-88.24324318195598,40.073336652915714,4095.506349078089,0.0,0.0,train,900,363,367
-88.2601658362546,40.1444079141017,4090.1464687168786,0.0,0.0,train,111,218,44
-88.19584969243778,40.08896105356102,3133.939716249376,16.0,0.0,train,726,767,295
-88.1938410876283,40.15380351057945,5266.739025997399,0.0,0.0,train,6,783,15
-88.27957671252256,40.08434689662668,4283.194838017243,1.5,0.0,train,778,53,301
-88.26544492272926,40.14630243054004,4465.697393435989,0.0,0.0,train,90,173,23
-88.23612311759402,40.13385296728648,2611.652381512607,4.5,0.0,train,228,423,88
-88.22246086083531,40.09313246888024,1935.4422799022223,74.25,0.6157554,train,680,540,270
-88.21436570206657,40.0952859434968,1756.3854860271692,95.25,1.334852,train,656,609,272
-88.23928189481235,40.14061023178026,3367.9915269782464,22.25,0.0,train,153,396,67
-88.21322330008587,40.144728987329664,3823.6167488495144,0.0,0.0,train,107,618,52
-88.27203332839403,40.12811356274434,3219.878198589725,0.25,0.0,train,292,117,102
-88.1937290884519,40.093821906929094,2876.747117769668,9.5,0.023554888,train,672,785,275
-88.22783245505909,40.10781769750751,294.74624830356953,0.5,36.560596,train,517,494,209
-88.20405525146967,40.15228431370958,4807.570621640446,0.0,0.0,train,23,696,13
-88.17538119495062,40.11721460089581,3824.4579626513905,1.25,8.985773,train,412,941,178
-88.23688135411965,40.09548700530361,1645.6319411548993,2.25,3.638117,train,654,417,268
-88.23438748838205,40.11700985422171,738.5597323420877,0.0,1.2424544,train,415,438,168
-88.27696633835262,40.12172164640796,3218.48263897852,4.25,0.0,train,363,75,141
-88.19019501954307,40.101472920808995,2690.3334328905034,13.750000000000002,0.87877935,train,587,815,236
-88.21440159699932,40.07466158005503,4015.642410073957,49.0,0.0,train,885,609,352
-88.21192020635596,40.15157233258525,4591.521982950279,0.0,0.0,train,31,629,12
-88.28380253860482,40.07777418357354,5048.916234214535,0.0,0.0,train,851,17,340
-88.16882888908529,40.110180612063715,4312.837195910409,74.25,0.0,train,490,997,199
-88.24849249957433,40.09441533867187,1831.693972797495,12.0,0.0,train,666,318,266
-88.26074532510687,40.151252985029345,4819.811569779901,10.0,0.0,train,35,213,4
-88.21969779546546,40.13275726937574,2457.882964668455,0.0,0.8166021,train,240,563,91
-88.24556031411882,40.09477340494732,1736.7422653137914,0.0,2.1725354,train,662,343,266
-88.26016554639364,40.14467809984427,4117.998185747203,0.0,0.0,train,108,218,44
-88.18846958484762,40.14082800227385,4266.742970405188,0.25,0.0,train,150,829,76
-88.28070488867009,40.14189733388819,4804.446058865133,0.0,0.0,train,139,43,40
-88.26618718618589,40.107576095043164,2056.3312399163888,24.0,0.0,train,520,167,203
-88.23175972810438,40.06972462963329,4515.478844691032,0.0,0.0,train,940,461,369
-88.25179118318579,40.08171884547652,3265.614548879868,9.25,0.0,train,807,290,325
-88.18325309116997,40.11164119982138,3084.8773931062265,0.0,0.0,train,474,874,197
-88.2727678926918,40.093620010012216,3183.9961821075212,20.25,0.0,train,675,111,262
-88.24977639939108,40.099369721218494,1361.955311028329,34.0,1.1881982,train,611,307,246
-88.25186837913297,40.11531228318519,991.8659838524401,0.5,0.25788945,train,434,289,165
-88.26494007430716,40.06452530437575,5427.682624319599,0.0,0.0,train,998,178,383
-88.25833003759578,40.10631039779658,1432.6653983751328,0.0,0.0,train,534,234,204
-88.23293820746228,40.06549268817363,4982.910230802371,0.0,0.0,train,987,451,389
-88.27475225202366,40.10433849070786,2841.565525831265,2.25,0.0,train,556,94,221
-88.20020214591119,40.14201289063625,3850.9408483827015,16.25,0.0,train,137,729,54
-88.26087360132539,40.14098600296815,3765.098972056206,23.25,0.0,train,149,212,44
-88.19597335615283,40.14407937709162,4218.0676995525055,0.0,0.0,train,114,765,55
-88.26428337681043,40.13441355422167,3275.080939389613,6.0,0.0,train,222,183,83
-88.2479537171214,40.15016351750226,4461.630805882188,0.0,0.0,train,47,322,6
-88.18928798070172,40.14227001492173,4352.18349227616,0.0,0.0,train,134,822,56
-88.18643041236258,40.106871961484984,2842.6842768501756,0.0,0.0,train,527,847,216
-88.253258393511,40.13035365853447,2422.8964279611755,0.75,0.0,train,267,277,105
-88.18603756441391,40.071476782161376,5195.459750880301,0.0,0.0,train,920,851,377
-88.17352008257778,40.11045736730775,3912.6492904745155,8.5,1.2779577,train,487,957,199
-88.17776787479602,40.150901054532675,5709.667131135519,0.0,0.0,train,38,920,18
-88.18725799224435,40.10381088148552,2843.9284278853374,1.0,0.0,train,561,840,236
-88.23781511263283,40.09863997379094,1293.791402365138,99.5,29.498854,train,619,409,248
-88.2431847326499,40.11764747242195,828.5912780007867,0.0,1.2233764,train,408,363,167
-88.20770577926169,40.145713814396586,4022.1409743113463,0.0,0.0,train,96,665,33
-88.18159690551556,40.11794340978097,3324.759802320462,0.0,0.0,train,404,888,177
-88.18905568725621,40.085620466088514,3795.6828614659858,0.0,0.0,train,763,825,316
-88.22107674129805,40.07908132817311,3497.8975031662562,99.75,0.0,train,836,552,331
-88.23480774716238,40.069637198756546,4519.158292951451,0.0,0.0,train,941,435,368
-88.27007073775063,40.09361856839069,2999.4985422493664,2.0,0.0,train,675,134,262
-88.1786335615198,40.1314488257123,4175.049039134187,0.0,0.0,train,254,913,118
-88.28329314233011,40.13298233405519,4311.865018018182,97.5,0.30640364,train,238,21,80
-88.22031221266182,40.11600628799618,599.4340596822052,0.0,19.310102,train,426,558,171
-88.25856639107253,40.10468942409936,1515.4102099071813,58.75,0.0,train,552,232,224
-88.21679518852888,40.114741928830504,509.0004077233148,1.0,3.4740665,train,440,588,171
-88.27031482478782,40.08326147328545,3828.5214264089664,1.5,0.0,train,790,132,302
-88.1856512469528,40.08750749556115,3856.7837189663046,32.5,0.0,train,742,854,297
-88.1853378921815,40.06976469178333,5387.4743630784415,0.0,0.0,train,939,857,377
-88.220051743381,40.13158680818147,2328.437306054067,87.0,6.1810207,train,253,560,111
-88.23591120287546,40.11791176979833,841.6890068431547,0.0,4.642187,train,405,425,168
-88.23555824324829,40.1186319713671,920.9364329955154,29.25,3.736247,train,397,428,148
-88.1811599870287,40.10344278029546,3357.4463081969716,7.000000000000001,0.0,train,565,892,237
-88.17386734369613,40.11243921970348,3888.1831384092525,0.0,1.1482203,train,465,954,199
-88.20303925450078,40.06969588895676,4753.901833387776,0.0,0.0,train,940,706,374
-88.20511444454537,40.15075444009359,4619.722229612517,0.0,0.0,train,40,687,13
-88.17385535271708,40.11757275934177,3959.7576904965103,9.5,0.94222623,train,408,954,179
-88.20509628051137,40.097977933379276,1860.4257042728884,7.000000000000001,0.0,train,626,688,253
-88.23931193018782,40.11881520416722,948.7060347153968,1.5,1.1033022,train,395,396,147
-88.19658766487164,40.07175990467313,4733.754510098555,0.0,0.0,train,917,761,375
-88.22822521185833,40.08124954578053,3243.1463037097947,38.0,0.0,train,812,491,329
-88.27312509193132,40.08749592437632,3642.2231339764066,13.0,0.0,train,743,108,282
-88.22681559025074,40.08295945398573,3056.1182164532065,32.25,0.0,train,793,503,310
-88.18153640866453,40.14514209570634,5011.33918080368,0.0,0.0,train,102,888,57
-88.21872947545651,40.08052003731731,3342.8044350612686,39.25,0.0,train,820,572,331
-88.23306309961272,40.14015470399147,3305.128106492574,0.0,0.0,train,158,449,68
-88.23119605826443,40.133128229591506,2521.470649003492,0.0,0.0,train,236,465,89
-88.18261907830465,40.133165261394964,4012.7401684768124,0.0,0.0,train,235,879,97
-88.2718169379774,40.10784940952854,2528.990500200423,14.249999999999998,0.0,train,517,119,202
-88.2256619651555,40.14537165446528,3869.6488319372843,0.0,0.0,train,100,512,50
-88.1998437234487,40.08527314853263,3272.086588369762,6.0,0.0,train,767,733,314
-88.22772059508908,40.104305155657926,684.8740849481009,36.25,10.362329,train,556,495,229
-88.24260704537,40.11098240078118,88.79952059886385,0.0,74.6185,train,482,368,187
-88.25231129942163,40.13746790873508,3143.708119966358,0.25,0.10756553,train,188,285,65
-88.2049813746162,40.096716928521474,1974.3282003301088,0.0,0.0,train,640,689,253
-88.27595045317915,40.07416803829424,4924.153983779707,0.0,0.0,train,891,84,341
-88.18284124893192,40.085612559459925,4175.679135298287,79.0,0.0,train,763,878,317
-88.224958593625,40.07097935074494,4389.613285820108,0.0,0.0,train,926,519,370
-88.24393456600522,40.08252361530374,3077.78395840701,0.0,0.040767055,train,798,357,307
-88.25274126447775,40.07145232464921,4394.864879899463,20.25,0.0,train,921,282,365
-88.22565243713738,40.15140579294728,4539.4510136795125,0.0,0.0,train,33,512,10
-88.24292661424028,40.13538953442676,2795.6952947910427,0.0,0.0,train,211,365,87
-88.22828444146626,40.11898585181536,945.859578636751,1.5,0.7770553,train,393,490,149
-88.20899765436032,40.080780189823834,3430.4397953197963,12.0,0.0,train,817,655,333
-88.22449283283821,40.06899752541211,4610.5202689140615,0.75,0.0,train,948,523,370
-88.19548065314098,40.09751657556917,2506.276926237356,8.25,1.6193812,train,631,770,255
-88.24561383718272,40.14439780529258,3805.8746035948857,0.0,0.1665719,train,111,342,46
-88.27499313189492,40.096953473794656,3151.475779689386,6.75,0.0,train,638,92,241
-88.2231419440079,40.107092829856754,384.44201164117226,3.5000000000000004,15.296505,train,525,534,210
-88.19287247422591,40.11120295255719,2263.643564401423,65.0,0.0,train,479,792,195
-88.24306539931916,40.11917843987257,997.3082029698328,0.0,1.6202415,train,391,364,147
-88.19880900747668,40.07482464926661,4345.778311103314,0.0,0.0,train,883,742,354
-88.26902855058256,40.07956818494309,4094.9734826691474,12.75,0.0,train,831,143,322
-88.23268640453988,40.07729073641394,3673.782978955405,91.0,0.0,train,856,453,349
-88.21473361462175,40.08600985287583,2761.7760949152207,0.0,0.12510037,train,759,606,312
-88.17001354329598,40.15431272583672,6423.367158381119,0.0,0.0,train,0,986,19
-88.24296620764953,40.105488866932376,527.7011560812667,0.0,26.80613,train,543,365,207
-88.27336379463466,40.08272271416073,4040.84148314378,0.0,0.0,train,796,106,302
-88.22785957478536,40.09025550129777,2244.1705085980147,0.0,0.0,train,712,494,289
-88.21302559857611,40.123744309409425,1555.450349149798,39.0,0.0,train,340,620,132
-88.28105155543552,40.148922324410115,5419.611716029933,0.0,0.0,train,61,40,20
-88.18837271419085,40.13119123939738,3495.3118254411406,0.0,0.0,train,257,830,116
-88.20354364110946,40.112746463773576,1373.3622552035722,16.25,5.38428,train,462,701,194
-88.23866960935976,40.07441376284464,3981.2962847226304,48.75,0.0,train,888,402,348
-88.23234878659336,40.06774375538184,4734.198966513606,100.0,0.0,train,962,456,389
-88.24945828534705,40.07190030986206,4297.628019995125,0.0,0.4418267,train,916,310,366
-88.17863602216279,40.07858211343024,4974.668852307779,0.0,0.0,train,841,914,338
-88.1927579579078,40.10985187654885,2274.118646148071,0.0,0.0,train,494,793,195
-88.25824304131413,40.07875112898626,3748.3348737948345,6.5,0.82006884,train,840,235,324
-88.26090094631951,40.11522822176467,1679.5026090857316,21.0,0.0,train,435,212,164
-88.22399656752587,40.08610902893926,2712.0531844058664,9.0,0.0,train,758,527,310
-88.25413539555232,40.082350912473125,3253.935894977636,12.0,0.0,train,800,270,325
-88.24524182400233,40.06892509730504,4591.364019406049,8.0,0.0,train,949,346,366
-88.19690089083866,40.09103374068028,2900.9068922814877,13.750000000000002,0.0,train,703,758,295
-88.26721638247878,40.13486557652853,3463.699906196936,51.5,0.0,train,217,158,83
-88.28497532532647,40.07723430089906,5161.855360850624,0.0,0.0,train,857,7,340
-88.27649894955192,40.11946985914683,3090.102343009664,2.75,0.0,train,388,79,141
-88.18504795996785,40.095342185362384,3385.866927646399,77.0,0.0,train,655,859,277
-88.20644534514534,40.12932114529216,2352.181403422919,100.0,0.0,train,278,676,113
-88.21837683179788,40.08106006561988,3283.5762422650014,14.000000000000002,0.0,train,814,575,331
-88.27989620358271,40.12559571448289,3630.458748790321,18.25,0.0,train,320,50,121
-88.24456127789432,40.1416050814013,3490.637894606435,0.0,0.0,train,142,351,47
-88.1836324038597,40.152619959275334,5571.831504268037,0.0,0.0,train,19,870,17
-88.20755175616202,40.10194338219229,1396.9187808706597,0.0,0.0,train,582,667,233
-88.23529684339039,40.137274630761496,2989.839293982856,95.75,0.0,train,190,430,68
-88.19205847224924,40.10777958802377,2353.439007278438,0.0,0.0,train,517,799,215
-88.25400957606556,40.08973598298765,2482.9409182102236,2.75,0.0,train,718,271,285
-88.25941273505433,40.08127364474277,3528.7864398327424,17.75,0.0,train,812,225,324
-88.27918090411403,40.13991526643435,4555.194740513243,0.0,0.0,train,161,56,61
-88.18137030648307,40.11434061763322,3269.4263241980625,0.0,2.4762607,train,444,890,177
-88.21544568478114,40.08105711985964,3300.104235512528,0.0,0.0,train,814,600,332
-88.25691067164617,40.116936843528535,1451.0474794773895,4.75,0.15189973,train,416,246,164
-88.23227968315558,40.114486286766216,454.2686801161605,9.5,42.044636,train,443,456,169
-88.17906888115488,40.14648976354822,5261.648427846414,22.75,0.0,train,87,909,38
-88.26159493148515,40.12459513912166,2291.488192140868,1.7500000000000002,0.0,train,331,206,124
-88.22431729397283,40.105562878609895,551.961973091812,2.75,23.666561,train,542,524,210
-88.26452740655138,40.12513729214089,2516.1446015897973,0.0,0.0,train,325,181,123
-88.179090267243,40.13703328462347,4518.098049130895,0.0,0.0,train,192,909,78
-88.21118297882015,40.104469021192784,979.37764250201,3.0,0.0,train,554,636,232
-88.21297368894486,40.086638477702,2719.0216060401613,0.0,0.0,train,752,621,312
-88.19845755904113,40.13408541177085,3158.8017713499685,0.0,0.15013279,train,225,744,94
-88.18354832298337,40.083992344282905,4253.892056630205,4.0,0.0,train,781,872,317
-88.19538294253246,40.1458799139837,4418.25195651481,0.0,0.0,train,94,770,35
-88.19571920196793,40.15371569601955,5193.557907602386,0.0,0.0,train,7,767,15
-88.20093894474363,40.064649971230736,5342.084913431678,0.0,0.0,train,996,724,394
-88.28132102388446,40.1033509378655,3411.913308613198,0.25,0.0,train,567,38,220
-88.22441260260122,40.119342524714206,977.8292772632813,24.5,1.4254016,train,389,523,150
-88.16892967438235,40.068301559521316,6373.081701874269,0.0,0.0,train,955,997,399
-88.1863158366467,40.10561094063328,2876.1505418441975,23.75,0.0,train,541,848,216
-88.25371993976694,40.13701857526886,3130.8950005825086,0.0,0.18373187,train,193,273,65
-88.22678301105834,40.10385398401161,736.8031990772336,82.75,6.803382,train,561,503,230
-88.25473251016426,40.07289470237969,4276.999563350183,0.0,0.0,train,905,265,365
-88.27230678533655,40.08470354656071,3816.3679414852563,11.75,0.0,train,774,115,302
-88.25924968891627,40.123512915144055,2065.051937406378,0.75,0.0,train,343,226,124
-88.26480155462258,40.08578010444054,3322.3178868152795,4.0,0.0,train,762,179,303
-88.2654909518357,40.10001042987692,2277.8897827874866,27.250000000000004,0.0,train,604,173,243
-88.26078689535301,40.11216602685993,1589.7180508623758,11.5,0.68129957,train,469,213,184
-88.26649920413797,40.1482844063758,4702.844780554293,0.0,0.0,train,68,164,23
-88.20799774338282,40.1145526179986,1066.5914267937783,0.0,0.0,train,442,663,173
-88.25485728752619,40.066320177606535,4989.815751806776,2.75,0.0,train,978,264,385
-88.22946125197727,40.11655522895851,678.369142299164,0.0,14.761396,train,420,480,169
-88.28437170785105,40.10155101480376,3712.6439412322666,0.0,0.0,train,587,12,220
-88.2052706028532,40.06753686177696,4933.6165789237275,0.0,0.0,train,964,687,393
-88.28286508045613,40.0771433377697,5043.997985551093,0.0,0.0,train,858,25,340
-88.18784806112579,40.10210043499386,2852.74048611032,12.5,1.3837261,train,580,835,236
-88.18554197542302,40.08381477916974,4147.492518216339,0.0,0.0,train,783,855,317
-88.22510704779424,40.12528728797887,1639.0923190310323,14.000000000000002,0.0,train,323,517,130
-88.21461541407521,40.15400679646374,4834.5257061345565,0.0,0.0,train,4,606,12
-88.27859503550305,40.13883424625199,4434.11171482922,32.25,0.0,train,173,61,61
-88.22818807455265,40.10538633193411,563.9375767410244,1.5,54.046978,train,544,491,209
-88.20431316235006,40.14003617976184,3510.4419849831734,0.0,0.0,train,159,694,73
-88.26539981980308,40.0737120164976,4505.898025419558,0.0,0.0,train,896,174,343
-88.19065962776375,40.10363499629173,2571.340943831192,19.75,0.042224064,train,563,811,236
-88.17393691471624,40.082628574698056,4969.797958203224,0.0,0.0,train,796,954,319
-88.18263692254052,40.07192272394346,5319.746282551479,0.0,0.0,train,915,880,377
-88.20115545093944,40.07392671980177,4361.7875915844525,3.5000000000000004,0.0,train,893,722,354
-88.17365585776484,40.152696693590244,6085.534653042824,0.0,0.0,train,18,955,19
-88.24429569635222,40.07531885402896,3878.333156858148,24.0,0.0,train,878,354,347
-88.24654556965018,40.14998234691912,4430.250692860759,0.0,0.0,train,49,334,6
-88.26452195792265,40.13054102313811,2945.70909991286,1.0,0.0,train,265,181,103
-88.24162655953454,40.14232329059478,3562.7951209773273,0.0,0.105060376,train,134,376,47
-88.19705963555246,40.0702293882633,4873.283591572576,0.0,0.0,train,934,757,375
-88.17523352107467,40.07965827525535,5100.314790050145,0.0,0.0,train,829,943,338
-88.26874306146587,40.1335155059839,3430.537150485378,0.0,0.039669458,train,232,145,82
-88.258205317086,40.11306500583215,1391.2589453895937,2.25,0.0,train,459,235,184
-88.21620326194785,40.11789351557991,852.4997473654093,0.0,3.1076822,train,405,593,171
-88.28070002352392,40.14820166981463,5337.973097091988,0.0,0.0,train,69,43,20
-88.21719167088298,40.08853410316376,2459.8235089780464,53.0,0.0,train,731,585,291
-88.25178183405967,40.08955431040095,2431.9447212869613,5.0,0.0,train,720,290,285
-88.17598703698954,40.10883962039203,3707.6187564067086,31.5,1.6460989,train,505,936,218
-88.27885726278967,40.104340494101216,3183.167571022424,0.75,0.0,train,556,59,221
-88.24958014869264,40.06811774641193,4715.10927059835,0.0,0.7869597,train,958,309,386
-88.19705532776246,40.07239089725709,4653.493702308169,0.0,0.0,train,910,757,375
-88.16859647057498,40.109279657060725,4334.965255521159,9.25,0.0,train,500,999,219
-88.25567323041498,40.07037356971138,4568.089020630206,0.0,0.0,train,933,257,365
-88.2267267109237,40.064766633454894,5075.764793754094,0.0,0.0,train,995,504,390
-88.22987102157022,40.07836901226087,3559.6500391480085,100.0,0.0,train,844,477,329
-88.19395921446406,40.09598368923329,2711.471823753411,4.75,7.798534,train,648,783,255
-88.25754967205398,40.06965430727429,4687.28451532141,0.75,0.0,train,941,241,364
-88.20085220180681,40.10941110517455,1588.147690451456,6.25,0.0,train,499,724,194
-88.21238773054415,40.086457741687866,2749.1330045334503,0.0,0.0,train,754,626,312
-88.23182144942714,40.10710076187801,366.46115229912346,4.5,56.444576,train,525,460,209
-88.23848937823179,40.11980521946284,1056.9726649910663,37.75,0.7039205,train,384,403,148
-88.17392935310478,40.08587082753993,4753.404859220151,56.75,0.0,train,760,954,319
-88.27578596534899,40.1302769814988,3619.8009473208663,0.5,0.0,train,268,85,101
-88.25189845066443,40.090094769395,2378.818765478039,17.25,0.0,train,714,289,285
-88.17201738291202,40.150713062672466,6011.111958487966,0.0,0.0,train,40,969,19
-88.28530051997559,40.114970723389895,3702.523664099031,0.0,0.085433155,train,438,4,160
-88.18117349014656,40.15000496126443,5453.817672390674,0.0,0.0,train,48,891,17
-88.2442308719076,40.125033393109824,1653.4442147907193,1.0,0.0,train,326,354,127
-88.17233785676349,40.06461375693436,6497.2845005251875,0.0,0.0,train,996,968,399
-88.23145251190559,40.11853837013779,902.4349250072376,0.75,0.0,train,398,463,149
-88.18730014974666,40.138935231252226,4168.389946580637,0.0,0.0,train,171,839,76
-88.26082485049567,40.07641113520381,4071.8003514618304,5.5,0.0,train,866,213,344
-88.20667960974933,40.066277526452595,5042.080599867539,0.0,0.0,train,978,675,393
-88.23972040439914,40.07756682298295,3629.212761347255,0.0,0.025004338,train,853,393,347
-88.17142200167189,40.15431470380166,6345.503481888461,0.0,0.0,train,0,974,19
-88.19613211733942,40.065094694432176,5431.022088219484,0.0,0.0,train,991,765,395
-88.22564902341634,40.15356727385374,4779.380153407974,1.25,0.0,train,9,512,10
-88.17327391035839,40.06533555925467,6384.944946001365,0.0,0.0,train,988,960,399
-88.21152391369502,40.11059363228089,672.6338814390173,3.25,1.8000362,train,486,633,192
-88.20805321749134,40.14823592436397,4287.200640648402,0.0,0.0,train,68,662,33
-88.27333777816328,40.11235333310449,2655.5221143387794,3.0,0.0,train,467,106,182
-88.25632311761805,40.117837078321216,1463.7508189092093,2.0,0.7508926,train,406,251,165
-88.23955051103047,40.1159334010926,629.2864842487489,0.0,3.4911742,train,427,394,167
-88.25775435403204,40.09658325775746,2006.022982661912,13.0,0.0,train,642,239,244
-88.27149587785135,40.07380549388081,4747.231983389898,0.0,0.0,train,895,122,342
-88.23656691235723,40.151865737377115,4612.033817593231,0.0,0.0,train,28,419,8
-88.24513017445285,40.06460197959849,5070.270905529791,6.25,0.0,train,997,347,386
-88.25358522343113,40.15187870834461,4724.796554551072,3.75,0.0,train,28,274,5
-88.23404800756377,40.10845362992915,211.88873284043598,0.0,91.21026,train,510,441,208
-88.22908085661128,40.13519777363729,2747.0290187007486,4.25,0.0,train,213,483,89
-88.2446941921149,40.12962692277005,2164.918113496206,7.249999999999999,0.0,train,275,350,107
-88.17169961171074,40.08667830334099,4860.128463153702,8.5,0.0,train,751,973,319
-88.26291045214009,40.10036914041035,2068.5642339305027,60.75000000000001,0.0,train,600,195,243
-88.21883087832457,40.08997674015623,2292.871464163168,26.5,0.09578796,train,715,571,291
-88.24278510377714,40.06514054978722,5004.940954545484,1.7500000000000002,0.0,train,991,367,387
-88.25864771803354,40.13756223065205,3340.4488809637755,0.0,0.7571328,train,187,231,64
-88.18740304383496,40.145690008905376,4754.473472476188,0.0,0.0,train,96,838,36
-88.20732134651591,40.09969156595028,1592.4578479631496,2.25,0.0,train,607,669,253
-88.28380951897546,40.06813743500998,5860.952617067348,0.0,0.0,train,958,17,380
-88.21889503052954,40.12167882494333,1228.4704610104654,0.25,0.76868796,train,363,570,151
-88.18167410959846,40.08317933979457,4431.788323446334,12.0,0.0,train,790,888,317
-88.28026196570988,40.10785358689161,3245.907999233141,7.249999999999999,0.0,train,517,47,200
-88.22202450482601,40.14500796743271,3822.128119825699,0.0,0.0,train,104,543,50
-88.25782272754584,40.14080392974963,3644.6011529286834,0.0,0.0,train,151,238,64
-88.27238120621537,40.13270691853128,3578.492215081327,18.5,0.0,train,241,114,82
-88.25924626714414,40.12666509269782,2327.9963338786747,24.25,0.0,train,308,226,124
-88.26968317893439,40.13198496974367,3359.425133062444,0.0,0.47656238,train,249,137,82
-88.26727520686683,40.07407335335064,4542.549893142509,0.0,0.0,train,892,158,343
-88.27390491077769,40.134599015592364,3818.5737784137787,14.000000000000002,0.0,train,220,101,82
-88.20326805405104,40.07266822808142,4433.382412501118,0.0,0.0,train,907,704,374
-88.21801156993146,40.089075299254795,2395.41043587297,100.0,0.0,train,725,578,291
-88.2470426022442,40.12818770094733,2035.8897631221494,0.0,0.0,train,291,330,106
-88.2747409700503,40.11748761063018,2879.9351012790826,0.0,0.0,train,410,94,161
-88.17492972542931,40.10955867906981,3794.291388858912,0.0,60.968193,train,497,945,198
-88.16889848600685,40.08127058892354,5401.484464473682,0.0,0.0,train,811,997,339
-88.18285730959475,40.078317484602564,4752.20714171825,2.5,0.0,train,844,878,337
-88.26697986608762,40.13675674564237,3620.1505496124446,3.0,0.0,train,196,160,63
-88.27870141569699,40.15252371487317,5629.0586993890165,0.0,0.0,train,21,60,1
-88.27169175968534,40.11658540383812,2602.4496836831536,0.0,0.0,train,420,120,162
-88.2760466283256,40.09929562990921,3121.203289314601,1.25,0.0,train,612,83,241
-88.2435319199372,40.12125023654643,1229.6805997235585,0.0,0.39983746,train,368,360,147
-88.19407795444495,40.09526333040315,2752.2154637259996,0.0,13.943774,train,656,782,275
-88.23433114828572,40.07495051485087,3930.304429461593,68.25,0.0,train,882,439,348
-88.24397004397342,40.14502698221766,3867.904151412636,0.0,0.19516206,train,104,356,47
-88.20467059438995,40.07492137052415,4158.583134637558,10.75,0.0,train,882,692,353
-88.27391973145022,40.11757725466065,2815.6735604131172,10.75,0.0,train,409,101,162
-88.19788646965634,40.06707814842355,5171.664466840124,0.0,0.0,train,969,750,395
-88.28040158951084,40.07903356174273,4747.162883817463,0.0,0.0,train,837,46,320
-88.16892232916535,40.1200876068459,4430.735755047128,3.75,0.0,train,380,996,159
-88.20320032265005,40.10824295459839,1407.2850163841074,0.0,0.8923879,train,512,704,214
-88.22585875969291,40.09493692630249,1728.454777143033,53.75,0.22063799,train,660,511,270
-88.20255863639045,40.07581963597283,4122.900268103607,15.25,0.0,train,872,710,354
-88.24428361271269,40.084595331309075,2849.60402041733,0.0,0.0,train,775,354,307
-88.18412119223677,40.143794526063715,4755.538244068498,0.0,0.0,train,117,866,57
-88.20046947227027,40.125261643998925,2291.3058494575266,0.0,1.5055643,train,323,727,134
-88.23451809169262,40.10782359420082,280.8961269185227,0.0,121.74058,train,517,437,208
-88.19787945695012,40.129761754249216,2808.1613715948733,16.25,1.9085057,train,273,749,114
-88.26357990322268,40.13387275981125,3191.5705902556697,0.0,0.0,train,228,189,83
-88.20124800999905,40.147327743025095,4359.7699573073705,0.0,0.0,train,78,720,34
-88.16872874322756,40.103065531075615,4402.022600931835,0.0,0.0,train,569,998,239
-88.22696072667856,40.06503703816115,5045.287682116604,0.25,0.0,train,992,502,390
-88.20359462417444,40.08590785021412,3057.719687557086,22.5,0.0,train,760,701,314
-88.20678998235151,40.133284257273004,2736.6955352951586,5.25,0.0,train,234,673,93
-88.20664320917987,40.149135009176774,4412.603161384193,0.0,0.0,train,58,674,33
-88.28296333666876,40.102901350551484,3559.600915941497,10.0,0.0,train,572,24,220
-88.22322176048654,40.13032899520759,2195.0392250263367,44.25,0.017447492,train,267,533,110
-88.20799708203953,40.114912866945986,1083.621574766077,0.0,0.0,train,438,663,173
-88.24382686971268,40.075228429705334,3886.8312860906385,0.0,0.0,train,879,358,347
-88.26510915330367,40.130000997346805,2932.9488560429163,13.0,0.0,train,271,176,103
-88.20090475944379,40.08230229085741,3518.3199195285147,100.0,0.0,train,800,724,334
-88.25758883031435,40.14008328069297,3562.8198023128607,0.0,0.0,train,159,240,64
-88.20929217075167,40.112302450600296,882.8212588799313,0.0,5.2196455,train,467,652,193
-88.24788012865557,40.1152193468808,730.7086208803615,7.5,1.021453,train,435,323,166
-88.20942058374783,40.10617833790149,984.5340009702622,4.25,0.0,train,535,651,213
-88.24007089567529,40.07846773572364,3528.513332703181,0.0,0.0,train,843,390,327
-88.20804747530053,40.087443820198395,2750.014407448606,8.5,0.8006309,train,743,663,293
-88.18473915383184,40.12947545324088,3621.946682843235,0.0,0.0,train,276,861,117
-88.21861540450062,40.078628602043736,3552.985416909366,83.0,0.0,train,841,573,331
-88.20265194124356,40.08833848736106,2857.3667954727957,3.0,0.0,train,733,709,294
-88.23609384542081,40.15438707237594,4890.979208933802,0.0,0.0,train,0,423,8
-88.25296990157183,40.07640595253816,3862.362107332332,21.5,0.0,train,866,280,345
-88.23906213312922,40.12980259958131,2167.859859164146,0.25,0.12272516,train,273,398,107
-88.22147538425718,40.122041595090295,1271.6660872814268,100.0,0.0,train,359,548,150
-88.20830147966085,40.1408511126958,3487.5358057650797,0.0,0.0,train,150,660,73
-88.2367122240258,40.13214227951377,2422.92340215601,20.5,0.0,train,247,418,88
-88.25226572584252,40.07703590312306,3780.483573695469,0.25,0.0,train,859,286,345
-88.20390151701112,40.109594677843035,1327.3864101838637,0.0,2.9057255,train,497,698,193
-88.19159210965859,40.10642808039009,2417.243552946166,0.0,0.0,train,532,803,216
-88.17327327803699,40.065605747861376,6361.374521096805,0.0,0.0,train,985,960,399
-88.19059580198979,40.134166050843326,3587.186573492996,3.75,0.020977367,train,224,811,96
-88.18305806519892,40.146945318595925,5086.022886227583,0.0,0.0,train,82,875,37
-88.19250887911724,40.116876443311924,2396.4516493876245,83.0,0.0,train,416,795,175
-88.26839525309948,40.129102264445066,3056.272485025313,6.0,0.0,train,281,148,102
-88.26181522595925,40.138284726755195,3532.262026432456,0.0,1.1892862,train,179,204,64
-88.20588645148894,40.114460251615576,1229.4346177730754,0.0,0.9926826,train,443,681,173
-88.18353766355226,40.08885572392059,3898.556995210735,23.25,0.31908253,train,727,872,297
-88.20374028510459,40.13274051196805,2795.77223894611,28.000000000000004,0.0,train,240,699,93
-88.26499588183995,40.125948129975676,2605.805712479094,1.5,0.0,train,316,177,123
-88.24276208109997,40.08252270454066,3075.0181501708325,0.0,0.324623,train,798,367,307
-88.25518424500137,40.08793552457379,2706.277934544648,11.5,0.0,train,738,261,285
-88.26509978632534,40.1393674534167,3774.8864394190846,89.5,0.07441361,train,167,176,63
-88.20902542865187,40.12995437868918,2322.0211909209047,50.24999999999999,0.0,train,271,654,113
-88.23094678983676,40.14285471254361,3600.665808610586,1.25,0.0,train,128,467,49
-88.25515085120088,40.11711579376469,1335.9340788688473,0.0,0.0,train,414,261,165
-88.2229054696073,40.10826341758892,254.96636345961772,0.0,26.913574,train,512,536,210
-88.20902510051437,40.130134502692236,2340.532339849147,73.25,0.0,train,269,654,113
-88.18601136552219,40.08363525129453,4134.147380250166,15.75,0.0,train,785,851,317
-88.19532953319977,40.114268029125675,2092.7337030579474,5.75,0.13431992,train,445,771,175
-88.16916477053108,40.06803170355576,6381.731845075822,0.0,0.0,train,958,995,399
-88.18661331758264,40.13091883733729,3591.1182017256924,1.5,0.0,train,260,845,116
-88.24529954289902,40.11512735174093,601.9078104087931,0.0,1.7807186,train,436,345,166
-88.2523057365621,40.14215113124681,3646.846591607049,0.0,0.0,train,136,285,45
-88.22194729478335,40.12042092810976,1092.6911708278756,2.25,0.0,train,377,544,150
-88.22201057463006,40.081603992182636,3216.036296797322,0.25,0.0,train,808,544,330
-88.18446912459392,40.14568627444482,4901.921360748296,0.0,0.0,train,96,863,37
-88.24844638006533,40.13152103978124,2422.767591073409,46.5,0.0,train,254,318,106
-88.2249238886754,40.09286461188549,1960.3307460685282,86.75,0.056901325,train,683,519,270
-88.19706412233873,40.067977815534114,5104.167677394894,0.0,0.0,train,959,757,395
-88.17185386736395,40.12063210508358,4203.942432164722,0.0,0.0,train,374,971,159
-88.2610180602167,40.11540841980898,1695.62320180727,1.0,0.0,train,433,211,164
-88.23667585785418,40.074952494867674,3925.4447377475344,13.5,0.0,train,882,419,348
-88.18047616922644,40.14694193923374,5222.718259923049,0.0,0.0,train,82,897,37
-88.22994957109793,40.10394691622338,720.2455677745077,8.5,12.718796,train,560,476,229
-88.21297400617091,40.08645835231549,2738.6071772561713,0.0,0.0,train,754,621,312
-88.25410459073431,40.108919398482094,1015.4668044092573,1.0,0.055657763,train,505,270,205
-88.19616657412259,40.10634352543619,2038.1021420804584,18.5,0.0,train,533,764,215
-88.25624149566707,40.086225038471724,2916.451063941029,4.75,0.0,train,757,252,305
-88.21206344847111,40.07096657015414,4447.493329898008,4.25,0.0,train,926,629,372
-88.26620347317201,40.091004570805396,2949.4115124280247,5.75,0.0,train,704,167,283
-88.2540187743659,40.08181045500194,3308.0319250317602,0.25,0.0,train,806,271,325
-88.19680168537673,40.14065800150417,3851.876383985217,0.0,0.0,train,152,758,75
-88.18650938237703,40.07012643478086,5300.129474628284,0.0,0.0,train,935,847,376
-88.20347544281962,40.148591128832315,4429.318143921744,0.0,0.0,train,64,701,34
-88.26773264887099,40.08605199007014,3449.0362045332895,1.5,0.0,train,759,154,303
-88.26457828004976,40.074612162582675,4385.423718808663,0.0,0.0,train,886,181,343
-88.214763453367,40.06880785012578,4659.697031094816,0.0,0.0,train,950,606,392
-88.24112691974959,40.07783814004342,3596.305803852771,10.0,0.0,train,850,381,347
-88.18529257691304,40.14478671083017,4779.960115479499,0.0,0.0,train,106,856,57
-88.28398464476182,40.15027454007193,5691.949529001261,0.0,0.0,train,46,15,0
-88.18363260160064,40.15252989772096,5563.45681214087,0.0,0.0,train,20,870,17
-88.23198830793469,40.07368760619135,4075.122786017235,1.25,0.0,train,896,459,349
-88.16990523865297,40.150529977331864,6118.799275490947,0.0,0.0,train,42,987,19
-88.18210324529338,40.10119245087459,3348.9490320133964,0.0,0.0,train,590,884,237
-88.2766110974639,40.12568421440515,3390.867949261436,0.0,0.0,train,319,78,121
-88.18298199889331,40.12821231484161,3668.65400790095,58.5,0.0,train,290,876,117
-88.20465855899172,40.081315829059704,3488.766414778662,0.0,0.0,train,811,692,333
-88.18140096597556,40.10056109353929,3428.0888182191175,0.25,0.0,train,597,890,237
-88.2732449621832,40.084523911172525,3885.0573946709965,6.75,0.0,train,776,107,302
-88.27906413015685,40.13919471530009,4490.675700927232,0.0,0.0,train,169,57,61
-88.23057866595913,40.07557768857973,3868.100603783186,46.25,0.0,train,875,471,349
-88.25215319214365,40.07307304985511,4208.502597214336,0.0,0.81398857,train,903,287,365
-88.18350112547205,40.105517271237495,3113.8159472542607,23.5,0.0,train,542,872,217
-88.27286889806608,40.111992839342484,2612.388973416872,14.249999999999998,0.0,train,471,110,182
-88.17648721004862,40.146396233654976,5400.374689793696,0.0,0.0,train,88,931,38
-88.19485630326454,40.11624883708303,2184.75312264073,53.25,0.12004837,train,423,775,175
-88.19400685048701,40.13011740874195,3062.0294854002145,18.5,0.25349486,train,269,782,115
-88.23059084592805,40.067472020237915,4767.834877765216,100.0,0.0,train,965,471,389
-88.28528054657265,40.143340315164735,5190.359170665674,0.25,0.0,train,123,4,40
-88.24013839257725,40.11494318898789,520.5338848017093,0.0,1.5064365,train,438,389,167
-88.26086317035666,40.150802749469946,4775.894378175891,0.5,0.0,train,40,212,4
-88.20647731808079,40.11211927691037,1115.3145644872827,0.0,1.8059689,train,469,676,193
-88.17476745833703,40.12892185653634,4314.20226635357,0.0,0.0,train,282,946,118
-88.2270599964485,40.15194746440274,4602.349113640044,0.0,0.0,train,27,500,10
-88.25912747384193,40.12801595029161,2441.47901788604,0.0,0.0,train,293,227,104
-88.19787409325374,40.13246361260059,3041.7772158446137,21.5,0.11347853,train,243,749,94
-88.2213441766029,40.13050731916026,2211.14556663255,0.0,0.0,train,265,549,110
-88.2209597948911,40.07890108883052,3518.1345827293308,100.0,0.0,train,838,553,331
-88.22812944775946,40.06728968492439,4792.931649042348,67.0,0.0,train,967,492,389
-88.24841947485587,40.15313590135838,4794.02509183623,0.0,0.0,train,14,318,6
-88.17973556322141,40.11100615135822,3382.966787081225,0.0,0.0,train,481,904,198
-88.17992543107887,40.13091017135022,4050.2627321127475,0.0,0.0,train,260,902,118
-88.2575399883526,40.0783904191286,3764.596828432612,5.5,0.7184266,train,844,241,324
-88.2308692048057,40.11637635830529,661.290862350209,0.0,6.753755,train,422,468,169
-88.18453414671862,40.11587578622758,3030.17436041418,0.0,0.63343036,train,427,863,177
-88.28269329525737,40.150724291989135,5663.504959531846,0.0,0.0,train,41,26,0
-88.22950876454439,40.08530353456788,2790.6063362760306,0.0,0.0,train,767,480,309
-88.1761743660691,40.078398674137716,5137.764649102822,0.0,0.0,train,843,935,338
-88.19792412624534,40.107246218792795,1870.0581380363262,7.5,0.09250147,train,523,749,214
-88.1846249366428,40.07417686911495,5017.616124978254,5.0,0.0,train,890,863,357
-88.24340926547805,40.12530294490155,1677.8785606120946,5.0,0.0,train,323,361,127
-88.2340970695086,40.07468012541909,3960.7815410990115,88.75,0.0,train,885,441,348
-88.25063254898267,40.07028001795748,4490.518737900426,0.0,0.0,train,934,300,366
-88.28216872098415,40.06768640611636,5818.120221918336,0.0,0.0,train,963,31,380
-88.21440109299836,40.142298529751336,3543.027592860019,0.0,0.0,train,134,608,52
-88.19326107964153,40.15047052295533,4954.279195964446,0.0,0.0,train,43,788,15
-88.17876639788415,40.124604276697774,3796.8844348932566,99.75,0.0,train,330,912,138
-88.1844869174517,40.08372336544406,4217.820881307841,27.500000000000004,0.0,train,784,864,317
-88.27683187185436,40.1424358810759,4632.004547018241,28.499999999999996,0.0,train,133,76,41
-88.19566124946981,40.066084830767934,5343.93226494623,0.0,0.0,train,980,769,395
-88.21177918607043,40.09897582853712,1447.717605789141,0.5,0.03139686,train,615,631,252
-88.1872808650716,40.14794140243083,4966.984586896461,0.0,0.0,train,71,839,36
-88.22557519762378,40.126008222551796,1720.0406372834018,18.75,0.0,train,315,513,130
-88.18793466388748,40.116510541744965,2762.0849920981736,0.25,0.78894836,train,420,834,176
-88.26983277056229,40.09731101067959,2749.2066640566077,6.25,0.029581442,train,634,136,242
-88.27182553561302,40.09830277576964,2842.676033291645,2.25,0.01851465,train,623,119,242
-88.20168090280085,40.10544929894715,1617.2637316771047,11.25,0.0,train,543,717,214
-88.25158878487939,40.15286799655056,4801.469861398082,67.75,0.0,train,17,291,5
-88.16915652123815,40.12026806366939,4416.154815190336,14.499999999999998,0.0,train,378,994,159
-88.17107417383413,40.15251298116832,6213.548101841137,0.0,0.0,train,20,977,19
-88.28438732219732,40.07975581830276,4930.501391548538,0.0,0.0,train,829,12,320
-88.26251760902751,40.13990627549448,3719.428859298864,5.0,0.0,train,161,198,63
-88.28568221493074,40.07228112491843,5605.208382152962,22.5,0.0,train,912,1,360
-88.18007219327211,40.06552487827327,6027.435634233489,1.0,0.0,train,986,902,398
-88.24400907591878,40.11521642611668,573.8270080453112,0.0,1.5590261,train,435,356,167
-88.27662740755922,40.10605061318707,2961.7886091181254,0.0,0.0,train,537,78,201
-88.2850664844155,40.114160064046,3670.9733344555516,40.75,0.0,train,447,6,160
-88.1862578807394,40.078051662874906,4590.455691202042,5.5,0.0,train,847,849,336
-88.24137910684759,40.151779596895004,4611.999138118301,0.0,0.0,train,29,378,7
-88.22987183939554,40.07782863499866,3619.6323240801776,75.0,0.0,train,850,477,349
-88.2817575706377,40.146490968847274,5246.513445578609,0.0,0.0,train,88,34,20
-88.18294898968519,40.08993571472224,3865.6131450221687,0.0,0.0,train,715,877,297
-88.21746267742685,40.067009318183665,4845.345639816567,0.0,0.0,train,970,583,391
-88.18140982375223,40.14928477673702,5377.767669803612,0.0,0.0,train,56,889,37
-88.1777042414723,40.07587897600644,5247.124227296433,0.0,0.0,train,871,922,358
-88.26980051244831,40.131985034171834,3366.3836637742866,0.0,0.4230512,train,249,136,82
-88.17919379561452,40.09119165759303,4051.5691750756487,2.25,0.0,train,701,909,298
-88.2329944881497,40.10701172145411,374.028353930789,13.5,66.24801,train,526,450,209
-88.2572592824984,40.119909131624716,1667.8921349361515,35.25,0.0,train,383,243,144
-88.18146777489376,40.123256916643406,3525.8477585703604,0.0,0.0,train,345,889,137
-88.21050905885018,40.08789677054381,2635.0422531558556,0.0,0.03406856,train,738,642,292
-88.2522514106963,40.08910432586785,2492.4574042354106,53.75,0.0,train,725,286,285
-88.24869813490673,40.11774169496221,997.3210412126218,34.0,2.7397523,train,407,316,166
-88.19862698246364,40.10769735096383,1801.6866792720075,0.75,0.74951994,train,518,743,214
-88.23056431433054,40.085124350032544,2808.4135699821118,31.25,0.0,train,769,471,309
-88.28281413066793,40.14604112483035,5266.849234081357,0.0,0.0,train,93,25,20
-88.22883445221524,40.14285282565669,3596.2920860679696,0.0,0.0,train,128,485,49
-88.23567825926817,40.116740762553604,711.2414203187168,11.5,0.7170964,train,418,427,168
-88.18202745260832,40.0824592986753,4465.585409493396,7.75,0.0,train,798,885,317
-88.28402870428037,40.08930233555221,4247.755248444879,1.5,0.0,train,723,15,280
-88.21473502121216,40.08519928845197,2850.844733736102,21.5,0.0,train,768,606,312
-88.23070185096752,40.071615022724274,4307.727708699786,0.0,0.0,train,919,470,369
-88.18282419045708,40.093357937487774,3661.6379970059975,0.0,0.0,train,677,878,277
-88.26149675582468,40.1064024676687,1689.372947419528,0.0,0.0,train,533,207,204
-88.22880111268486,40.08800478411015,2492.152819129583,42.0,0.0,train,737,486,289
-88.21455356892793,40.122124765320216,1342.7058388761218,0.0,0.0,train,358,607,152
-88.23961847075508,40.15186824723705,4618.35141682147,0.0,0.0,train,28,393,7
-88.21130863174015,40.09978589769584,1387.511503708321,1.0,0.90220094,train,606,635,252
-88.22341898493586,40.08070470758242,3313.090956655764,0.0,0.0,train,818,532,330
-88.22357954626528,40.12672684646169,1795.8862792359569,0.0,0.0,train,307,530,130
-88.1830727857894,40.08696380266705,4062.3404842287455,0.0,0.011231884,train,748,876,297
-88.22520196343973,40.13942713425114,3208.871759340975,0.0,0.0,train,166,516,70
-88.23379701054138,40.11971121945352,1037.2562340742907,2.25,0.012458886,train,385,443,148
-88.2444524944473,40.13503046711489,2761.3919296605563,0.0,0.0,train,215,352,87
-88.27920940635686,40.10398040874138,3220.923231531578,7.75,0.0,train,560,56,221
-88.20870287866455,40.113832879513204,980.2371010003687,0.0,1.1955993,train,450,657,193
-88.21328906187046,40.107353224881635,635.909830302086,0.0,2.021973,train,522,618,212
-88.2053838138177,40.13229202876695,2686.918856282579,0.0,0.0,train,245,685,93
-88.28553437191599,40.11605156935919,3741.1400222930174,0.0,1.9813432,train,426,2,160
-88.19348754793864,40.097243998402064,2663.241336192659,45.0,0.93261164,train,634,787,255
-88.23565145006032,40.13547368855695,2790.6272979662303,14.000000000000002,0.0,train,210,427,88
-88.22832931357483,40.08980561399496,2293.1838076986414,80.5,0.0,train,717,490,289
-88.1850145208265,40.110742844269275,2932.683651647116,0.0,0.011418649,train,484,859,197
-88.17026573327361,40.147018073029585,5820.525485390762,0.0,0.0,train,81,984,39
-88.18140357005682,40.09939028278592,3472.446255514444,22.0,0.0,train,610,890,257
-88.21148131328185,40.13446009598339,2731.8324177551904,67.0,0.0,train,221,633,92
-88.26702658713465,40.088663411288906,3188.5021310294687,22.25,0.0,train,730,160,283
-88.17686221838444,40.13639986126844,4620.316777224896,6.5,0.0,train,199,928,78
-88.20919893727546,40.09906315475103,1551.0313023314666,11.75,0.9241055,train,614,653,253
-88.25599750706931,40.094600717913494,2089.7420664457954,20.25,0.0,train,664,254,265
-88.23496935498292,40.12025259514451,1099.6683648634523,28.249999999999996,0.06596196,train,379,433,148
-88.18557409634835,40.068954425305016,5452.768407711312,0.0,0.0,train,948,855,377
-88.23076258719604,40.109261329763115,128.71887384197052,0.0,126.661415,train,501,469,209
-88.18440072936046,40.12326072540422,3298.1490854925296,0.0,0.0,train,345,864,137
-88.26109732962172,40.151343267021076,4839.131373517551,3.0,0.0,train,34,210,4
-88.186500831195,40.12866714059402,3447.5668601053626,73.0,0.0,train,285,846,116
-88.21136783966753,40.13229848548423,2502.6286752585684,100.0,0.0,train,245,634,92
-88.23169316653672,40.11448577354921,453.0537571876639,17.0,38.563076,train,443,461,169
-88.19857968486575,40.072212554228024,4620.033614689157,0.0,0.0,train,912,744,374
-88.20077388670036,40.08932704442379,2848.9976037522733,11.25,0.20275845,train,722,725,294
-88.23869415384068,40.141330249128416,3446.7529839592366,0.0,0.0,train,145,401,48
-88.2522691431074,40.07415388799017,4093.0110611717973,0.0,0.0,train,891,286,345
-88.26157977943906,40.13900507765271,3593.8142210267647,0.0,0.024638612,train,171,206,64
-88.22588802223417,40.150865640634294,4479.954697918714,0.0,0.0,train,39,510,10
-88.2253676176132,40.108896176468726,179.88435473904698,0.0,22.819845,train,505,515,210
-88.26889364456947,40.098301181815756,2624.0738086764995,0.0,0.08228401,train,623,144,242
-88.2187831559351,40.11843647014783,869.3251775589321,1.0,3.6481636,train,399,571,151
-88.244710448527,40.11710827556154,792.1896069948491,0.0,0.93896157,train,414,350,167
-88.21294957140195,40.10032799063109,1268.9284560118065,20.0,1.0227482,train,600,621,252
-88.19525336732585,40.15191390518861,5025.988650595357,0.0,0.0,train,27,771,15
-88.23269091231907,40.07422859708571,4013.6825935708844,0.25,0.0,train,890,453,349
-88.2758345064983,40.07263690828225,5057.729610812761,0.0,0.0,train,908,85,361
-88.28134035230595,40.077953230733904,4889.49135729393,0.0,0.0,train,849,38,320
-88.27907924128428,40.12019159553572,3324.1841182378857,0.0,0.0,train,380,57,141
-88.19619611150533,40.15002372680422,4801.644954398469,0.0,0.0,train,48,763,15
-88.26023288192705,40.08181454292364,3504.1072774661066,4.25,0.0,train,806,218,324
-88.17104701752852,40.11459680014655,4146.871256352489,26.75,0.0,train,441,978,179
-88.18352215886534,40.14937759065557,5279.686818620614,0.0,0.0,train,55,871,37
-88.20779343703114,40.098070950640135,1709.8913965963616,2.75,0.58433485,train,625,665,253
-88.23478697774378,40.08404726440614,2919.6306947610738,44.5,0.0,train,781,435,308
-88.17505641344053,40.10550603949294,3824.1910294386334,8.25,0.8618852,train,542,944,218
-88.23600372527969,40.135293860943484,2771.362156745896,0.0,0.0,train,212,424,88
-88.25048858282706,40.09234533975503,2103.0094562143254,7.249999999999999,0.0,train,689,301,266
-88.27802546515565,40.1176693504634,3154.914006304912,0.0,0.0,train,408,66,161
-88.2044077574557,40.08996158545759,2626.7163899306556,1.5,0.0,train,715,694,293
-88.27342654250081,40.14486584332721,4672.784368957167,1.7500000000000002,0.0,train,106,105,42
-88.18939411738465,40.147583800954756,4836.255847431238,0.0,0.0,train,75,821,36
-88.27360183404741,40.07867000325873,4403.003469467764,0.0,0.0,train,841,104,322
-88.25578392086364,40.07613768132611,3954.2473437672943,90.5,0.0,train,869,256,345
-88.18367385612633,40.08020986436903,4548.708756309129,1.0,0.0,train,823,871,337
-88.2525106376099,40.06820989103046,4744.35482982718,33.0,0.0,train,957,284,385
-88.17415882661564,40.088032650905966,4602.310640001394,4.75,0.0,train,736,952,299
-88.19417375920979,40.105800773074854,2217.459557957496,3.0,0.0,train,539,781,215
-88.20849461846976,40.09942264843925,1553.3937532885302,49.75,0.0,train,610,659,253
-88.25361091162618,40.12990359075041,2388.810192979936,60.0,0.0,train,272,274,105
-88.28484524393055,40.095336887607466,3984.9317197020673,0.0,0.0,train,656,8,260
-88.24184566766748,40.066400696502825,4865.025277676919,0.75,0.0,train,977,375,387
-88.26211597024091,40.074970927318354,4262.079195408465,31.5,0.0,train,882,202,344
-88.23018019678932,40.10655893653096,429.8452214311676,1.5,25.115665,train,531,474,209
-88.24176397885546,40.127373087529065,1903.5282224406785,10.5,0.0,train,300,375,127
-88.18658174019022,40.145598909074714,4786.776743958002,0.0,0.0,train,97,845,36
-88.22856535432801,40.08881513666145,2402.665360902807,0.0,0.0,train,728,488,289
-88.24539874876328,40.12917714884801,2121.8064748759925,0.0,0.0,train,280,344,106
-88.25794146980122,40.13954313851874,3518.333176442676,0.0,0.0,train,165,237,64
-88.19575735832231,40.134802732316075,3357.763444053598,0.0,0.0,train,217,767,95
-88.24854132472537,40.149533516048265,4397.855465803423,0.0,0.0,train,54,317,26
-88.27461684414723,40.12541303368241,3229.6044381313727,0.0,0.0,train,322,95,121
-88.24696401882353,40.09756640455179,1459.3174858054551,0.0,0.67102957,train,631,331,246
-88.21785214057415,40.114022488085595,400.33874950152654,1.25,12.375033,train,448,579,171
-88.27999515047419,40.14910196645804,5381.225019487896,0.0,0.0,train,59,49,20
-88.1724220147612,40.07866371173097,5352.464166872781,0.0,0.0,train,840,967,339
-88.1998845128658,40.06437857189786,5397.951537171868,0.0,0.0,train,999,733,394
-88.2846138495953,40.09092371409185,4194.865780883174,0.0,0.0,train,705,10,280
-88.19573973820627,40.14353872801673,4174.885944758755,0.0,0.0,train,120,767,55
-88.24091268870986,40.14952767876025,4361.101012558298,0.0,0.0,train,54,382,27
-88.23235608170651,40.14213545402588,3523.6052437295334,0.0,0.0,train,136,455,49
-88.24971860548966,40.14656232886599,4084.853733487214,0.0,0.0,train,87,307,26
-88.24623694462642,40.115938622252834,718.1502319216016,0.0,0.10535586,train,427,337,166
-88.17731758640276,40.091189145813736,4187.989302442256,60.75000000000001,0.0,train,701,925,298
-88.26137576528258,40.10991483174928,1625.4603033535327,0.0,0.85113215,train,494,208,184
-88.23641418768833,40.09413567424674,1796.559591828097,0.0,5.88134,train,669,421,268
-88.25883906508308,40.0697452066837,4709.3161909291475,0.0,0.0,train,940,230,364
-88.25131452129015,40.088112975012685,2571.281759559459,55.75,0.0,train,736,294,285
-88.21957865891201,40.13383789800777,2577.789092581484,0.0,0.0,train,228,564,91
-88.2848330941538,40.11244877962774,3633.369311509753,80.75,0.114738025,train,466,8,180
-88.2856463303937,40.12370691672147,3986.1309408385728,5.0,0.0,train,341,1,120
-88.1928604302645,40.117056994969325,2373.7379652078703,2.25,0.0,train,414,792,175
-88.19034395008042,40.14236138558808,4307.990523701904,31.75,0.0,train,133,813,56
-88.21867764383562,40.11141149707446,107.79228368130103,5.25,17.86753,train,477,572,191
-88.25315587625745,40.117744866674734,1246.3208447610184,4.5,0.0,train,407,278,165
-88.2441921975578,40.06478138813199,5047.201240328194,31.75,0.0,train,995,355,387
-88.25913491555771,40.12117122131991,1880.4635326228695,0.0,0.0,train,369,227,144
-88.20590023468964,40.107075143721985,1217.5513725565854,2.5,0.0,train,525,681,213
-88.27424943665996,40.14324515033745,4567.23772697826,0.25,0.0,train,124,98,41
-88.1861647745019,40.12128161018529,3071.562619174478,11.25,0.0,train,367,849,156
-88.23644751268272,40.07062927606143,4405.788986375969,24.0,0.0,train,930,421,368
-88.19400677338773,40.072657460244315,4739.571193594725,0.0,0.0,train,907,783,375
-88.2126601049852,40.13139921771612,2377.714356394365,5.25,0.0,train,255,623,112
-88.21874716825342,40.13987123743051,3248.1569815595267,0.0,0.0,train,161,571,71
-88.24136140064604,40.07783832643743,3595.82067681496,15.5,0.0,train,850,379,347
-88.25420612420078,40.12251889371396,1701.2126062562347,31.5,0.0,train,354,269,145
-88.27952854093847,40.14549927307199,5040.8164112502955,0.0,0.0,train,99,53,21
-88.19751599548444,40.13552530489524,3336.1239817355654,0.0,0.0,train,209,752,95
-88.27976523519571,40.14297764720329,4839.744997929809,0.0,0.0,train,127,51,41
-88.1817809264017,40.14072937998347,4632.940667058101,60.5,0.0,train,151,886,77
-88.28026273559911,40.10686289907109,3256.7282188108697,0.0,0.0,train,528,47,200
-88.24087599306317,40.08999643332898,2247.190362051097,3.75,1.6055617,train,715,383,287
-88.22942026172618,40.066390218145656,4890.229293486546,11.25,0.0,train,977,481,389
-88.24500202210122,40.07306781807223,4130.954797525658,0.0,0.0,train,903,348,366
-88.24127061577097,40.14520499153,3881.9716868582896,0.0,0.0,train,102,379,47
-88.24504559765994,40.1300775021872,2217.6775877333866,9.0,0.0,train,270,347,106
-88.20008314598843,40.08275166326765,3506.182585170255,37.75,0.0,train,795,731,314
-88.23646822241356,40.138716609562536,3152.2218996588936,0.0,0.0,train,174,420,68
-88.26229323122867,40.129999304256955,2779.594765855175,0.0,0.25644228,train,271,200,104
-88.27905302041135,40.153154313184935,5704.0102180540025,0.0,0.0,train,14,57,1
-88.23275712172064,40.108902828811246,164.57632583981842,0.0,73.63055,train,505,452,209
-88.2189324569849,40.09934336494997,1252.9948312295112,3.5000000000000004,15.506502,train,611,570,251
-88.1764876243146,40.14621611041086,5385.660365022158,0.0,0.0,train,90,931,38
-88.2076191947528,40.065287854843355,5133.142823039209,0.0,0.0,train,989,667,393
-88.21313926977614,40.12581585946206,1769.782260546487,0.0,0.24305725,train,317,619,132
-88.2843602120519,40.11758213988353,3676.5980319395767,13.750000000000002,0.0,train,409,12,160
-88.19153781730635,40.076076859976176,4512.561905889785,0.25,0.0,train,869,804,356
-88.25824393165531,40.07794056250077,3832.385883405642,5.5,0.29291204,train,849,235,324
-88.2632224323041,40.139186207923444,3677.489958627676,0.0,0.0,train,169,192,63
-88.18206674035946,40.11767383731308,3278.6664216869776,0.0,0.0,train,407,884,177
-88.20882757105963,40.109780202836944,907.3338196318094,4.75,0.70861876,train,495,656,193
-88.21061143562947,40.096182653988365,1770.2314321560075,1.25,0.2535321,train,646,641,252
-88.20710799234776,40.151657248801364,4675.466326981836,0.0,0.0,train,30,670,13
-88.20542027596214,40.112838613950636,1218.0873853987164,9.75,0.18022794,train,461,685,193
-88.20770696221953,40.08131917498294,3403.31066306732,17.75,0.63121396,train,811,666,333
-88.25818648027514,40.13017683670695,2596.7851655960417,1.7500000000000002,0.0,train,269,235,104
-88.20211077595609,40.06483143079935,5294.115075677552,0.0,0.0,train,994,714,394
-88.21690250835557,40.12059609114381,1127.9532591453287,0.0,0.7723282,train,375,587,151
-88.22645313873515,40.089803898107505,2297.071561069888,9.25,0.0,train,717,506,290
-88.2376177763423,40.0720712585543,4243.40638069993,0.0,0.0,train,914,411,368
-88.18858081707707,40.14371012453695,4517.066585645008,0.0,0.0,train,118,828,56
-88.25264702788222,40.15124762537385,4640.373155256668,1.7500000000000002,0.0,train,35,282,5
-88.1771141473306,40.0775893785386,5144.250506976017,0.0,0.0,train,852,927,358
-88.2096977056799,40.082672260628904,3212.062954286205,79.5,0.06993998,train,796,649,312
-88.20987899384339,40.112122952661714,829.7596923447135,0.0,10.388782,train,469,647,192
-88.17641339635698,40.07641761268192,5279.158923229708,0.0,0.0,train,865,933,358
-88.22895304475416,40.1420423746584,3506.561643255437,0.0,0.0,train,137,484,49
-88.27390483232787,40.134689077686026,3825.6645621306943,21.25,0.0,train,219,101,82
-88.2337503526388,40.15168322573004,4586.2080925590435,0.0,0.0,train,30,443,8
-88.17032326338135,40.07379737606261,5851.757894964447,0.0,0.0,train,894,985,359
-88.22850246478369,40.129793522517474,2145.9912464509225,0.0,0.17694807,train,273,488,109
-88.26708504942609,40.14927542404439,4823.629112364148,0.0,0.0,train,57,159,23
-88.20539495879244,40.126347936752566,2115.8753715747093,15.0,0.0,train,311,685,133
-88.28252099267849,40.06687599247394,5908.781210295387,0.0,0.0,train,972,28,380
-88.2857676037258,40.11803303843098,3804.761787172151,11.75,0.0,train,404,0,160
-88.27953947937362,40.13162971871652,3965.1821415815166,0.75,0.0,train,253,53,101
-88.21329824288784,40.102129605068995,1077.503527252461,6.75,0.9439687,train,580,618,232
-88.2411018843411,40.096391069978296,1536.9140211827194,0.0,12.065412,train,644,381,247
-88.28517686250606,40.12397690938245,3960.5357985343067,17.0,0.0,train,338,5,120
-88.1863427767388,40.09309226764103,3426.317404320573,5.5,0.0,train,680,848,276
-88.2554237915396,40.083522604282024,3167.5803630278347,0.0,0.0371636,train,787,259,305
-88.18124136658697,40.11956406547871,3402.2152417875946,0.0,0.0,train,386,891,157
-88.21576721105241,40.098619694237065,1368.458762444008,13.0,1.6509756,train,619,597,251
-88.22851519130845,40.12150780642431,1226.2628774914315,39.75,1.8645403,train,365,488,149
-88.25249935213442,40.07775657053139,3707.1672030214227,4.75,0.0,train,851,284,345
-88.182613308581,40.13577705454063,4200.079450465664,0.0,0.24156338,train,206,879,97
-88.23562421362863,40.0725199097862,4197.551881213424,0.25,0.0,train,909,428,368
-88.17968451497939,40.081555585743914,4678.9912328079545,0.0,0.0,train,808,905,338
-88.27289973577788,40.077138567806735,4504.527408828825,0.0,0.0,train,858,110,342
-88.27240355888907,40.1076695944971,2580.851488166454,21.25,0.0,train,519,114,202
-88.19979531869755,40.1100403289074,1673.7887489164261,3.75,1.3631608,train,492,733,194
-88.20822855429758,40.11662430279813,1163.3435140685622,3.0,0.7879058,train,419,661,173
-88.17434786546714,40.10757650708444,3856.968848477797,21.0,0.021573558,train,519,950,219
-88.16917276941467,40.06469937859986,6660.171223081342,0.0,0.0,train,995,995,399
-88.2802425659199,40.1328008514218,4091.665581173399,0.0,0.0,train,240,47,80
-88.23104712183674,40.15420260074605,4860.53677677117,0.0,0.0,train,2,466,9
-88.27672662728983,40.12784576511286,3526.680390180419,0.0,0.0,train,295,77,101
-88.27402256197257,40.13423882735699,3797.4587404276604,0.0,0.0,train,224,100,82
-88.25075042910194,40.06973972324133,4551.344684594856,0.5,0.0,train,940,299,365
-88.24633106192894,40.134131272399365,2677.5131997540566,0.5,0.0,train,225,336,86
-88.2029786305523,40.101488012817065,1729.7573427140467,8.75,5.163863,train,587,706,234
-88.28108535288573,40.10479183360227,3359.971306930405,20.5,0.0,train,551,40,220
-88.23656155426087,40.072880948898536,4155.619814573022,2.75,0.0,train,905,420,368
-88.18093695023767,40.15081520678174,5538.115555707846,0.0,0.0,train,39,893,17
-88.18962301546703,40.094627450062454,3099.3396908443247,0.0,0.20953569,train,663,820,276
-88.22326358922786,40.10439106858668,684.1104517161167,21.5,23.352468,train,555,533,230
-88.18406138013283,40.11749630053778,3108.9146118696435,2.75,0.0,train,409,867,177
-88.25126528870254,40.12909139245015,2230.5036269438515,2.5,0.0,train,281,294,105
-88.27230372921937,40.08812593460648,3543.24746714407,2.5,0.0,train,736,115,282
-88.23829148429972,40.09341672769409,1872.648218366337,16.5,17.064808,train,677,405,268
-88.22255446840359,40.10772270724036,315.6776021488416,8.25,27.753258,train,518,539,210
-88.2166981916235,40.102853579440755,893.0987133015866,0.25,3.1852925,train,572,589,231
-88.24594517508446,40.06892562997946,4594.9574580342905,15.75,0.0,train,949,340,366
-88.25168609115258,40.07154164892246,4367.794091947819,0.0,0.016553368,train,920,291,365
-88.26146727267187,40.13441184089586,3143.837341491973,0.0,0.0,train,222,207,84
-88.28239988036725,40.07209960212677,5440.266979455915,0.0,0.0,train,914,29,360
-88.17233629118822,40.115048911423024,4043.3817111542335,0.5,0.0,train,436,967,179
-88.26388328601655,40.066325939909504,5208.780640585142,0.0,0.0,train,978,187,383
-88.28567794630426,40.07840541136369,5113.571020195589,0.0,0.0,train,844,1,320
-88.18842720963747,40.105523538764146,2701.7846895871367,46.5,0.0,train,542,830,216
-88.23493741106839,40.1424078621137,3558.9420470810105,3.25,0.0,train,133,433,48
-88.2814447392182,40.094885100491375,3745.5589625252487,0.5,0.0,train,661,37,260
-88.2080626623075,40.079158049287464,3625.183442619054,5.75,0.0,train,835,663,333
-88.24596428634194,40.145658937699935,3947.776299394304,5.5,0.13532016,train,97,339,26
-88.25748089616656,40.13161737171621,2705.317165484397,0.0,1.4826512,train,253,241,104
-88.24367797419549,40.0993651615032,1210.3022024897014,0.0,8.524213,train,611,359,247
-88.1895523607431,40.072471891414914,4942.471519048852,0.0,0.0,train,909,821,376
-88.2319855044167,40.07557892786911,3865.1847887547515,79.75,0.0,train,875,459,349
-88.17925560342479,40.115778822012565,3471.047261386596,1.5,0.15312453,train,428,908,178
-88.2053596759598,40.082577486662075,3336.5461258750724,0.0,0.0,train,797,686,313
-88.20420046244726,40.075551288641385,4104.461763947669,0.0,0.0,train,875,696,353
-88.24141527755049,40.124941130419884,1632.8789864889009,38.25,0.0,train,327,378,127
-88.26992295127252,40.12649130603358,2967.342014808514,0.0,0.0,train,310,135,122
-88.1890515642567,40.14308027831796,4436.856753957023,0.0,0.0,train,125,824,56
-88.19058694529355,40.13839895716018,3943.2821670168873,0.0,0.0,train,177,811,76
-88.19706138830746,40.12813967516615,2722.8028740957016,0.0,0.06443074,train,291,756,115
-88.19026856008674,40.066348486524724,5508.502113573965,0.0,0.0,train,977,815,396
-88.18436357081613,40.14028242110184,4446.471516179101,32.0,0.0,train,156,864,77
-88.20442506290917,40.142918288270806,3806.7568734529877,0.0,0.0,train,127,693,53
-88.20015001584778,40.10859973738055,1657.5998282057103,0.0,0.04206449,train,508,730,214
-88.19020313419604,40.09760023725724,2879.8169542614874,11.5,1.2349124,train,630,815,256
-88.18321011385457,40.13118466225353,3838.7913727727446,17.0,0.0,train,257,874,117
-88.2576149169025,40.11657705644551,1483.4199362058246,39.75,0.0,train,420,240,164
-88.19793501792206,40.10175241480967,2079.2753892669466,3.25,0.017618956,train,584,749,234
-88.23480826620614,40.06927694665449,4559.146482906159,0.0,0.0,train,945,435,368
-88.17447638995453,40.153148131154786,6079.797436013448,0.0,0.0,train,13,948,18
-88.17341080144624,40.1070348420107,3942.19505329444,0.0,0.023562761,train,525,958,219
-88.28322148543067,40.07074901359471,5601.112606079405,0.0,0.0,train,929,22,360
-88.2607876608623,40.11144552745089,1580.8777167165704,10.0,0.951393,train,477,213,184
-88.23717978190942,40.13340353875351,2563.854005340405,0.0,0.0,train,233,414,88
-88.18553255700196,40.142355344677696,4555.704006598043,0.0,0.69944596,train,133,854,57
-88.25217766863841,40.15115723550803,4623.078237600389,0.0,0.0,train,36,286,5
-88.27077409597912,40.09388913869915,3028.9623486707005,27.500000000000004,0.0,train,672,128,262
-88.2144756079537,40.09951900273882,1302.7294846331595,8.75,0.32150307,train,609,608,252
-88.24106976615386,40.12016755321298,1102.306515831273,0.0,0.11139451,train,380,381,147
-88.21508692956002,40.152836475307446,4701.735684922792,34.75,0.0,train,17,602,12
-88.19035131292836,40.13884897663084,3994.903316454313,0.0,0.0,train,172,813,76
-88.26505477447267,40.067047141772974,5170.574664242754,0.0,0.0,train,970,177,383
-88.21872781446027,40.08151072809684,3232.8369126856624,54.25,0.0,train,809,572,331
-88.24516525517046,40.12827634916093,2020.1046545025722,3.5000000000000004,0.0,train,290,346,106
-88.17635907182662,40.15107927698561,5800.382675640847,0.0,0.0,train,36,932,18
-88.2505598975634,40.13026169908526,2334.2200575683696,11.0,0.0,train,268,300,106
-88.22407998058632,40.107273843541485,362.50403997823076,8.25,25.48403,train,523,526,210
-88.25749440824599,40.119458974016155,1651.7413429967412,1.7500000000000002,0.0,train,388,241,144
-88.2693374288341,40.12532017447171,2849.5021613750146,0.0,0.0,train,323,140,122
-88.20792840054582,40.08843438252077,2651.10025604513,15.75,0.02149715,train,732,664,293
-88.19904654782525,40.13291528870776,3023.4344175497736,0.0,0.6043312,train,238,739,94
-88.23568019165371,40.1153898280396,561.2857079884026,7.5,11.084936,train,433,427,168
-88.17535305517431,40.12937296768393,4294.2812258513895,0.0,0.0,train,277,941,118
-88.28180055634748,40.08957155427836,4073.0826628649297,0.75,0.0,train,720,34,280
-88.21561407613221,40.11942397832914,1029.5859450794953,1.0,3.2682488,train,388,598,151
-88.18369247609583,40.125241181998554,3450.66724666798,0.0,0.0,train,323,870,137
-88.22756117533397,40.13150384803543,2333.9912720503216,2.0,0.0,train,254,496,109
-88.18471031480529,40.142714540186006,4631.060963616938,0.0,0.0,train,129,861,57
-88.16854451527362,40.13080447428955,4880.981037710442,0.0,0.0,train,261,999,119
-88.25346933257877,40.150617762317985,4585.744188708777,0.0,0.0,train,42,275,5
-88.28246803539936,40.13802545346705,4609.725760419231,0.0,0.0,train,182,28,60
-88.27676162786425,40.085606436814054,4011.728687382817,0.5,0.0,train,764,77,301
-88.24467886200442,40.14142504744568,3471.2457960839456,0.0,0.0,train,144,350,47
-88.22282882725841,40.08313584539502,3044.3855973896802,67.25,0.0,train,791,537,310
-88.22566054723708,40.071880636275786,4288.184903418979,0.0,0.0,train,916,513,370
-88.21811379472891,40.097991613429336,1406.7853722389702,63.5,9.751464,train,626,577,251
-88.23936868446853,40.07756653823334,3629.941715104381,0.0,0.057240486,train,853,396,347
-88.2610038413806,40.1288276974005,2609.4598128259463,3.5000000000000004,0.0,train,284,211,104
-88.21676458246945,40.13266429192997,2457.8342261207986,0.0,0.6756515,train,241,588,91
-88.17875762646356,40.128476940124145,3992.6031235286982,0.0,0.0,train,287,912,118
-88.22580289019213,40.13042148273323,2210.3819334004947,0.0,0.0,train,266,511,110
-88.20230983574831,40.08329458058413,3366.592426892363,0.0,0.0,train,789,712,314
-88.28515670403063,40.15252658051392,5950.159487801847,0.0,0.0,train,21,5,0
-88.19824009208706,40.06608786654596,5264.186055700391,0.0,0.0,train,980,747,394
-88.27801780185791,40.12712589103994,3576.1522151998643,1.25,0.0,train,303,66,121
-88.23222770199375,40.070355480863185,4444.527573927321,0.0,0.0,train,933,457,369
-88.19497634725289,40.11489804462932,2136.7204859017643,8.75,0.8796117,train,438,774,175
-88.20821221150078,40.12554045451658,1911.955716025086,10.0,0.0,train,320,661,133
-88.19306358178022,40.13236782382533,3297.6977822205713,0.25,0.0,train,244,790,95
-88.25800528209724,40.08172305288286,3434.8989762171286,1.7500000000000002,0.0,train,807,237,324
-88.18530298803923,40.085885919963054,4000.431908296042,16.75,0.0,train,760,857,317
-88.20964488493613,40.11185251551312,843.9446160542836,0.0,5.324497,train,472,649,192
-88.26257363281435,40.08586882786934,3208.1095036463125,1.0,0.0,train,761,198,303
-88.18319063523269,40.08669376696998,4074.1739990521887,35.75,0.0,train,751,875,317
-88.17257598863253,40.112887746675824,4000.9398628880863,0.0,0.0,train,460,965,199
-88.17306019888497,40.106493982302204,3978.4207888324477,34.0,0.21654205,train,531,961,219
-88.18955267467693,40.128040534332676,3196.8370849289504,1.7500000000000002,0.0,train,292,820,116
-88.18457574141107,40.09678258295689,3344.3054642661864,0.0,0.0,train,639,863,257
-88.20589821795382,40.108155891808885,1184.350742634951,5.75,0.0,train,513,681,213
-88.220400760086,40.13338839197006,2529.1072095849463,100.0,0.048883848,train,233,557,91
-88.19125504259023,40.09931272280029,2709.392901936598,4.25,0.107240215,train,611,806,256
-88.193981097581,40.14272606739929,4172.010326576158,19.5,0.0,train,129,782,55
-88.21164939509853,40.10600057574852,837.5551063345362,0.0,0.0,train,537,632,212
-88.17445782299832,40.11072884477094,3832.671065454001,0.0,9.346943,train,484,949,198
-88.23128307834153,40.15339225256456,4771.049318544323,0.0,0.0,train,11,464,9
-88.26169428743107,40.141707009778024,3867.2485858719824,0.0,0.0,train,141,205,44
-88.27388960637701,40.152161097278636,5379.053415619622,4.75,0.0,train,25,101,2
-88.21002312590842,40.09726278157535,1685.6267871195057,0.0,0.3491927,train,634,646,252
-88.24031997363868,40.15385017327548,4839.744369086936,0.0,0.0,train,6,387,7
-88.210944694718,40.10654020856954,852.4915429991762,0.0,0.03899416,train,531,638,212
-88.2372981319042,40.13268313979238,2484.120610016675,14.499999999999998,0.0,train,241,413,88
-88.2704240331717,40.09199763066278,3136.292590403586,9.0,0.0,train,693,131,262
-88.23968992579701,40.099812319394765,1159.9420316409662,74.0,0.0,train,606,393,247
-88.18874183700854,40.06769753837546,5436.671639889224,0.0,0.0,train,962,828,396
-88.2281871039476,40.10601676902602,493.9582443202671,11.0,61.070293,train,537,491,209
-88.23766036419515,40.125388400745685,1675.0887171899178,0.0,0.0,train,322,410,128
-88.27813199434428,40.13099862107682,3827.1951826039594,1.25,0.0,train,260,65,101
-88.26651790810261,40.12919125877978,2948.9620530417446,60.75000000000001,0.0,train,280,164,103
-88.17112708360834,40.130267747414884,4658.314179915641,0.0,0.0,train,267,977,119
-88.16959139014037,40.085684651348856,5070.995441928023,1.0,0.0,train,762,991,319
-88.24287646897348,40.084684303971684,2835.176493454147,0.0,0.0779645,train,774,366,307
-88.25323883297195,40.14701512687199,4190.835315303347,8.75,0.0,train,82,277,25
-88.23737686908446,40.0766642753522,3734.0429279481887,56.25,0.12333881,train,863,413,348
-88.28284265754009,40.10749449038193,3468.507259919862,42.0,0.0,train,521,25,200
-88.27717732644234,40.15045156272806,5365.537754211457,0.0,0.0,train,44,73,1
-88.26572452842193,40.10100125574999,2242.905572012308,89.75,0.0,train,593,171,223
-88.22870053826222,40.07710707893685,3702.038549846729,88.75,0.0,train,858,487,349
-88.22445697665877,40.09151323232358,2111.258396741726,37.25,0.012930318,train,698,523,270
-88.23668604207361,40.067747454786385,4725.208536842617,8.5,0.0,train,962,419,388
-88.24661402505984,40.09612513963112,1606.8428769173447,8.75,0.07468687,train,647,334,246
-88.17957587243207,40.1298289619408,4009.966417010681,0.0,0.0,train,272,905,118
-88.28205338871376,40.06516458552509,6042.103874357579,0.0,0.0,train,991,32,380
-88.17400712775164,40.10280272417039,3967.4641897890097,12.75,0.0,train,572,953,239
-88.23878634575271,40.07477411040497,3941.065110182237,15.25,0.0,train,884,401,348
-88.27136157995866,40.092628575589345,3153.9452554684162,23.25,0.0,train,686,123,262
-88.22725257087589,40.10358422721103,765.8224032004704,70.25,5.455964,train,564,499,229
-88.25425837403078,40.077397532492064,3783.5301392040183,7.5,0.0,train,855,269,345
-88.20759190937692,40.143822389916096,3821.5996361410735,0.0,0.0,train,117,666,53
-88.25379748263495,40.070462360268365,4521.218086750468,10.25,0.0,train,932,273,365
-88.19624046369516,40.127958581903584,2758.1541791212603,10.25,0.0,train,293,763,115
-88.17397386495416,40.06677753458416,6222.25683650772,0.0,0.0,train,972,954,399
-88.24467535001884,40.14412690466457,3770.7633974343235,0.0,0.0736,train,114,350,47
-88.2852134809559,40.07201074183832,5601.619685126658,17.0,0.0,train,915,5,360
-88.18460533484118,40.13704049885988,4172.222157529108,10.5,7.9241104,train,192,862,77
-88.217586229631,40.13248499176504,2432.523720928935,58.5,0.95986897,train,243,581,91
-88.18421786852468,40.153251147319494,5603.742105632387,0.25,0.0,train,12,865,17
-88.26089330091844,40.12243320710614,2085.430476950102,32.75,0.0,train,355,212,144
-88.19574766358774,40.08139565143793,3821.4321122827287,0.0,0.0,train,810,768,335
-88.17415547008785,40.08947365106098,4517.315243529508,42.25,0.0,train,720,952,299
-88.21032076495796,40.127343958014016,2011.9940529031353,0.0,0.0,train,300,643,132
-88.22875271979186,40.11961671209342,1016.8108494003897,0.0,0.7625949,train,386,486,149
-88.27313532469284,40.07587780790029,4630.7580049591,0.0,0.0,train,872,108,342
-88.2826987120747,40.14342927703549,5044.719370353739,0.0,0.0,train,122,26,40
-88.26265081860035,40.12459578834945,2356.9331467807165,0.0,0.0,train,331,197,123
-88.23569010917795,40.108455025890656,208.48694864063128,0.0,140.61923,train,510,427,208
-88.27325097886988,40.07767912866408,4473.320272754296,0.0,0.0,train,852,107,342
-88.23126877326477,40.0844945325875,2876.9349948887575,0.0,0.0,train,776,465,309
-88.23636905359234,40.12592770036981,1732.398171679337,0.0,0.0,train,316,421,128
-88.21908482293759,40.07835887697816,3582.004621032674,100.0,0.0,train,844,569,331
-88.27686198548005,40.106050727792365,2981.542429557464,7.000000000000001,0.051155303,train,537,76,201
-88.2305943636669,40.065130380598426,5027.758112471138,0.0,0.0,train,991,471,389
-88.21083499744964,40.10230715143264,1177.8487578120587,6.75,1.3317789,train,578,639,232
-88.25215479604672,40.07172210451744,4355.621597368144,0.0,0.0618169,train,918,287,365
-88.18519803166735,40.08021182341544,4462.506866768218,1.25,0.0,train,823,858,337
-88.2360759706695,40.084588731199766,2856.9755793862264,0.0,1.2448568,train,775,424,308
-88.22514301779368,40.10259158731581,880.1636481186939,0.0,8.527348,train,575,517,230
-88.24625428823751,40.10233919444539,936.7977379647135,0.25,0.22103764,train,578,337,226
-88.18429678317167,40.11713635425317,3079.841946624819,44.5,0.07337239,train,413,865,177
-88.27953656793397,40.13532226566357,4223.555218865251,0.0,0.0,train,212,53,81
-88.17883202758235,40.09560424936332,3840.9564618802715,23.75,0.0,train,652,912,278
-88.23730510308836,40.12772972513607,1934.2829981387129,0.0,0.0,train,296,413,108
-88.28401225462648,40.112088183055405,3561.0034767301627,0.0,0.0,train,470,15,180
-88.21098341007422,40.08492519817574,2942.3859528577673,0.0,0.0,train,771,638,312
-88.26246730361412,40.07533139499861,4237.421252621828,0.0,0.0,train,878,199,343
-88.23010951240276,40.15330115052903,4758.6224251986,0.0,0.0,train,12,474,9
-88.23068887096001,40.08026106237855,3348.0111497856583,99.5,0.0,train,823,470,329
-88.2783662952591,40.13144904346228,3873.3763906523554,0.25,0.017820653,train,255,63,101
-88.26875039243768,40.12577015997509,2839.308372839023,0.0,0.0,train,318,145,122
-88.22401839809166,40.14573036238996,3906.2352376921876,0.0,0.0,train,96,526,30
-88.22297500884657,40.13780391651313,3024.3081974162387,0.25,0.0,train,184,535,70
-88.25380104403062,40.067400215541504,4853.770616989065,14.499999999999998,0.0,train,966,273,385
-88.20301522253878,40.082304684243944,3441.1085767649333,0.0,0.0,train,800,706,334
-88.20445211785085,40.12859844674003,2368.6525033103844,17.25,0.0,train,286,693,113
-88.2487586909833,40.068837654906694,4627.037100584518,0.0,5.0784183,train,950,316,386
-88.27607017653878,40.071196015205075,5201.612640151943,0.0,0.0,train,924,83,361
-88.22636251933727,40.07278191743708,4186.75652101785,0.0,0.0,train,906,507,370
-88.23162830149741,40.07927119824119,3456.0347954756417,97.5,0.0,train,834,462,329
-88.27685028941703,40.120190529949824,3145.626623985224,1.25,0.0,train,380,76,141
-88.16970066502702,40.089017129964255,4870.6121579005885,72.75,2.1594496,train,725,990,299
-88.18850147834101,40.070489194701544,5177.4701037673785,0.0,0.0,train,931,830,376
-88.2025326143101,40.089419106470054,2759.4117021015472,22.25,0.37407836,train,721,710,294
-88.17648389578639,40.1478372194054,5519.286237596164,0.0,0.0,train,72,931,38
-88.16973580443445,40.074336926108245,5846.243335250192,0.0,0.0,train,888,990,359
-88.21617262057376,40.067368273407844,4810.579115504619,0.0,0.0,train,966,594,391
-88.21004766460113,40.083663325598955,3098.04637545804,0.0,0.57119524,train,785,646,312
-88.26372360456863,40.1080249534198,1841.4341376908012,0.5,0.0,train,515,188,203
-88.25421405791032,40.11567415901368,1181.798474542866,0.0,0.0,train,430,269,165
-88.18967167324709,40.07148134565504,5031.925217069651,0.0,0.0,train,920,820,376
-88.27263830244374,40.10748959263324,2602.9964688054965,14.499999999999998,0.0,train,521,112,202
-88.20129629978855,40.12238059695682,2022.3418908868132,0.0,0.04690436,train,355,720,154
-88.24088171976975,40.08576348388436,2717.0515940195014,1.7500000000000002,0.6248652,train,762,383,307
-88.22869281813942,40.08215059852628,3142.2038904801066,39.75,0.0,train,802,487,329
-88.22866247023067,40.101964382828534,942.8534429684705,16.75,5.5210013,train,582,487,229
-88.20947283697372,40.07735830590165,3789.436838368697,0.0,0.0,train,855,651,353
-88.22201362579746,40.151672537538815,4561.909633988755,0.0,0.0,train,30,543,10
-88.17351797468706,40.11135798892118,3913.613494485881,37.0,0.0,train,477,957,199
-88.28498328640552,40.06597641423332,6113.043077893031,0.0,0.0,train,982,7,380
-88.27742246818764,40.13775294113604,4278.397543449941,34.75,0.0,train,185,71,61
-88.24922880955853,40.06784730239266,4741.058876474512,0.0,0.25440443,train,961,312,386
-88.17753013732602,40.10082613944583,3732.9603017906243,11.5,0.0,train,594,923,238
-88.21022975473167,40.112753763171604,817.9398655415763,0.0,16.191898,train,462,644,192
-88.23322959718493,40.10665167467705,413.5305747141978,14.249999999999998,65.228165,train,530,448,208
-88.254941153779,40.09541057255117,1965.003548948575,12.75,0.0,train,655,263,265
-88.18032830465366,40.1082149990946,3342.9340890732046,0.0,0.0,train,512,899,217
-88.22341826083658,40.081155021652165,3263.1057192123253,30.5,0.0,train,813,532,330
-88.26012769023252,40.07055659633443,4658.101648821031,0.0,0.0,train,931,219,364
-88.17198195493123,40.06641452498787,6360.507519992774,0.0,0.0,train,976,971,399
-88.21610914747463,40.10438404889504,747.7410719949945,0.0,5.407165,train,555,594,231
-88.21296480545494,40.0916819862425,2173.691958938159,98.0,7.3220873,train,696,621,272
-88.25230702041459,40.14107038792752,3530.3040058436272,6.0,0.0,train,148,285,45
-88.21282132825523,40.106542176311706,721.8727131132896,0.75,0.19219081,train,531,622,212
-88.24492640051201,40.131518406198275,2375.8683440193495,7.75,0.07058125,train,254,348,106
-88.22461535564288,40.06566530338723,4980.1680414099055,100.0,0.0,train,985,522,390
-88.1961035755055,40.13768512943052,3602.3971335422,0.0,0.0,train,185,764,75
-88.20886751321153,40.152199524440576,4703.214222979327,0.0,0.0,train,24,655,13
-88.1920403956797,40.11651562323888,2423.5866946534106,4.0,0.50927424,train,420,799,175
-88.26316905716118,40.07695295691888,4099.099277668142,1.25,0.0,train,860,193,343
-88.17700349780947,40.07470721338649,5383.4857030435505,0.0,0.0,train,884,928,358
-88.19889034054832,40.15263867954509,4982.415897358909,0.0,0.0,train,19,740,14
-88.2088380791109,40.10401621167384,1162.30784684245,0.0,0.0,train,559,656,233
-88.2383639207115,40.12565916659937,1706.537767170219,0.0,0.0,train,319,404,128
-88.25336421817622,40.140170502469935,3456.8809192413805,2.0,0.0,train,158,276,65
-88.2194841624067,40.12014834602535,1057.7562453268579,0.0,4.1465244,train,380,565,151
-88.2245243152791,40.12285506041948,1367.9571139078837,17.5,0.7017814,train,350,522,150
-88.18740362197153,40.14541982386773,4729.910587557474,0.0,0.0,train,99,838,36
-88.22599102700558,40.08539039122287,2787.898826358422,30.0,0.0,train,766,510,310
-88.16878460694733,40.12855326177216,4752.862863942352,0.75,0.0,train,286,997,119
-88.25953581517975,40.07586994298175,4086.4797858085885,8.5,0.0,train,872,224,344
-88.26504766973777,40.07416212485397,4447.823060556948,0.0,0.0,train,891,177,343
-88.18439635424704,40.07147468386243,5273.626687379995,0.0,0.0,train,920,865,377
-88.17657081605711,40.110011224180795,3653.1607938503666,13.0,3.021178,train,492,931,198
-88.16874180565739,40.14629542189001,5860.176093657584,0.0,0.0,train,89,997,39
-88.1850983632954,40.072106025723635,5181.94993330418,0.0,0.0,train,913,859,377
-88.22941738791005,40.068281542060994,4680.291296224063,14.75,0.0,train,956,481,389
-88.27534319353845,40.09902509181461,3078.0332305743073,2.5,0.0,train,615,89,241
-88.23060924584864,40.13321777270815,2530.2527735637264,0.0,0.0,train,235,470,89
-88.25066249575424,40.14242015582872,3645.9945866565813,4.5,0.0,train,133,299,45
-88.20258661169792,40.12247212309047,1946.4949841654586,0.25,1.0325675,train,354,709,154
-88.19811824225566,40.068429366290545,5024.502694438043,0.0,0.0,train,954,748,394
-88.24130597083871,40.11899693049521,972.8308676497182,0.0,0.059331927,train,393,379,147
-88.27853242187645,40.07065682730684,5369.561332384402,0.0,0.0,train,930,62,361
-88.23946873373878,40.09008536438329,2240.109129590801,1.25,0.357179,train,714,395,287
-88.17921735631927,40.08074439890809,4770.1234636386935,0.0,0.0,train,817,909,338
-88.26946882310986,40.11027982697563,2315.093153406377,1.5,0.0,train,490,139,182
-88.2635604657405,40.15287582896362,5071.142970922658,0.0,0.0,train,17,189,3
-88.18264406756809,40.068680461934356,5614.24389392053,0.0,0.0,train,951,880,397
-88.2847218209709,40.10398285338245,3681.2536690552542,100.0,0.0,train,560,9,220
-88.25783967024456,40.12549337492952,2151.6269741435967,0.5,0.0,train,321,238,124
-88.26165108803875,40.07109792769062,4645.8320597328275,5.25,0.0,train,925,206,364
-88.26733877352419,40.12964204052142,3033.7118557256167,9.0,0.0,train,275,157,103
-88.17252802747312,40.08343719352299,5009.472473289559,0.0,0.0,train,787,966,319
-88.20124988963379,40.08572507472524,3168.720954275484,41.25,0.0,train,762,721,314
-88.2502965149971,40.153857757251565,4893.376509157899,2.75,0.0,train,6,302,6
-88.26381476024835,40.13369277674287,3186.615609895197,8.75,0.0,train,230,187,83
-88.176482479232,40.09740234525813,3943.740710440648,0.0,0.0,train,632,932,258
-88.24669953908734,40.12116258698062,1271.7538706846174,4.0,0.0,train,369,333,146
-88.25284375604186,40.08397115496562,3049.1548213171523,94.0,1.1368046,train,782,281,305
-88.27790662061331,40.11956060373571,3206.7673903674463,3.25,0.0,train,387,67,141
-88.22203681951163,40.065482728625355,5005.507797272722,0.0,0.0,train,987,544,390
-88.17037328952605,40.10198710549537,4289.6633000178535,0.0,0.0,train,581,984,239
-88.22750890548475,40.08953467896393,2324.8758422645574,0.0,0.0,train,720,497,289
-88.2327111900954,40.140064336719135,3294.402105246716,0.0,0.0,train,159,452,69
-88.23458340112957,40.143758490590635,3708.16880565427,14.499999999999998,0.6355018,train,118,436,48
-88.17347044895781,40.08154717710232,5076.420669411917,0.0,0.0,train,808,958,339
-88.26781146397467,40.12612988165274,2801.226985177914,1.7500000000000002,0.0,train,314,153,123
-88.16986854092583,40.06785257244946,6356.4358341215675,0.0,0.0,train,960,989,399
-88.2542548318616,40.08045967195204,3457.198880579314,2.75,0.0,train,821,269,325
-88.206410061834,40.08519046625011,3033.6694564628706,0.0,0.0,train,768,677,313
-88.19369153079738,40.112194629935836,2199.8215165348834,1.25,0.0,train,468,785,195
-88.20406721795081,40.08401705811379,3230.92748976164,17.0,0.0,train,781,697,313
-88.26031606032572,40.113696792955274,1582.67444085807,0.0,0.0,train,452,217,184
-88.21312088043408,40.06961672554349,4584.496083431347,0.0,0.0,train,941,620,372
-88.23269245175418,40.152763053251284,4703.985801152,0.0,0.0,train,18,452,9
-88.2237748579754,40.15122390802883,4515.569165330878,0.25,0.0,train,35,528,10
-88.17243303716387,40.073980451541864,5709.924068234776,0.0,0.0,train,892,967,359
-88.20457046494973,40.128058205171584,2312.7979617762644,89.5,0.0,train,292,692,113
-88.17823647340319,40.09965627329436,3715.9342109659033,0.0,0.0,train,607,917,258
-88.27145836998373,40.11523434300731,2546.3476295771165,0.0,0.0,train,435,122,162
-88.1950967511061,40.11336712730724,2095.350433713145,43.25,0.0,train,455,773,195
-88.18984885264472,40.098770613552894,2843.5388939475274,0.0,4.49157,train,617,818,256
-88.21052623773635,40.14355535303748,3734.3600413299773,0.0,0.0,train,120,641,52
-88.17024957893207,40.15377268784378,6364.951907192061,0.0,0.0,train,6,984,19
-88.21899559844482,40.13167583243716,2337.958283972778,33.0,4.6069293,train,252,569,111
-88.22552045080018,40.086380645844024,2678.9032423256986,0.0,0.0,train,755,514,310
-88.2309793545745,40.12114976105943,1191.3773638364669,17.0,0.15145284,train,369,467,149
-88.17029834910572,40.0842446428161,5110.558226196577,1.7500000000000002,0.0,train,778,985,319
-88.22866095204581,40.10295507025849,832.8859205928642,9.0,7.8246202,train,571,487,229
-88.20204142221219,40.100946578561334,1829.7414037956978,0.0,3.9175858,train,593,714,234
-88.24400636561015,40.11728785946354,798.4742779131033,0.0,1.9611045,train,412,356,167
-88.25806239385368,40.13630098238026,3192.387667626192,0.0,4.298304,train,201,236,84
-88.21441757845373,40.13284203002812,2503.659387190924,3.25,0.0,train,239,608,92
-88.17995699391659,40.06462409410975,6116.190547384493,0.0,0.0,train,996,903,398
-88.24374195725593,40.13998333393682,3307.5482079901926,0.0,0.0,train,160,358,67
-88.18548175745198,40.11164406621209,2895.024889421977,2.0,0.0,train,474,855,197
-88.1982360001579,40.068159314267916,5048.872239536734,0.0,0.0,train,957,747,394
-88.2005901221954,40.12355059939916,2153.019339939514,0.0,0.093964584,train,342,726,134
-88.17187708505227,40.110815338481885,4052.724926597945,25.5,0.0,train,483,971,199
-88.19417724581083,40.10408958862904,2270.570253181255,10.0,0.0,train,558,781,235
-88.22844989205471,40.08764421525534,2532.8699628414884,31.75,0.0,train,741,489,289
-88.18318692431711,40.141721893332694,4632.332969156926,11.5,0.0,train,140,874,57
-88.18696183411647,40.13254039681979,3684.3798855080586,10.25,0.0,train,242,842,96
-88.25734982143065,40.14395579070245,3959.524971760674,0.0,0.0,train,116,242,44
-88.21170839870634,40.07285752274982,4244.314027260986,5.5,0.0,train,905,632,372
-88.22743014267213,40.14032981369594,3313.458941356224,0.0,0.30040288,train,156,497,69
-88.188875975311,40.11516078383038,2651.6925772312406,0.0,0.0,train,435,826,176
-88.2665791002518,40.066597714157,5266.578288292468,0.0,0.0,train,975,164,383
-88.18411784252639,40.14532557464774,4888.545017134375,0.0,0.0,train,100,866,57
-88.23987665635713,40.134756678466246,2719.398363141904,0.0,0.0,train,218,391,87
-88.28575441929897,40.136946105202064,4745.521764287376,0.0,0.0,train,194,0,60
-88.25678881969786,40.120989569848064,1718.6916170514378,11.75,0.0,train,371,247,144
-88.1742994062225,40.128380841690166,4321.715392163678,0.0,0.0,train,288,950,119
-88.28356392673763,40.0834480489945,4604.930076931204,0.0,0.0,train,788,19,300
-88.19094037580022,40.0814799051049,4045.3991945926987,0.0,0.0,train,809,809,336
-88.28451131935616,40.070299248650784,5708.9634295585465,0.25,0.0,train,934,11,360
-88.2552006148856,40.07361552371037,4209.745999371413,22.5,0.0,train,897,261,345
-88.19516143178498,40.081394953699906,3848.1302465069584,0.0,0.0,train,810,773,335
-88.1851036346783,40.0696743291916,5406.711625706393,0.0,0.0,train,940,859,377
-88.23879580953587,40.06792932190823,4700.840719322611,3.25,0.06595185,train,960,401,388
-88.20750694978136,40.12626018836205,2011.2501479361595,0.0,0.0,train,312,667,133
-88.2047867938732,40.13778515555579,3263.5605158733815,0.0,0.0,train,184,690,73
-88.27700103473005,40.07966239905017,4500.814400261313,0.0,0.0,train,830,75,321
-88.23064407392283,40.11007178731386,38.9884310295098,0.0,337.46985,train,492,470,189
-88.19845773708273,40.13399534986931,3150.5513833750665,0.0,0.21653153,train,226,744,94
-88.19184832966285,40.09598113013937,2857.7309653070156,0.0,1.5070875,train,648,801,256
-88.18948090228415,40.10642547759813,2594.1498054903673,0.0,0.0,train,532,821,216
-88.25555692465043,40.06956292345928,4652.89187350704,0.0,0.11402409,train,942,258,365
-88.27897963732866,40.09794610288672,3410.1171591012894,0.0,0.0,train,627,58,241
-88.25502744793603,40.122429389623534,1736.068236117178,10.0,0.0,train,355,262,145
-88.27506913734427,40.14531699128919,4794.2628652988105,15.0,0.0,train,101,91,41
-88.25821789902149,40.10162706954336,1657.6908871841122,0.75,0.55739343,train,586,235,224
-88.25196045243169,40.136476979744735,3029.6956041872586,0.0,0.0,train,199,288,65
-88.25495613315788,40.08235147067269,3276.2342770545474,0.0,0.0,train,800,263,325
-88.24117151288317,40.131695603264845,2382.1715789691752,9.0,0.0,train,252,380,107
-88.23808230728571,40.07522384893842,3892.5377802529806,16.25,0.023515629,train,879,407,348
-88.21583148981138,40.12942111098471,2109.550634914435,0.0,0.0,train,277,596,111
-88.23249087367662,40.13033743723534,2214.235007296882,0.0,0.0141139515,train,267,454,109
-88.22887306393586,40.117635448638126,797.1187892349324,34.75,6.0643196,train,408,485,169
-88.23459083291519,40.13862496194779,3138.3370987989892,0.25,0.0,train,175,436,68
-88.26326690847745,40.095866221560925,2393.7379124403283,20.5,0.0,train,650,192,263
-88.23844176474388,40.06964023227613,4511.625770794643,6.0,0.29037067,train,941,404,368
-88.27135684157015,40.097852212424904,2831.286251544524,0.0,0.052081283,train,628,123,242
-88.25340325229772,40.10684747809316,1016.6998628317043,4.0,0.0,train,528,276,205
-88.22905472843028,40.07548626382232,3881.256450886036,63.5,0.0,train,876,484,349
-88.18201162679453,40.14253092126162,4766.080806103109,21.25,0.0,train,131,884,57
-88.25999906365533,40.081183954433804,3558.7552363948603,10.5,0.0,train,813,220,324
-88.19354944682787,40.06698293361254,5323.843065434115,0.0,0.0,train,970,787,395
-88.21142398094403,40.10086677086335,1279.5666878397733,6.0,0.43895364,train,594,634,232
-88.24009483771161,40.146825165806284,4059.488695797731,0.0,0.0,train,84,389,27
-88.2643282639691,40.090012777900284,2924.9205575810543,21.25,1.2663362,train,715,183,283
-88.22599710888986,40.08151769158487,3217.7718683721187,20.5,0.0,train,809,510,330
-88.24477000726101,40.07117631586358,4339.666760159243,0.0,0.0,train,924,350,367
-88.23456905369125,40.15366528734324,4807.844029410124,0.0,0.0,train,8,436,8
-88.21012253019849,40.10716977469036,879.9956352616699,15.0,0.018644616,train,524,645,212
-88.17288555375238,40.130900632019554,4560.678048568525,0.0,0.0,train,260,962,119
-88.26481888677348,40.068488013299024,5014.887547733529,0.0,0.0,train,954,179,383
-88.2847230388404,40.10227166395648,3721.795185339929,0.0,0.0,train,579,9,220
-88.27466103105073,40.0739872662805,4877.465115881902,0.0,0.0,train,893,95,341
-88.25152272384902,40.110088416359496,785.2271805064056,0.0,1.8157157,train,492,292,185
-88.21508521138281,40.15382715355019,4811.415506505815,0.0,0.0,train,6,602,12
-88.20787762662047,40.116083548864395,1155.3779756081187,0.5,0.61938226,train,425,664,173
-88.28438454899039,40.083628524517586,4645.836902481129,0.0,0.0,train,786,12,300
-88.2025427663803,40.14534785040577,4115.15662135129,0.0,0.0,train,100,709,54
-88.21349503335203,40.1236547338229,1532.5014757044166,79.5,0.0,train,341,616,132
-88.24018322818725,40.082070344892685,3128.3884485699896,0.0,0.0,train,803,389,327
-88.27241673223915,40.092899323642186,3206.9607606617883,8.25,0.0,train,683,114,262
-88.26385253294355,40.09658707615589,2379.5417741352303,0.25,0.0,train,642,187,243
-88.28411897126894,40.12676839539135,4009.7058434693604,25.25,0.0,train,307,14,120
-88.24954073979708,40.10027017767096,1264.497996290222,16.25,0.14616445,train,601,309,246
-88.20163313014898,40.13021639462056,2651.520339731126,47.5,0.0,train,268,717,114
-88.27826872686866,40.10695203084283,3086.721988077613,0.0,1.6136695,train,527,64,201
-88.18222936858993,40.15018646758947,5416.849916412869,57.49999999999999,0.0,train,46,882,17
-88.1865209804545,40.11930069133137,2965.00213652459,0.0,0.0,train,389,846,156
-88.26725204704806,40.098030068832934,2520.2237940459954,2.5,0.0,train,626,158,243
-88.17429898644174,40.12856096547175,4330.9044267518475,0.0,0.0,train,286,950,119
-88.27600889743121,40.14423671659127,4745.326828485186,0.0,0.0,train,113,83,41
-88.25676588200767,40.14143366999649,3678.7127266925067,0.0,0.0,train,144,247,44
-88.23941313046669,40.130523382294875,2248.5651928306884,39.0,0.0,train,265,395,107
-88.22649502832043,40.13798734158518,3051.5918299646796,0.0,0.0,train,182,505,70
-88.18145341881473,40.07696470789492,4944.136401794718,2.0,0.0,train,859,890,357
-88.20813865980125,40.10167383018009,1382.481551725587,14.75,0.026482398,train,585,662,233
-88.19256302495408,40.147497634680995,4690.607186902004,0.0,0.0,train,76,794,35
-88.23420228986582,40.082966010542535,3040.8101875539073,57.75,0.0,train,793,440,308
-88.23098394592513,40.1180876451515,851.4777492209874,0.0,0.20292227,train,403,467,169
-88.2658109058125,40.132252963281246,3162.165475342036,23.25,0.0,train,246,170,83
-88.20747528868519,40.079787853393874,3571.792306071993,0.0,0.0,train,828,668,333
-88.27605772727877,40.086056405401756,3933.748184936138,7.5,0.0,train,759,83,301
-88.19913083186522,40.090045654957564,2865.4424880273664,0.0,0.0,train,714,739,294
-88.2832925478433,40.13379289320178,4365.181863380855,0.0,0.6326072,train,229,21,80
-88.28047081569409,40.14108666901415,4725.194776050493,0.5,0.0,train,148,45,40
-88.21194558039505,40.071326699103615,4409.350061645689,0.0,0.0,train,922,630,372
-88.19142076703397,40.07598665364127,4526.335487361632,18.0,0.0,train,870,805,356
-88.21121664943196,40.151211345380666,4560.632771960741,0.0,0.0,train,35,635,12
-88.23234772264021,40.06846425970072,4654.222586604119,100.0,0.0,train,954,456,389
-88.28298696232156,40.070838975046115,5580.847836358321,0.25,0.0,train,928,24,360
-88.25749190662891,40.12171053107785,1817.509417581682,0.5,0.0,train,363,241,144
-88.22066056294487,40.118168124670625,840.0921531678636,11.25,1.8587805,train,402,555,171
-88.27743508559915,40.122352309915144,3283.300621475053,4.25,0.0,train,356,71,141
-88.19365747097258,40.07148621969831,4868.971447253288,0.0,0.0,train,920,786,375
-88.18126925029819,40.107045425638255,3276.1986458777546,9.0,0.0,train,525,891,217
-88.23572331426762,40.08521887485224,2787.7252007225247,49.25,0.042539764,train,768,427,308
-88.22811769579658,40.15104781175494,4504.565500024476,0.0,0.0,train,37,491,9
-88.18838151468212,40.127048390179944,3213.11260817308,49.5,0.0,train,303,830,136
-88.18036219233348,40.09308452417733,3857.30911506589,0.0,0.0,train,680,899,277
-88.23507850059225,40.125926612673595,1729.7253412365867,13.0,0.24916884,train,316,432,128
-88.20089540628003,40.14759752599748,4398.478795903093,0.0,0.0,train,75,723,34
-88.25243505009195,40.132064267752845,2574.856121304102,0.0,0.0,train,248,284,85
-88.19926841097264,40.079688583527,3840.303079245654,0.0,0.0,train,829,738,334
-88.21984523477603,40.11465489516721,448.5064090090794,8.0,11.333384,train,441,562,171
-88.17687233898486,40.13198683244794,4333.249492407117,0.0,0.0,train,248,928,98
-88.18292958242787,40.151988615836316,5546.660223821982,0.0,0.0,train,26,876,17
-88.26568991095675,40.13594544041121,3483.1649425855358,0.0,0.0,train,205,171,83
-88.17543034636765,40.0959599129704,4088.2747483951816,43.75,0.0,train,648,941,258
-88.20147970575768,40.08815703335259,2925.8095959354873,1.5,0.0,train,735,719,294
-88.18201329535069,40.0888537426753,4001.4910294384513,16.5,0.0,train,727,885,297
-88.26337348061112,40.10631355384582,1846.9989896899212,0.0,0.0,train,534,191,203
-88.18294086255958,40.09362827721613,3637.499698178741,0.0,0.0,train,674,877,277
-88.2332852538968,40.068645199422015,4632.284614941106,100.0,0.0,train,952,448,388
-88.24959394765904,40.15250632375859,4736.609395615167,9.75,0.0,train,21,308,6
-88.1947791387496,40.154254945777495,5280.112898080503,0.0,0.0,train,1,775,15
-88.20523972697958,40.0840183605576,3191.6087532003667,2.75,0.0,train,781,687,313
-88.25641373124552,40.14152349864597,3678.195987853081,0.0,0.0,train,143,250,45
-88.18001766832637,40.08984180933047,4075.2577098941524,0.0,0.0,train,716,902,298
-88.1722208514533,40.06452353110897,6511.3288866733665,0.0,0.0,train,997,969,399
-88.26305765035444,40.07127891569237,4671.143732925039,0.0,0.0,train,923,194,363
-88.20192015701684,40.10301788109612,1713.8734690627934,2.25,2.6768982,train,570,715,234
-88.1803950469553,40.07840432309786,4885.44081444435,0.0,0.0,train,843,899,337
-88.19925271868382,40.14741551182595,4432.002133352816,0.0,0.0,train,77,737,34
-88.20249190858213,40.11067384386866,1442.6507655759817,0.0,43.272766,train,485,710,194
-88.26597587125981,40.08397953506057,3543.549180797882,0.0,0.0,train,782,169,303
-88.23772808056215,40.077024817816095,3693.3257842362837,11.25,0.2120738,train,859,410,348
-88.24583163748278,40.0660435227942,4913.6865783201565,14.249999999999998,0.0,train,981,341,386
-88.18558911662953,40.11623738630642,2950.1867213054434,8.75,0.0,train,423,854,177
-88.17523435425673,40.079298024619206,5127.318257336469,0.0,0.0,train,833,943,338
-88.27219436668035,40.079299710015206,4274.9788388390725,0.0,0.0,train,834,116,322
-88.24410719187446,40.12989665860603,2190.678576384561,19.75,0.0,train,272,355,107
-88.19187997313863,40.1373197992408,3780.9179176883003,0.0,0.0,train,189,800,76
-88.22353533902498,40.15419572162645,4844.985763286185,0.0,0.0,train,2,530,10
-88.23847498396884,40.13016236892432,2206.6331261902865,13.25,0.03519439,train,269,403,108
-88.26232405628086,40.1003687824105,2026.314204293794,2.75,0.0,train,600,200,244
-88.23388111770187,40.14249702177554,3566.7522332983617,18.5,0.14591768,train,132,442,48
-88.18691887950088,40.09786632048039,3111.5883972501624,27.500000000000004,0.0,train,627,843,256
-88.25500025743327,40.1461157123725,4130.265177755754,0.0,0.0,train,92,262,25
-88.25879467315815,40.1104535745199,1405.3129924161801,4.0,0.17431815,train,488,230,184
-88.22881899388567,40.1529397456122,4715.961404801213,57.75,0.0,train,16,485,9
-88.25184945760785,40.13116323547083,2463.907243081661,0.25,0.0,train,258,289,105
-88.24232886435453,40.14367477452275,3714.208740821894,0.0,0.030219296,train,119,370,47
-88.23383231575168,40.09548442633396,1651.9495403832102,0.0,0.12942338,train,654,443,268
-88.18157187540979,40.129201159573284,3828.949486186366,0.0,0.0,train,279,888,117
-88.17928955954793,40.15270432519883,5790.268315246041,0.0,0.0,train,18,907,18
-88.21416712720188,40.07466133910857,4017.8463345059627,38.25,0.0,train,885,611,352
-88.25926981756247,40.10496006380661,1558.9385841011733,60.5,0.0,train,549,226,204
-88.21400083362758,40.10276076931097,987.3603823660109,0.0,1.0884905,train,573,612,232
-88.22906283203474,40.0701725493659,4471.0822527187065,0.0,0.0,train,935,484,369
-88.18674361151837,40.12488483514525,3203.7350661530554,0.0,0.0,train,327,844,136
-88.21566684252976,40.0888027528003,2443.6610532727886,81.5,0.0,train,728,598,291
-88.23208686773117,40.08629650821501,2675.293153014996,0.0,0.0,train,756,458,309
-88.20597829932547,40.06519599950883,5172.333810297849,0.0,0.0,train,990,681,393
-88.23529839647448,40.136193887031766,2869.8747241185897,33.5,0.0,train,202,430,88
-88.18188987601025,40.144512125001484,4938.4896782417945,0.0,0.0,train,109,885,57
-88.17510336069941,40.13585709908362,4702.774550136469,3.75,0.0,train,205,943,98
-88.21371504591973,40.0650241194779,5086.182866595282,0.0,0.0,train,992,615,392
-88.27883361146021,40.13397100495345,4080.1903868637623,0.0,0.0,train,227,59,81
-88.20071321576312,40.120578684617115,1939.9838919406795,94.0,0.0,train,375,725,154
-88.27888425000381,40.070476866927216,5403.183030580724,0.0,0.0,train,932,59,361
-88.17315741928617,40.1150500499209,3973.923433419672,0.5,0.0,train,436,960,179
-88.1873764318081,40.10327065533063,2850.7978941854863,3.75,0.062423665,train,567,839,236
-88.24693747452737,40.118550956413245,1006.0098507987734,5.25,0.11652142,train,398,331,146
-88.23118230333925,40.142314548570006,3541.1694928498587,0.0,0.0,train,134,465,49
-88.26632223774646,40.08947357155868,3081.3257088322885,2.25,0.0,train,721,166,283
-88.22604109179788,40.12817014869432,1960.9417153547445,0.0,0.0,train,291,509,110
-88.28342549458867,40.11244818165069,3513.6521724445056,0.0,0.0,train,466,20,180
-88.18469657522202,40.149018856625354,5189.561488848098,0.0,0.0,train,59,861,37
-88.1728902125554,40.12891927105234,4455.870600899209,0.0,0.0,train,282,962,119
-88.2423026820876,40.07531730511586,3874.8210765549666,21.75,0.0,train,878,371,347
-88.27675096388045,40.098485411877434,3212.0535003166838,7.5,0.0,train,621,77,241
-88.17509834722188,40.138018581376535,4849.886508253833,0.0,0.0,train,181,943,78
-88.2554195820751,40.08721518020411,2787.564282151407,2.75,0.0,train,746,259,285
-88.21367375229741,40.08862058547469,2491.4582754874436,0.25,0.61674476,train,730,615,292
-88.1998824041132,40.06545932771652,5283.988657673462,0.0,0.0,train,987,733,394
-88.2427684053825,40.07774937191869,3604.98871897731,0.0,0.0,train,851,367,347
-88.25878228230326,40.12180143120882,1904.1962455518378,29.5,0.0,train,362,230,144
-88.27579014235162,40.125323560308466,3310.2505429033386,0.5,0.0,train,323,85,121
-88.173619893181,40.11793268426774,3987.3806709609407,0.0,0.2879358,train,404,956,179
-88.2830711416069,40.11578033931027,3529.1190197516635,0.0,0.0,train,429,23,160
-88.21144294285506,40.09023939023628,2363.016454400665,0.0,8.777736,train,712,634,292
-88.17925987163618,40.11388751739014,3442.3280278671455,0.25,0.0,train,449,908,178
-88.24942423524621,40.099639654666106,1321.487022363057,21.5,0.49515414,train,608,310,246
-88.21082401229468,40.10843139412621,771.6484117031493,0.0,0.041846514,train,510,639,212
-88.1875573212354,40.07346009179972,4940.224656833377,0.0,0.0,train,898,838,356
-88.23135497658733,40.10529910088938,567.3740404157589,0.0,14.762626,train,545,464,209
-88.19041752038761,40.10723719980262,2500.4967321366876,0.0,0.0,train,523,813,216
-88.27899016752664,40.084706874623556,4219.284755507398,6.0,0.0,train,774,58,301
-88.23953863152335,40.12457937668268,1589.003043162947,0.0,0.0,train,331,394,127
-88.20594391146919,40.146522446934235,4148.204254336626,0.0,0.0,train,87,680,33
-88.20925222704088,40.13427760488747,2765.700373509227,6.0,0.0,train,223,652,93
-88.17281672924223,40.11027626977127,3972.7611120997494,0.25,0.0,train,489,963,199
-88.1910015336399,40.10840873159727,2434.7137101295157,0.0,0.0,train,510,808,216
-88.20672577613772,40.1046443601049,1269.1290831422584,40.75,0.0,train,552,674,233
-88.22827085613511,40.12781194407422,1925.5702325282678,12.25,0.47163615,train,295,490,109
-88.17953668873882,40.147210880971365,5296.826471123906,0.0,0.0,train,79,905,38
-88.27496079884692,40.134779676888705,3896.5791030554697,9.5,0.0,train,218,92,81
-88.18206773816188,40.1172235268337,3267.0139956406706,0.0,0.0,train,412,884,177
-88.19120649862066,40.122638841354295,2749.9371354487644,0.0,0.0,train,352,806,156
-88.23039128662533,40.12213992537884,1300.1299632835055,13.0,0.56172484,train,358,472,149
-88.22315051667815,40.10177914551244,974.2678134739135,8.75,2.0543346,train,584,534,230
-88.27706605478173,40.143066429157855,4698.839761368839,0.0,0.0,train,126,74,41
-88.27627448722782,40.10731131585971,2913.2520478709725,0.0,0.16089308,train,523,81,201
-88.26031076225424,40.11865022259305,1797.5145693926077,15.5,0.0,train,397,217,144
-88.18347194134559,40.065349199475584,5887.6349811546625,0.0,0.0,train,988,873,397
-88.19289877338757,40.09841410078475,2635.930076512652,0.0,5.966135,train,621,792,255
-88.2790736568535,40.127216452784104,3658.235097790329,5.5,0.0,train,302,57,121
-88.22760512169513,40.10313423653514,815.0786868868537,35.75,5.6315536,train,569,496,229
-88.20442165839962,40.1447195236831,3995.8090697034418,1.0,0.0,train,107,693,53
-88.25712115126355,40.13855191890562,3390.076114580171,0.25,0.42454976,train,176,244,64
-88.23028307981127,40.11610565107552,630.0847969556631,0.0,10.60189,train,425,473,169
-88.21080461851808,40.1192388653802,1205.8170006013615,0.0,0.0,train,390,639,152
-88.2168848374097,40.1309532319743,2267.721073122993,24.5,0.0,train,260,587,111
-88.20055476513227,40.08140126098876,3621.172012671785,0.75,0.0,train,810,727,334
-88.27301927930657,40.074526801630775,4749.575069637093,0.0,0.0,train,887,109,342
-88.20007705312155,40.14597547276445,4257.381932628934,0.0,0.0,train,93,730,34
-88.2484483967837,40.12989992189986,2247.3845391467653,4.75,0.0,train,272,318,106
-88.19058619144558,40.13875920436291,3974.681458218007,0.0,0.0,train,173,811,76
-88.19153393624703,40.13443738962736,3555.2567472358555,0.5,0.0,train,221,803,96
-88.20792757464186,40.15273888127602,4777.7790346657775,0.0,0.0,train,18,663,13
-88.2415092083164,40.142323197602266,3562.552136391642,4.25,0.06816153,train,134,377,47
-88.1842437725002,40.087685818296485,3934.3260020476637,31.5,0.378928,train,740,866,297
-88.211681776484,40.15364350437307,4822.09864936085,0.0,0.0,train,8,631,12
-88.22781366590691,40.11997610973703,1054.8551626695457,15.0,0.07585085,train,382,494,149
-88.26727755612504,40.071641651109935,4782.850743160287,0.0,0.0,train,919,158,363
-88.20682203980859,40.115992338257435,1227.9320277019415,0.0,3.0337627,train,426,673,173
-88.17187793686072,40.11045508984851,4052.648625908717,0.0,0.0,train,487,971,199
-88.26867929031314,40.0769561632056,4323.435786581392,40.0,0.0,train,860,146,342
-88.23666146639195,40.08512959866316,2795.778371525562,0.0,0.5506017,train,769,419,308
-88.19400732393838,40.07238727171148,4766.253378174692,0.0,0.0,train,910,783,375
-88.22871363044744,40.06855109812796,4651.758061272196,1.5,0.0,train,953,487,389
-88.27522989986645,40.094341773268894,3314.0756633293254,7.000000000000001,0.0,train,667,90,261
-88.27778674333415,40.12271272840285,3327.1433355381555,0.0,0.0,train,352,68,141
-88.20688394686235,40.145893043765724,4059.285090683224,0.0,0.0,train,94,672,33
-88.197870338235,40.134354912693816,3211.8772501717517,0.0,0.018561283,train,222,749,94
-88.23390277752543,40.12763679182975,1917.2393976646167,6.25,0.10435128,train,297,442,108
-88.23316354371522,40.0717072404637,4292.6279849113835,0.0,0.0,train,918,449,368
-88.25368193328454,40.06902127065172,4675.505639910146,0.0,0.0,train,948,274,365
-88.23646157149784,40.14339982904623,3672.068369070737,0.0,0.0,train,122,420,48
-88.28234537313058,40.14514029972721,5165.254829987655,0.0,0.0,train,103,29,40
-88.19647494145873,40.06950819416323,4966.509748103784,0.0,0.0,train,942,762,375
-88.18247139570545,40.09380779219775,3661.5739349740625,32.0,0.0,train,672,881,277
-88.23388216824652,40.141776526660735,3486.775853388875,16.25,0.0,train,140,442,48
-88.24918646206265,40.102251299061024,1060.7686071765002,0.0,0.0,train,579,312,226
-88.28439531634596,40.068587999790914,5851.648700891822,0.0,0.0,train,953,12,380
-88.27207744645588,40.078939396252736,4301.282106818139,0.0,0.0,train,838,117,322
-88.21101583809384,40.13229811423653,2510.9775167062216,44.25,0.0,train,245,637,92
-88.18791399952434,40.071118900389735,5143.397900268018,0.0,0.0,train,924,835,376
-88.18940951241976,40.14028880224758,4170.24544824946,2.75,0.0,train,156,821,76
-88.28309320477186,40.085789481632744,4409.815039739565,0.0,0.0,train,762,23,300
-88.19857134185894,40.07644550739405,4190.355275692338,0.0,0.0,train,865,744,354
-88.16958750599878,40.08730577679205,4975.236454401235,63.0,0.78220475,train,744,991,299
-88.24313759123379,40.064510382258895,5075.235335867481,0.0,0.0,train,998,364,387
-88.2104115626976,40.076908990741444,3821.1958450891393,0.0,0.0,train,860,643,352
-88.23070955519263,40.06648143055356,4877.559415555067,100.0,0.0,train,976,470,389
-88.27335905286287,40.08812648579126,3608.686511335617,0.0,0.0,train,736,106,282
-88.2027790305577,40.14453755953826,4023.8435995400055,0.0,0.0,train,109,707,54
-88.18258111180775,40.097230317588064,3474.657726066423,0.0,0.0,train,634,880,257
-88.26708749920769,40.1467536915922,4573.630491475422,7.249999999999999,0.0,train,85,159,23
-88.25144720957934,40.07523406667277,3961.384985884553,8.25,0.0,train,879,293,345
-88.18240126963852,40.07246279554361,5283.401686529397,0.0,0.0,train,909,882,377
-88.16976876422989,40.10955150588837,4234.11875012672,17.75,0.0,train,497,989,199
-88.25269132124343,40.11378179760674,969.3030829622893,0.0,0.0,train,451,282,185
-88.23021282738307,40.084943911896055,2829.1366187166277,0.0,0.0,train,771,474,309
-88.25665075974571,40.13945222898711,3468.7238981910314,0.0,0.0,train,166,248,64
-88.1752383116666,40.07758683379046,5257.846982888587,0.0,0.0,train,852,943,358
-88.2446180647686,40.09792488236742,1378.6903734690015,0.0,6.878026,train,627,351,247
-88.17688679311108,40.12568249970614,3992.2710786778694,91.5,0.0,train,318,928,138
-88.2431565309364,40.13899219702192,3196.06316350999,19.0,0.0,train,171,363,67
-88.18020051005244,40.11289807826362,3352.55137434127,35.25,0.0,train,460,900,198
-88.17172367528914,40.076501228341044,5558.046202622077,0.0,0.0,train,864,973,359
-88.18130352934348,40.09164475951425,3872.872192358353,0.0,0.0,train,696,891,277
-88.22273798590075,40.13924468324458,3183.7749880638426,0.25,0.0,train,168,537,70
-88.28434042805667,40.14514116097843,5279.193798202674,0.0,0.0,train,103,12,40
-88.21160539950924,40.13067761660921,2324.190628790956,0.0,0.0,train,263,632,112
-88.1978440431555,40.147593995988935,4497.997704039972,0.0,0.0,train,75,749,34
-88.20406755861961,40.08383693270664,3249.2127079191446,19.75,0.0,train,783,697,313
-88.25261042408522,40.082980300433576,3148.857186651337,0.0,0.4661285,train,793,283,305
-88.27251162519899,40.118026835746356,2716.5446504114348,0.0,0.0,train,404,113,162
-88.27086385210366,40.12397007353805,2873.296133076533,2.0,0.0,train,338,127,122
-88.19337673197506,40.09409166992744,2880.5026674115666,0.75,0.7674182,train,669,788,275
-88.17188538953023,40.107302913347155,4068.7896832080655,28.000000000000004,0.0,train,522,971,219
-88.18612977948375,40.08309502448225,4170.958438079631,36.5,0.0,train,791,850,317
-88.18740689793114,40.14388877508204,4591.941394719348,0.0,0.0,train,116,838,56
-88.22252406602878,40.12645565467909,1763.7082754985295,0.0,0.0,train,310,539,130
-88.27390844065374,40.13054621992299,3514.1630393721516,5.75,0.0,train,265,101,102
-88.28483347798996,40.11190840486576,3629.8141425286294,23.5,0.0,train,472,8,180
-88.16960697778862,40.12810411641139,4668.357756111032,32.5,0.0,train,291,990,119
-88.19715856720285,40.07941593377379,3950.608905642054,0.0,0.0,train,832,756,335
-88.19518142717976,40.12948838065198,2941.9239077665316,5.25,0.011304083,train,276,772,115
-88.27498959363811,40.101096355742634,2964.21440935404,1.0,0.0,train,592,92,221
-88.23682280573921,40.136915664193296,2953.009903642197,0.0,0.0,train,194,417,68
-88.19694046146296,40.12994077653055,2875.9173006513397,10.75,0.69005287,train,271,757,115
-88.2328069547696,40.0750392653257,3923.4661815869817,83.5,0.0,train,881,452,349
-88.24926449063314,40.134133439018136,2721.0513798393995,42.0,0.0,train,225,311,86
-88.17568693795484,40.13720882578532,4754.591952530957,0.0,0.0,train,190,938,78
-88.17209636562856,40.11730013689173,4101.366375873192,17.25,1.1943396,train,411,969,179
-88.27944568254242,40.10181901577341,3300.251896369313,0.0,0.0,train,584,54,221
-88.27838587245287,40.10713221160641,3094.3596527008663,0.0,1.452332,train,525,63,201
-88.21069798520048,40.11329463455318,800.0892998835058,0.75,55.083652,train,456,640,192
-88.221775207407,40.15392385383863,4811.349852034575,0.0,0.0,train,5,545,10
-88.1734304134406,40.148733661901176,5767.758170557235,4.0,0.0,train,62,957,39
-88.19716182029133,40.136605633899116,3452.6853840821623,0.0,0.0,train,197,755,75
-88.24919711121954,40.09360528777093,1935.3760682748675,1.25,0.0,train,675,312,266
-88.21446510707794,40.105553186810134,703.3939676596673,3.0,2.217717,train,542,608,212
-88.18032931358579,40.10776468791389,3347.227997448347,0.0,0.0,train,517,899,217
-88.20151392330524,40.070414668307826,4718.135579488385,0.0,0.0,train,932,719,374
-88.27195413870004,40.085694052196885,3714.9292149190464,10.25,0.0,train,763,118,302
-88.19213050199261,40.12966482535032,3143.1501919924967,55.25,0.04834806,train,274,798,115
-88.19071809614853,40.07562553869907,4592.103015494774,11.75,0.0,train,874,811,356
-88.28226986827195,40.089211510741066,4128.679547242254,1.5,0.0,train,724,30,280
-88.22473329565332,40.13897638547205,3157.914583554725,0.0,0.0,train,171,520,70
-88.25778133877019,40.07217622601908,4424.764577106309,3.25,0.0,train,913,239,364
-88.18464510824285,40.0649003951845,5879.153561843545,33.0,0.0,train,993,863,397
-88.23071466016324,40.14114332902103,3410.235937154051,0.0,0.0,train,147,469,49
-88.23890805862784,40.07153193878925,4300.71583518935,0.0,0.0,train,920,400,368
-88.17521422945539,40.1386491738401,4886.474068452932,2.75,0.0,train,174,942,78
-88.1845125489119,40.12578261208766,3418.3276478704447,0.0,0.0,train,317,863,137
-88.17685788030039,40.13829115830102,4753.51175040572,0.0,0.0,train,178,928,78
-88.20816148595694,40.153189443462594,4822.752363428851,0.0,0.0,train,13,661,13
-88.26808750793123,40.082809925530164,3753.574951201229,35.25,0.0,train,795,151,303
-88.25131862845996,40.084690588527835,2936.247867332854,0.25,0.0,train,774,294,305
-88.22330626406315,40.15068309257426,4454.614942055897,61.25000000000001,0.0,train,41,532,10
-88.19396158814554,40.15227260491154,5108.116969407959,0.0,0.0,train,23,782,15
-88.25773072782324,40.11792806810059,1568.6908763385013,0.0,0.2482202,train,405,239,164
-88.20969265517691,40.08546420497803,2913.7675568941213,28.000000000000004,0.0,train,765,649,312
-88.2079404931038,40.14571406879117,4017.2518983897226,0.0,0.0,train,96,663,33
-88.21429596485117,40.06799680245567,4752.9249229560755,0.0,0.0,train,959,610,392
-88.28474507067469,40.07129004137916,5636.746134293528,36.25,0.0,train,923,9,360
-88.19002878879508,40.12479888444991,2958.4440053925973,1.25,0.0,train,328,816,136
-88.18770485347697,40.11425869320097,2733.2130214756503,0.0,0.0,train,445,836,176
-88.24137472558806,40.06793139762157,4695.585784217234,0.0,0.0,train,960,379,387
-88.22672915276327,40.13834780558594,3092.065989090829,0.0,0.0,train,178,503,70
-88.2031367591669,40.08005324750496,3667.002911247497,0.0,0.0,train,825,705,334
-88.17326041898257,40.07109958012096,5894.795763458161,0.0,0.0,train,924,960,379
-88.21465271803807,40.132572084818754,2470.757230235233,9.25,0.0,train,242,606,92
-88.19697680861421,40.11174823196854,1916.8904032223625,15.5,1.9205931,train,473,757,195
-88.27553779994714,40.1462178457531,4898.897816592622,0.0,0.0,train,91,87,21
-88.26925425658247,40.08893485353494,3295.4195417669766,29.5,0.0,train,727,141,282
-88.23229181123804,40.10629061016698,455.4626413545997,0.0,84.20763,train,534,456,209
-88.1806991021155,40.09974960717163,3514.657458327914,20.5,0.0,train,606,896,257
-88.22976101179634,40.07359557327844,4089.7365406343374,100.0,0.0,train,897,478,349
-88.2708732470603,40.11370296732842,2465.3631826716014,7.5,0.0,train,452,127,182
-88.27653131166801,40.08056279953681,4399.268085128957,9.75,0.0,train,820,79,321
-88.1947864592163,40.1506524817596,4915.4254913069935,0.0,0.0,train,41,775,15
-88.28074278420932,40.09272327737709,3809.0043425053937,3.75,0.0,train,685,43,260
-88.2087532716438,40.15048822652773,4518.798403530371,0.0,0.0,train,43,656,13
-88.25436552171445,40.086133711943916,2864.51657604097,0.0,0.0,train,758,268,305
-88.27522737216077,40.097313842411396,3150.7487438911485,0.0,0.0,train,634,90,241
-88.2689134288754,40.07731654575827,4299.804072031099,0.0,0.0,train,856,144,342
-88.1940388350435,40.11444660886804,2204.523119942364,0.0,0.0,train,443,782,175
-88.23728253554995,40.14376076082133,3713.7574511253824,0.0,0.0,train,118,413,48
-88.2600602846568,40.13342027567582,2987.8172997316497,5.25,0.0,train,233,219,84
-88.20186622893816,40.131027218945015,2714.875027043386,35.25,0.0,train,259,715,114
-88.2777063289483,40.07741116461635,4730.269519722375,0.0,0.0,train,855,69,341
-88.20889150855105,40.139050507778464,3281.4708231606587,0.75,0.0,train,170,655,73
-88.23665165562424,40.09206442902546,2026.005714896457,0.0,0.022101039,train,692,419,268
-88.17283112336212,40.10415203909062,4035.9778590581236,0.0,0.0,train,557,963,239
-88.27812958977492,40.13397067149936,4034.568516038242,0.0,0.0,train,227,65,81
-88.18511163814551,40.065981751017354,5755.457543607312,0.0,0.0,train,981,859,397
-88.20522639018576,40.0911333099701,2479.0886902001844,0.0,0.0,train,702,687,293
-88.20565976043899,40.110227066722985,1173.3916421350339,0.0,84.02469,train,490,683,193
-88.27530231755512,40.147118347452505,4969.42981948629,0.0,0.0,train,81,89,21
-88.24915337595993,40.12908987662257,2175.3424977378286,0.0,0.0,train,281,312,106
-88.24555823137345,40.09639453256783,1559.27522576595,0.0,1.545491,train,644,343,246
-88.21839876942454,40.13770940305589,3008.865385240872,64.25,0.0,train,185,574,71
-88.1852892533828,40.14631775923243,4916.110973048255,0.0,0.0,train,89,856,37
-88.27053500677145,40.098842459476714,2717.390229052196,2.5,0.59954476,train,617,130,242
-88.2131026684105,40.07997395639935,3445.2698950396543,33.25,0.0,train,826,620,332
-88.23057040783985,40.08107152398558,3258.2807069731266,0.0,0.0,train,814,471,329
-88.25911375874753,40.1406246403091,3667.605417741189,0.0,0.0,train,153,227,64
-88.26135810535213,40.12666642440855,2443.8081712560916,2.75,0.0,train,308,208,124
-88.22778246461522,40.140150011302026,3294.193800135961,0.0,1.6183804,train,158,494,69
-88.22693494235655,40.08160861968759,3205.8309441978363,0.0,0.0,train,808,502,330
-88.22190815455768,40.07250752960781,4225.981077740644,0.0,0.0,train,909,545,370
-88.17424400120126,40.10181236129877,3973.419958898298,1.25,0.0,train,583,951,239
-88.1855746801443,40.0686842366988,5478.222291395568,3.5000000000000004,0.0,train,951,855,397
-88.2345957863789,40.1352026069825,2758.4492942288016,0.0,0.0,train,213,436,88
-88.25113461479823,40.14016894134392,3409.837605428579,0.0,0.0,train,158,295,65
-88.19326167948947,40.09301077801907,2965.803918208151,11.75,0.0,train,681,789,275
-88.25704438170904,40.10225674104941,1535.6259609616009,0.25,0.0,train,579,245,224
-88.27438009912358,40.12784459440875,3362.058838418543,0.0,0.0,train,295,97,101
-88.27462126020635,40.120279483786675,2972.227666895307,9.5,0.0,train,379,95,141
-88.2738363179734,40.078670123923665,4415.137941932812,0.0,0.0,train,841,102,322
-88.17925275772623,40.11703969141644,3497.0750135419103,0.0,0.0,train,414,908,178
-88.20841998530213,40.07609629331805,3946.497231971599,0.5,0.0,train,869,660,353
-88.20741488088356,40.112570612249776,1045.5519242339335,0.0,8.295376,train,464,668,193
-88.211610540481,40.12779563187753,2019.533241680269,0.0,0.0,train,295,632,112
-88.23810665192875,40.14187013958259,3505.520345962909,56.00000000000001,0.0,train,139,406,48
-88.21024079485974,40.106629525199025,898.9505262457808,0.0,0.0,train,530,644,212
-88.20207205015262,40.08500550628387,3205.727279023089,12.5,0.0,train,770,714,314
-88.17484482693403,40.14612381176002,5474.360179126189,0.0,0.0,train,91,945,38
-88.27861316481511,40.11622863104016,3165.7594460886053,0.0,0.0,train,424,61,161
-88.20476506481172,40.14931306289301,4473.7699426322415,0.25,0.0,train,56,690,33
-88.23021934927081,40.080620897257496,3308.994898173691,24.0,0.0,train,819,474,329
-88.25155755089081,40.08099817712835,3338.443613673815,17.25,0.0,train,815,292,325
-88.1758516852371,40.06578940769663,6211.39580103787,0.0,0.0,train,983,938,398
-88.18391484095906,40.07723809771909,4785.775169342921,19.75,0.0,train,856,869,357
-88.20656334311604,40.128961025754606,2312.1821528505916,52.0,0.0,train,282,675,113
-88.26555458241356,40.15404781724441,5254.575916437238,0.0,0.0,train,4,172,3
-88.19624608633585,40.0667159663958,5260.212099033416,0.0,0.0,train,973,764,395
-88.19788254526311,40.06905953284784,4966.720729849145,0.0,0.0,train,947,750,375
-88.26522926982624,40.12720913905382,2715.930388630151,0.25,0.0,train,302,175,123
-88.20179576200822,40.10671030509846,1563.5708926360512,8.5,0.065979645,train,529,716,214
-88.23128584908586,40.073056548040086,4146.560025952244,48.5,0.0,train,903,465,369
-88.25473437367108,40.071273567784495,4451.658087874425,0.0,0.0,train,923,265,365
-88.1785179648633,40.07894220754765,4953.231393420798,0.0,0.0,train,837,915,338
-88.18607776545049,40.10723176377204,2866.9025352490626,33.75,0.0,train,523,850,217
-88.28414181498898,40.09506640276336,3943.1534849634368,2.0,0.0,train,659,14,260
-88.20709278254942,40.09644906077251,1892.1049625645371,3.25,0.0,train,643,671,253
-88.17141131516355,40.10937368885944,4094.7668984389493,0.5,0.0,train,499,975,199
-88.21101648390542,40.131937866332805,2472.648305727191,95.75,0.0,train,249,637,92
-88.24079972469767,40.14628535959728,4000.9643183798153,0.0,0.0,train,90,383,27
-88.22282125473969,40.08781910793898,2524.5391279777664,90.5,0.0,train,739,537,290
-88.17814845940636,40.13838295696101,4676.8204969820135,0.0,0.0,train,177,917,78
-88.19913961218408,40.145253894784936,4215.742501336124,0.0,0.0,train,101,738,54
-88.27227845601449,40.116405589769016,2645.3630771539733,0.25,0.0,train,422,115,162
-88.19826602291577,40.11229011727123,1812.3790648474312,0.0,0.7820937,train,467,746,194
-88.22930866799472,40.13970108214614,3247.367362306572,0.0,5.8670716,train,163,481,69
-88.2214295008306,40.07845122857756,3567.147881829886,100.0,0.0,train,843,549,330
-88.26134299722581,40.1409862957234,3782.112803404699,55.00000000000001,0.0,train,149,208,44
-88.26400078070131,40.066055820687644,5240.380385673302,0.0,0.0,train,981,186,383
-88.20931555999152,40.09942353030606,1512.403367273847,0.0,0.18101856,train,610,652,253
-88.18720807466224,40.127136977764295,3301.4047396207343,0.0,0.0,train,302,840,136
-88.16896262777325,40.15205969408334,6297.448195576806,0.0,0.0,train,25,995,19
-88.24313950014331,40.151871043302826,4625.640954392592,0.0,0.0,train,28,363,7
-88.1816807970224,40.13298391228373,4063.224734787238,18.75,0.0,train,237,887,97
-88.26361918231561,40.09541612041459,2449.483257936612,23.5,0.0,train,655,189,263
-88.28378072776229,40.107855145731826,3544.9924050310883,27.500000000000004,0.0,train,517,17,200
-88.18134498972725,40.07300179290401,5290.315156882173,0.0,0.0,train,903,891,377
-88.27218090977146,40.09434020375939,3097.1038210444904,10.25,0.0,train,667,116,262
-88.1815219734207,40.15162653170042,5581.957757422722,0.0,0.0,train,30,888,17
-88.23989675827886,40.12007655047513,1089.879622485549,39.0,0.95796335,train,381,391,147
-88.23933858705963,40.09945178415452,1200.6591753528007,88.25,6.375094,train,610,396,247
-88.18248401983267,40.14118060794031,4628.249850117297,52.25,0.0,train,146,880,57
-88.19999119443217,40.06978248395087,4827.6086088688335,0.0,0.0,train,939,732,374
-88.26174077529885,40.09739635466552,2183.9002665618714,0.0,0.0,train,633,205,244
-88.27277659255043,40.083803163910986,3917.605754228217,1.5,0.0,train,784,111,302
-88.20326734132179,40.13463128623326,3000.1499388593957,51.0,0.0,train,219,703,94
-88.17625124511191,40.09596102909554,4024.117569225723,0.0,0.0,train,648,934,258
-88.210091644069,40.12428159811862,1712.2407784928093,0.0,0.0,train,334,645,132
-88.24348332804647,40.069013809992995,4575.806048482447,8.5,0.0,train,948,361,367
-88.18884345522154,40.075082837645255,4729.410539748189,19.0,0.0,train,880,827,356
-88.26387605956667,40.073440923703714,4478.089255614308,0.0,0.0,train,899,187,343
-88.26094370969763,40.074880137686065,4232.812062498508,24.75,0.0,train,883,212,344
-88.21416780698733,40.141487731963494,3456.191288588057,0.0,0.0,train,143,610,52
-88.25041936217536,40.14935475220575,4400.426498623316,0.0,0.0,train,56,301,26
-88.20161501554861,40.07879064577343,3846.4697587928827,0.0,0.0,train,839,718,334
-88.18081757018618,40.15171566789235,5624.928677183696,0.0,0.0,train,29,894,17
-88.18550729698649,40.099845905891485,3128.7082026531534,2.75,0.0,train,605,855,257
-88.23920939527085,40.10809768911612,241.1856010242878,0.0,80.390114,train,514,397,207
-88.18370302920347,40.06688057184422,5732.631931578078,0.0,0.0,train,971,871,397
-88.27512751324078,40.07686951944194,4640.9254948824955,0.0,0.0,train,861,91,341
-88.20787431643654,40.11788479289062,1272.0025528523474,35.25,0.15960222,train,405,664,173
-88.19857826490417,40.07293305711378,4546.3334118863795,0.0,0.0,train,904,744,374
-88.1992477602485,40.1499372387575,4691.499976464177,0.0,0.0,train,49,737,14
-88.26032414939334,40.10613154676048,1601.0473329872068,21.0,0.0,train,536,217,204
-88.24241093465109,40.08207211477231,3124.8221035587435,0.0,0.0,train,803,370,327
-88.20989153025131,40.105188152627974,1011.4821152453638,0.0,0.0,train,546,647,212
-88.2750884388558,40.12271140283592,3119.493964170594,0.0,0.0,train,352,91,141
-88.20598174486987,40.12625852125041,2079.7381977891114,56.25,0.0,train,312,680,133
-88.18311677027273,40.12028701161922,3275.036461733108,0.0,0.0,train,378,875,157
-88.18484395113722,40.081292125263936,4392.639374669424,2.75,0.0,train,811,861,337
-88.2463302579865,40.13476170668803,2746.9441967630746,0.0,0.0,train,218,336,86
-88.26774129181565,40.0770456989458,4273.814065310746,2.75,0.0,train,859,154,343
-88.20637559133348,40.10374335101066,1348.70319895962,6.0,0.0,train,562,677,233
-88.2357468857852,40.150784306893065,4490.368355629027,0.0,0.0,train,40,426,8
-88.23847786341794,40.12809094051879,1976.7010339504852,29.75,0.41337997,train,292,403,108
-88.18972703247258,40.100931965854606,2750.2684807092355,4.5,0.15151484,train,593,819,236
-88.2005960772365,40.120488488104165,1942.5332662920878,73.25,0.0,train,376,726,154
-88.18259101843243,40.145863968692254,5016.172232559638,0.0,0.0,train,94,879,37
-88.26739982265643,40.066418057752564,5312.725460131576,0.0,0.0,train,977,157,383
-88.2035987272168,40.0837463457055,3274.6815133907307,1.0,0.0,train,784,701,314
-88.26032588236687,40.1045104212861,1661.1703792523756,92.25,0.0,train,554,217,224
-88.26827861142105,40.128381701188154,2994.590227330195,0.0,0.0,train,289,149,102
-88.20516352526315,40.12463649817821,1974.081096006332,23.25,0.0,train,330,687,133
-88.23980745056319,40.09963228901475,1179.6931420325998,100.0,0.7659756,train,608,392,247
-88.23847260506847,40.13187354835078,2396.577028475451,2.25,0.0,train,250,403,108
-88.27334062682904,40.10911108433755,2648.03070839866,0.0,0.0,train,503,106,202
-88.27778315150523,40.12712577872678,3559.137700641736,7.000000000000001,0.0,train,303,68,121
-88.24280210389558,40.140793161311,3395.2751595266877,0.0,0.0,train,151,366,67
-88.17010708451691,40.115225916030134,4234.400111587924,27.250000000000004,0.0,train,434,986,179
-88.19902970478864,40.14147116488468,3840.747812594792,0.0,0.0,train,143,739,54
-88.25542543404663,40.08208159840353,3317.816617021841,25.5,0.0,train,803,259,325
-88.25925535809402,40.11828930283682,1699.8906848655245,1.0,0.0,train,401,226,164
-88.2638651693011,40.08415841438935,3427.465044445304,0.0,0.0,train,780,187,303
-88.20152154086792,40.127244215278466,2394.266179221131,48.25,0.7303264,train,301,718,134
-88.2174569641975,40.13950970548326,3211.8505480356916,0.0,0.0,train,165,582,71
-88.23468779242249,40.071528422163475,4309.463280274654,0.0,0.0,train,920,436,368
-88.18625381155009,40.07994297984328,4427.101793750476,0.0,0.0,train,826,849,336
-88.24691923054543,40.132960904930556,2555.9026469013425,5.0,0.0,train,238,331,86
-88.17125451042186,40.07659063588241,5580.6579008317485,0.0,0.0,train,863,977,359
-88.19526667935958,40.14533940386468,4369.825543877377,0.0,0.0,train,100,771,55
-88.27588395582087,40.15324284613313,5568.760098747256,0.0,0.0,train,13,84,1
-88.18599194866484,40.09264150821352,3479.45911045698,7.249999999999999,0.05456211,train,685,851,277
-88.1815658660871,40.13190301625502,3998.9364223103903,0.0,0.0,train,249,888,97
-88.23151660834716,40.154203014511154,4861.508715113981,39.75,0.0,train,2,462,9
-88.27213546841729,40.14504529217027,4627.86147399147,6.0,0.0,train,104,116,42
-88.1932467215358,40.100305837681525,2507.870890701118,2.0,0.0,train,600,789,255
-88.24895779351206,40.097477811316224,1523.493873927606,8.25,0.5311905,train,632,314,246
-88.19443196212544,40.094183002816116,2805.1340108503227,0.0,0.38979062,train,668,779,275
-88.21084307262346,40.097804027659414,1599.8740970536253,14.000000000000002,0.3439169,train,628,639,252
-88.2567163709485,40.08100170391876,3468.3832880707328,17.25,0.0,train,815,248,324
-88.17512967256626,40.12450930376014,4077.7699093221877,99.5,0.0,train,331,943,138
-88.20363938363921,40.12409442783386,2011.4304161458526,33.5,0.0,train,336,700,134
-88.18083448904245,40.144150492221705,4967.054989231058,0.0,0.0,train,113,894,57
-88.21345896037639,40.14418885978679,3761.4640994672677,0.0,0.0,train,113,616,52
-88.24234135918438,40.13430833062535,2674.5158019982086,0.0,0.0,train,223,370,87
-88.24893019171331,40.119813298883166,1205.792888816951,54.25,0.011655105,train,384,314,146
-88.21191759001697,40.08708768985318,2690.1533340373207,0.0,0.0,train,747,630,292
-88.22206636992503,40.1193402944473,972.9695855492237,19.75,0.39675626,train,389,543,150
-88.23164544794317,40.0677431401779,4735.656874027859,100.0,0.0,train,962,462,389
-88.28122819091801,40.07128851301339,5449.206783581498,0.0,0.0,train,923,39,360
-88.23574495230116,40.152135233127254,4640.324067959412,0.0,0.0,train,25,426,8
-88.18375965075259,40.14811703148585,5154.301421244009,0.0,0.0,train,69,869,37
-88.20453408100514,40.147331444626566,4268.737664811659,0.0,0.0,train,78,692,33
-88.24130560658983,40.11926711729852,1002.8220101158375,0.25,0.09533058,train,390,379,147
-88.25795351084473,40.12864562772626,2442.381585523409,0.0,0.0,train,286,237,104
-88.21133401582976,40.15121146909331,4559.1247712278155,0.0,0.0,train,35,634,12
-88.28215807096635,40.081916366378096,4627.796252615484,0.0,0.0,train,805,31,320
-88.20937169153684,40.13310692525214,2639.249136934074,99.75,0.0,train,236,651,93
-88.25050692107153,40.07721478504281,3730.1524266933993,19.5,0.0,train,857,301,346
-88.25028228840608,40.06910894658998,4614.467029291373,3.75,1.1412126,train,947,303,366
-88.21552442676541,40.103392767172075,868.492366504171,28.499999999999996,3.020475,train,566,599,231
-88.21371830619982,40.13013944515295,2220.807869112226,80.75,0.0,train,269,614,112
-88.25040442854771,40.06505619100085,5061.397423399185,0.0,0.0,train,992,302,386
-88.23811545220904,40.135565802802226,2805.72702175456,0.5,0.0,train,209,406,88
-88.17698702049161,40.08191222817611,4821.8551644200425,0.0,0.0,train,804,928,338
-88.19569415012876,40.10796409048399,2043.6373824478233,0.0,0.0,train,515,768,215
-88.2484079106356,40.06811689304349,4703.109393043613,0.0,0.42425603,train,958,319,386
-88.21773453312672,40.114202495626394,422.53158249523807,0.5,10.526162,train,446,580,171
-88.17068117607327,40.07118605071157,6036.90557550673,0.0,0.0,train,923,982,379
-88.26727981810376,40.069300010947366,5017.107390893889,0.0,0.0,train,945,158,363
-88.23510442159292,40.107914155471605,269.68415650129634,1.5,164.5469,train,516,432,208
-88.24354885828402,40.10837132181769,230.20371328433797,0.0,4.5209584,train,511,360,207
-88.18879031825504,40.10021029974029,2855.4440343455162,12.75,0.0,train,601,827,256
-88.2123724262838,40.09510375371471,1824.6574940901755,44.75,6.6329303,train,658,626,272
-88.17491413789006,40.065698066337454,6267.615495084841,0.0,0.0,train,984,946,398
-88.25879241186004,40.112525010341685,1428.0715472203733,4.5,0.02637525,train,465,230,184
-88.21766162038607,40.08799419638266,2516.9015917793054,89.5,0.0,train,737,581,291
-88.20629866777999,40.082038142650624,3365.0544680934463,0.0,0.33882514,train,803,678,333
-88.23726355388347,40.07387222699941,4044.1943846832332,1.0,0.0,train,894,414,348
-88.20226889669279,40.10463940271172,1605.580103865263,12.75,0.0,train,552,712,234
-88.24410672080988,40.13025690702211,2230.5800115762245,10.25,0.026423497,train,268,355,107
-88.24614919005884,40.092792468910766,1961.9384126235475,0.0,0.10563065,train,684,338,266
-88.20394468150361,40.086808870295826,2954.816068466463,21.0,0.0,train,750,698,313
-88.19949954760493,40.081400046711686,3662.1387405299733,0.0,0.0,train,810,736,334
-88.1851981066311,40.134249334303654,3922.802795600343,0.0,0.0,train,223,857,97
-88.20443476407877,40.13778476426099,3275.100768517732,0.0,0.0,train,184,693,73
-88.24747407768608,40.06496399320023,5043.619390871002,24.75,0.0,train,993,327,386
-88.24450254648174,40.09657385323281,1526.083479866472,0.0,2.3984575,train,642,352,247
-88.21995610699607,40.118527686674135,878.6224356083899,0.0,5.229772,train,398,561,151
-88.23418399714775,40.09557479062057,1641.2235391373533,0.0,0.033130687,train,653,440,268
-88.21342833014398,40.09483466335172,1825.7156752941808,20.75,3.367477,train,661,617,272
-88.28213141274576,40.11749111361101,3489.260129782287,0.75,0.0,train,410,31,160
-88.26650944059561,40.13783722023233,3695.9338065772063,0.0,0.0,train,184,164,63
-88.20748308137789,40.0755549011782,4024.367471050599,0.0,0.0,train,875,668,353
-88.27226088861603,40.13603915423834,3838.9763602028092,25.5,0.0,train,204,115,82
-88.24641556392491,40.06775516278078,4727.429925408786,3.75,0.0,train,962,336,386
-88.25201485474796,40.090815353695675,2307.3815445417035,3.75,0.0,train,706,288,285
-88.19024368389877,40.07823678051983,4372.368264415718,11.75,0.0,train,845,815,336
-88.20393719958098,40.15264442915265,4848.7840051613175,0.0,0.0,train,19,697,13
-88.20433836548294,40.126707013640186,2200.2546314365354,0.0,0.0,train,307,694,133
-88.23597955987742,40.15222549245409,4650.807084619513,0.0,0.0,train,24,424,8
-88.20600660994255,40.11292932244932,1171.3361962171402,0.75,0.088934764,train,460,680,193
-88.20830175970872,40.076636543865,3890.696682009697,0.0,0.0,train,863,661,353
-88.16956395853784,40.14602640183562,5788.404944980128,0.0,0.0,train,92,990,39
-88.21180241586748,40.08591675192307,2818.8592752261775,0.0,0.0,train,760,631,312
-88.25657181070983,40.10531855756405,1331.6395493126108,6.75,0.0,train,545,249,204
-88.25633418914525,40.108020276781616,1219.9055773886976,11.75,0.0,train,515,251,205
-88.2742645656742,40.1257731036464,3225.2680739105913,0.0,0.0,train,318,98,121
-88.26205142034624,40.13684387902536,3401.85541513353,0.0,0.15856649,train,195,202,64
-88.27053600026531,40.09776170761797,2775.277637986604,29.25,0.23831056,train,629,130,242
-88.22736258886638,40.1082675812278,245.73294920287225,11.5,36.284187,train,512,498,209
-88.26996566365959,40.080469331182194,4058.110176904388,4.75,0.0,train,821,135,322
-88.17289275352611,40.12783852841979,4402.286618927989,1.0,0.0,train,294,962,119
-88.23656499565807,40.07044924801224,4425.540096767673,19.0,0.0,train,932,420,368
-88.25891511045299,40.10757165103734,1445.4721891554464,0.0,0.0,train,520,229,204
-88.18217806629202,40.12037585261804,3353.9140188073175,0.0,0.0,train,377,883,157
-88.25569681660538,40.152780761853364,4861.951289017286,0.0,0.0,train,18,256,5
-88.26009575211259,40.10036739493725,1869.2554828333487,0.0,0.0,train,600,219,244
-88.25302171812515,40.13206467608079,2592.082711024268,0.0,0.0,train,248,279,85
-88.24395399503035,40.06766322670305,4726.748710300511,0.75,0.0,train,963,357,387
-88.17675376405205,40.081371535666996,4876.583308052854,0.0,0.0,train,810,930,338
-88.2610322695138,40.10198911102414,1838.8027545826183,96.0,0.0,train,582,211,224
-88.2325634564151,40.081163337779344,3244.152921527465,26.25,0.0,train,813,454,329
-88.2770028158709,40.07750088769696,4684.489608006397,0.0,0.0,train,854,75,341
-88.28082112983797,40.143338378839104,4929.377438548691,0.0,0.0,train,123,42,40
-88.1968076338355,40.13768596159902,3569.726810471321,0.0,0.0,train,185,758,75
-88.22696538614909,40.13735734008709,2982.584435886664,2.25,0.0,train,189,501,70
-88.20186223768721,40.13309864367668,2909.7426818530844,30.25,0.0,train,236,715,94
-88.1893617143448,40.10732595477434,2588.1097210814382,0.0,0.0,train,522,822,216
-88.1717057884874,40.08406648934495,5024.267603127848,1.5,0.0,train,780,973,319
-88.23832766644502,40.06738855996063,4761.794942597591,0.0,0.0,train,966,405,388
-88.20163452073467,40.12949589879297,2586.2179376129534,9.25,0.0,train,276,717,114
-88.22967042489402,40.13330699829419,2538.3059443667617,0.0,0.0,train,234,478,89
-88.27708001707201,40.12613475447361,3450.740593176203,9.75,0.0,train,314,74,121
-88.18537011879388,40.10903211202793,2907.7376052380164,97.5,2.4342964,train,503,856,217
-88.27087909586794,40.107308532303925,2456.655679778104,7.249999999999999,0.0,train,523,127,202
-88.22810962927558,40.08016868536595,3363.353858159817,38.5,0.0,train,824,492,329
-88.23391747078159,40.11754982606724,797.5700789314446,6.75,1.321457,train,409,442,168
-88.21727267036235,40.10987903550676,200.3047562609561,0.0,20.313694,train,494,584,191
-88.26996157221073,40.08488241316534,3670.1003535064465,2.5,0.0,train,772,135,302
-88.21152214638731,40.111584317643214,681.202659880382,2.0,1.9275393,train,475,633,192
-88.20313641609097,40.08023337302349,3648.509226230939,0.0,0.0,train,823,705,334
-88.27016968446793,40.11343239839284,2401.498327662168,22.5,0.0,train,455,133,182
-88.18910240222573,40.11903374779524,2747.6019748320937,0.0,0.0,train,392,824,156
-88.24531614424232,40.102248422736814,920.8541602797379,0.0,2.429174,train,579,345,226
-88.18683076912049,40.138934638398915,4194.721105269279,0.0,0.0,train,171,843,76
-88.22859654390415,40.06846092918764,4661.998093346611,5.25,0.0,train,954,488,389
-88.21711014244526,40.13644724793864,2874.1929229946286,0.0,0.0,train,199,585,71
-88.24653427311691,40.066584430482926,4857.81310024705,2.25,0.0,train,975,335,386
-88.21188493337685,40.10546044760641,860.5031584170928,1.25,0.03790241,train,543,630,212
-88.20313642483465,40.14174604084704,3723.9181727141095,13.750000000000002,0.0,train,140,704,54
-88.24464658697026,40.07594956448888,3809.8161113212022,0.0,0.0,train,871,351,347
-88.2708901293682,40.095240142679515,2949.7913939869513,8.75,0.0,train,657,127,262
-88.18692607605452,40.14920182065175,5100.662530417443,19.5,0.0,train,57,842,36
-88.21133034431718,40.087627449921996,2644.5823175524,0.0,0.0,train,741,635,292
-88.17166080245943,40.15260386350008,6188.107272825388,0.0,0.0,train,19,972,19
-88.25350727666785,40.11819542133942,1302.2054726795882,0.0,0.0,train,402,275,165
-88.21749641303389,40.116273693225814,648.455243219082,30.0,6.7184677,train,423,582,171
-88.22018624900439,40.121229782007255,1179.0198294404606,0.75,0.6952776,train,368,559,151
-88.21190046503033,40.09672438871225,1670.7987251983939,0.0,0.3581263,train,640,630,252
-88.1810774402193,40.14045827120824,4653.18073973541,1.7500000000000002,0.0,train,154,892,77
-88.2577475777838,40.102707515211634,1557.682823361139,17.25,0.0,train,574,239,224
-88.28227639487017,40.08047541107297,4745.14927591782,0.0,0.0,train,821,30,320
-88.17096452619323,40.14927060170047,5955.381314798915,0.0,0.0,train,56,978,39
-88.26466692366108,40.103072074327045,2064.2416085859954,100.0,0.0,train,570,180,223
-88.26325711535094,40.10541285770685,1863.4825229412465,18.25,0.0,train,544,192,203
-88.1808039108985,40.105333625687024,3343.7180435770683,18.25,0.0,train,544,895,217
-88.25949299785958,40.11549751999322,1577.630809565024,17.25,0.0,train,432,224,164
-88.27017335009722,40.10946965062927,2376.6013600554757,3.0,0.0,train,499,133,182
-88.26238527184277,40.15431610424126,5186.938578086718,0.75,0.0,train,1,199,3
-88.2334003727474,40.070086308964726,4472.088870536376,46.25,0.0,train,936,447,368
-88.17686800185821,40.1338781309272,4451.943171558498,2.0,0.0,train,227,928,98
-88.211644099235,40.10897263370344,687.2413929997327,1.25,0.02472989,train,504,632,212
-88.23353459769173,40.13871411857733,3146.14728501634,0.0,0.0,train,174,445,68
-88.1740639115482,40.12874076677744,4357.8833828558645,0.0,0.0,train,284,952,119
-88.23294906558242,40.1379030539438,3054.9589346896255,0.0,0.0,train,183,450,69
-88.20934661331067,40.08231163371145,3258.525399607486,4.0,0.09872625,train,800,652,333
-88.2644056276333,40.12955026972897,2855.7591470479597,0.0,0.0,train,276,182,103
-88.2090273974148,40.12887363455279,2211.4988298255957,22.5,0.0,train,283,654,113
-88.20830494632618,40.138959813946286,3285.842229498189,12.5,0.0,train,171,660,73
-88.21781098585157,40.1383392526098,3080.5869881528224,1.25,0.0,train,178,579,71
-88.28156774058323,40.08731987906036,4203.059345946499,1.7500000000000002,0.0,train,745,36,280
-88.1708848187431,40.08415540385587,5075.390405343426,6.0,0.0,train,779,980,319
-88.20089236854712,40.088696740260325,2901.8360507353323,7.75,0.042554043,train,729,724,294
-88.19117505607423,40.081390130406575,4041.4223770963627,0.0,0.0,train,810,807,336
-88.2427712687121,40.07558786150879,3844.978060519132,0.0,0.0,train,875,367,347
-88.2335929093441,40.09881654046881,1282.5447524730525,64.5,1.2443458,train,617,445,248
-88.18283490236419,40.08849456180088,3970.446298046788,6.25,0.22257717,train,731,878,297
-88.24149158619447,40.068201679802236,4665.419437336611,14.499999999999998,0.0,train,957,378,387
-88.18751467178082,40.09345399974042,3321.3466230049235,24.75,0.0,train,676,838,276
-88.22040448668567,40.13113684186923,2279.1810223677553,0.0,4.482122,train,258,557,111
-88.20577890691041,40.109236510580565,1172.5590046580692,0.0,0.0,train,501,682,213
-88.26902626295673,40.08199988393095,3873.384324347839,12.0,0.0,train,804,143,322
-88.1973774755361,40.14615245861733,4369.361505692995,0.0,0.0,train,91,753,35
-88.18151684397566,40.101191683776314,3396.501527207003,0.5,0.0,train,590,889,237
-88.24844716436412,40.1308906051037,2354.4802643221497,4.5,0.0,train,261,318,106
-88.24418116128963,40.07324731545357,4107.746656158777,0.0,0.0,train,901,355,367
-88.21446808526012,40.10384200092326,862.858886026344,0.5,1.2007864,train,561,608,232
-88.26620285380534,40.091635010097804,2899.1470736953233,0.0,0.0,train,697,167,263
-88.17997157338174,40.110376026876075,3362.7037931694945,0.0,0.0,train,488,902,198
-88.2738302812821,40.08560496818984,3832.6131273977703,0.0,0.0,train,764,102,302
-88.23456892322739,40.153755349053895,4817.841076898782,0.0,0.0,train,7,436,8
-88.23936942719786,40.077026160741376,3689.9240000364784,8.25,0.51902103,train,859,396,347
-88.25448869853942,40.08100020916921,3405.9138918281806,13.750000000000002,0.0,train,815,267,325
-88.1969215550747,40.13939727456376,3726.0749478350594,6.75,0.0,train,166,757,75
-88.21176475994412,40.10708144743721,761.4468411210961,0.0,0.6969705,train,525,631,212
-88.22589752922528,40.14483150154099,3810.152516176557,0.0,0.0,train,106,510,50
-88.20593987501942,40.08582039022152,2983.8805363306155,17.0,0.0,train,761,681,313
-88.18804372837415,40.12038335945172,2885.499816771987,0.0,0.0,train,377,833,156
-88.2516070262473,40.13764753802117,3147.2682667037875,0.0,0.0,train,186,291,65
-88.19951871338507,40.13147484103341,2869.9950332071426,0.0,0.0,train,254,735,114
-88.24750896489257,40.13052966488194,2298.684139996432,8.5,0.0,train,265,326,106
-88.2078306573234,40.07780685346305,3775.1080810754065,0.0,0.0,train,850,665,353
-88.28146777267733,40.064533882269046,6072.609406826707,0.0,0.0,train,998,37,380
-88.17511586089546,40.07983824049702,5094.298065627658,0.0,0.0,train,827,944,338
-88.20768990937023,40.0905956315001,2437.9804025569724,0.0,0.0,train,708,666,293
-88.28203717345824,40.08677971061451,4271.287043658723,1.25,0.0,train,751,32,300
-88.20981430327768,40.08303263666616,3170.8381016424473,99.0,0.27728993,train,792,648,312
-88.18020677132664,40.110106150657856,3343.0387021819865,0.0,0.0,train,491,900,198
-88.1918042887267,40.11723583394069,2465.586047940024,53.0,0.14777187,train,412,801,176
-88.22575269250727,40.08782186745969,2518.4645133352124,0.0,0.0,train,739,512,290
-88.26486527472056,40.139187190884364,3747.446711409494,34.25,0.017577812,train,169,178,63
-88.25135567035603,40.15151690396077,4650.2316850308225,7.000000000000001,0.0,train,32,293,5
-88.22225657602316,40.14662930517037,4002.560943793503,0.0,0.0,train,86,541,30
-88.2078772956155,40.116263673292316,1166.022079256898,5.0,1.053594,train,423,664,173
-88.23146957751972,40.107100452958875,367.1901060562498,0.75,37.671875,train,525,463,209
-88.25848669517316,40.07037542152407,4633.560103224751,0.5,0.0,train,933,233,364
-88.20872703746379,40.1005937130923,1438.762280156116,0.75,0.0,train,597,657,233
-88.27181044647745,40.115054405686415,2571.3973264298606,54.0,0.0,train,437,119,162
-88.22833111263306,40.08863479890574,2423.145425051567,0.0,0.0,train,730,490,289
-88.18766103188167,40.13479283111619,3811.575110018027,4.75,0.07304821,train,217,836,96
-88.23749448627049,40.07639418363415,3763.791085828552,3.5000000000000004,0.2087643,train,866,412,348
-88.17811714934851,40.10055673969937,3694.058171612538,5.25,0.0,train,597,918,238
-88.24278140718279,40.06793250563257,4694.949075532124,0.0,0.0,train,960,367,387
-88.17162092278775,40.070376798596406,6048.116782646979,0.0,0.0,train,932,974,379
-88.20273528635096,40.10608093045085,1508.6917670767468,0.0,0.0,train,536,708,214
-88.27390859752052,40.13036609560498,3501.361818747473,1.5,0.0,train,267,101,102
-88.2674617537492,40.123788063915,2620.490931424533,10.75,0.0,train,340,156,123
-88.23941275857432,40.13079356854424,2278.5563352968084,1.25,0.0,train,262,395,107
-88.23429970137444,40.09665564224047,1521.0159846874021,6.75,0.98398924,train,641,439,248
-88.23449723306004,40.12223356443094,1318.6314712717833,42.25,2.5344386,train,357,437,148
-88.18755904936825,40.072649526503454,5015.56857767991,0.0,0.0,train,907,838,376
-88.18114774521041,40.10893657862412,3267.7174002122915,0.0,0.0,train,504,892,217
-88.19236088098332,40.13173653562184,3288.456171129203,10.75,0.106670156,train,251,796,115
-88.28094083505552,40.14027632424232,4688.394169983383,0.0,0.0,train,157,41,60
-88.16976466527625,40.11126268678524,4233.343738313731,3.75,0.0,train,478,989,199
-88.22378802386484,40.14302828582271,3605.837843860117,0.0,0.0,train,126,528,50
-88.27733579335361,40.100377012446344,3179.524002125234,0.5,0.0,train,600,72,241
-88.27611945178046,40.15234234421569,5493.7287996420055,0.0,0.0,train,23,82,1
-88.28270319115865,40.13739512189707,4578.203752035145,0.0,0.0,train,189,26,60
-88.25293504545103,40.10603659094381,1017.4668820178001,1.5,0.0,train,537,280,205
-88.22006953191685,40.12086941862578,1138.7886548999966,0.0,1.215527,train,372,560,151
-88.19561662576241,40.08824027418766,3208.308971409508,4.25,0.037192285,train,734,769,295
-88.28446262415173,40.13838656069661,4763.550760678051,0.0,0.0,train,178,11,60
-88.24383677201895,40.067663136208104,4726.473486993532,21.75,0.0,train,963,358,387
-88.18160050869015,40.1163222920017,3285.1247674902393,23.25,0.21062005,train,422,888,177
-88.18239351563051,40.0759752436316,4976.470961003318,0.0,0.0,train,870,882,357
-88.26306283313173,40.06623538198082,5193.936839378975,0.0,0.0,train,979,194,383
-88.26275221008068,40.13999648076581,3737.587212934053,0.0,0.0,train,160,196,63
-88.21904114471727,40.1044770416943,683.0492629853728,16.5,11.843551,train,554,569,231
-88.26712700295921,40.106045572432066,2165.56003196573,11.0,0.0,train,537,159,203
-88.19044295693827,40.09507877798973,3013.322314126758,0.25,0.8348519,train,658,813,276
-88.2428017452922,40.141063347105515,3425.2663019927363,0.0,0.0,train,148,366,47
-88.19327920649579,40.14164447689973,4102.064167543944,78.5,0.0,train,141,788,55
-88.17321401271303,40.0909133579427,4506.288006802515,0.0,0.0,train,704,960,299
-88.19221728150877,40.14443510862183,4412.345951700977,0.0,0.0,train,110,797,55
-88.2532171467052,40.0655084862314,5050.2677167802685,13.25,0.0,train,987,278,385
-88.23679093134483,40.07648366248708,3755.2519458540746,84.5,0.0,train,865,418,348
-88.26074206501757,40.15431508577961,5142.34453861249,0.0,0.0,train,1,213,4
-88.24096171485692,40.11332272458582,342.28792210521357,0.0,3.2778647,train,456,382,187
-88.2844632048323,40.13757600218067,4704.995545457681,13.5,0.0,train,187,11,60
-88.17863663357915,40.07831192536101,4996.135141880164,0.0,0.0,train,844,914,338
-88.2610271209373,40.10685248828148,1638.533542818254,0.25,0.0,train,528,211,204
-88.19274646108245,40.11543573379801,2335.380380875919,0.0,0.0,train,432,793,175
-88.24039506509195,40.09873213523135,1278.4486939909796,65.0,1.0522634,train,618,387,247
-88.21199982102944,40.10681150629404,760.6130787354815,0.0,0.34645274,train,528,629,212
-88.17960493648509,40.06480375385468,6116.155151554537,0.0,0.0,train,994,906,398
-88.27976601325659,40.14198696541789,4757.67712194723,0.5,0.0,train,138,51,41
-88.25618086512925,40.13990222713164,3501.8076328303628,0.0,0.0,train,161,252,65
-88.21789400600719,40.089255307796215,2375.9741118418283,62.25000000000001,0.0,train,723,579,291
-88.19891420121358,40.08094905432094,3729.7117989465423,0.0,0.0,train,815,741,334
-88.27101512117241,40.08677430550521,3572.6081207292723,0.5,0.0,train,751,126,302
-88.18750044581824,40.100118620328736,2960.33522316876,19.0,0.0,train,602,838,256
-88.24361916105626,40.144126091226575,3766.9405192752533,0.0,0.0,train,114,359,47
-88.17901518953344,40.0664241067396,5996.073702710071,0.0,0.0,train,976,911,398
-88.16997586731462,40.071995625888505,6014.0199564446,0.0,0.0,train,914,988,379
-88.26117190640923,40.080824439087394,3638.0409206470085,21.25,0.0,train,817,210,324
-88.2784868130378,40.12748636310135,3631.2100211349543,2.25,0.0,train,299,62,101
-88.19517723321142,40.13155980536583,3110.1080915656385,3.75,0.30547202,train,253,772,115
-88.24173098001003,40.06450927865079,5075.115047911813,0.0,0.0,train,998,376,387
-88.19444331258123,40.08859912461326,3242.3434290968353,8.5,0.12749077,train,730,779,295
-88.2520737170141,40.1398994179902,3399.3522250177007,1.25,0.0,train,161,287,65
-88.18266600390557,40.11191062494112,3136.1115047117682,46.0,0.0,train,471,879,197
-88.19182594181615,40.10678861643077,2390.2258549622047,0.0,0.0,train,528,801,216
-88.2026456245995,40.15291316413374,4908.416116686853,0.0,0.0,train,16,708,14
-88.26208414307027,40.105502204701615,1764.9230247558355,17.0,0.0,train,543,202,204
-88.21162563780092,40.11932979340504,1172.8516713215292,42.75,0.0,train,389,632,152
-88.23087988154015,40.10926143357547,128.4758892562854,0.0,129.06375,train,501,468,209
-88.18569006056876,40.123802749823916,3225.8698744472467,0.0,0.0,train,339,853,137
-88.16963538841588,40.06731186449931,6414.565772290497,0.0,0.0,train,966,991,399
-88.24148711055715,40.07153401215609,4295.471247040454,0.0,0.0,train,920,378,367
-88.28269717416701,40.145500701971926,5215.100887130433,0.0,0.0,train,99,26,20
-88.25676851042161,40.13909205867334,3434.913778531113,0.0,0.0,train,170,247,64
-88.25561434083342,40.12215959798549,1744.8583706331822,27.250000000000004,0.0,train,358,257,145
-88.18153159743682,40.14730357518085,5197.425425976739,0.0,0.0,train,78,888,37
-88.21191198929394,40.09023988283929,2351.7730246627584,30.0,5.728934,train,712,630,292
-88.26164466695377,40.07722221270922,4017.1137771374733,0.0,0.0,train,857,206,344
-88.28364226193857,40.1369452181638,4606.359231321372,0.0,0.0,train,194,18,60
-88.2354744925978,40.095215637112325,1678.5388986494538,0.0,3.336576,train,657,429,268
-88.19252466751682,40.10922115576214,2297.6811221527087,18.25,0.0,train,501,795,215
-88.26479776121661,40.08956274247483,2988.937779996841,5.5,2.106151,train,720,179,283
-88.17725708953041,40.11766745577155,3677.976365900949,1.25,0.0,train,407,925,178
-88.17176767268445,40.10748287421561,4077.0223582945805,0.0,0.0,train,520,972,219
-88.18836782933505,40.07823444833852,4465.517423168038,1.7500000000000002,0.0,train,845,831,336
-88.2360863497017,40.07729364036255,3666.73642597004,77.5,0.0,train,856,424,348
-88.19312556060846,40.102197006034565,2428.686032575025,19.75,0.16046861,train,579,790,235
-88.22613073875073,40.071070504420334,4377.186392474385,0.0,0.0,train,925,509,370
-88.21023868450843,40.10780033590208,842.62802991606,0.25,0.035352424,train,517,644,212
-88.20829751735603,40.143012596221936,3719.168814402532,0.0,0.0,train,126,660,53
-88.25581398106998,40.15296096403591,4883.746447693447,10.5,0.0,train,16,255,5
-88.24705854096544,40.11557898749661,719.9565418266053,0.25,0.21691605,train,431,330,166
-88.17140661666632,40.11135505639007,4093.570251417229,28.749999999999996,0.0,train,477,975,199
-88.2792157570162,40.09596483353322,3521.820897827312,2.75,0.0,train,649,56,241
-88.26865900803102,40.09839111374449,2601.761614749885,3.25,0.033327702,train,622,146,242
-88.27053757318748,40.09605051676123,2874.8037834946285,0.75,0.0,train,648,130,242
-88.2834426661843,40.08894183324847,4228.238563788013,1.7500000000000002,0.0,train,727,20,280
-88.27964958400884,40.14081610511185,4655.324104703349,0.0,0.0,train,151,52,61
-88.24428490346581,40.083604640271574,2959.4261310078073,0.0,0.088763125,train,786,354,307
-88.26548388425182,40.107125372408845,2004.9612170914738,0.0,0.0,train,525,173,203
-88.18137752238212,40.111098379630185,3243.1439189562197,0.0,0.0,train,480,890,197
-88.22590830980198,40.137986798812555,3050.376907036183,0.0,0.0,train,182,510,70
-88.22648214365387,40.071250955268745,4356.463343739869,0.0,0.0,train,923,506,370
-88.22640069270265,40.12330711955354,1421.8301047226391,19.5,0.5016726,train,345,506,130
-88.24187551051237,40.13169616136796,2383.6294864834276,24.5,0.011643781,train,252,374,107
-88.22446745083603,40.08493865498245,2841.0428634160517,0.0,0.0,train,771,523,310
-88.17154300644536,40.152783822573284,6209.7611422540285,0.0,0.0,train,17,973,19
-88.19214520431812,40.06581040974296,5492.233266160387,0.0,0.0,train,983,799,395
-88.2432581765433,40.15088045519513,4515.916416602742,0.0,0.0,train,39,362,7
-88.20246087891142,40.06564239546606,5199.316121752269,0.0,0.0,train,985,711,394
-88.19530221744444,40.12777734304804,2802.2715895293904,4.75,0.0,train,295,771,115
-88.28439357606469,40.071019704048126,5640.681768987597,22.25,0.0,train,926,12,360
-88.26654231987443,40.104243984918,2169.462767969761,50.24999999999999,0.0,train,557,164,223
-88.19085210305529,40.12380921544892,2841.1128101961235,0.0,0.0,train,339,809,136
-88.22977039710263,40.144744967920715,3808.173960016075,0.0,0.0,train,107,477,49
-88.27911577798024,40.07416956290994,5085.994458018202,0.0,0.0,train,891,57,341
-88.1954664752049,40.10454144318097,2150.41477858709,0.0,0.0,train,553,770,235
-88.25012932862847,40.098469348439906,1464.5446742688143,17.25,0.92115843,train,621,304,246
-88.27097631677856,40.129283807375906,3233.024469420845,0.5,0.0,train,279,126,102
-88.25343264314776,40.08171998926293,3302.9173227470164,11.0,0.0,train,807,276,325
-88.19929996950367,40.12336898894026,2223.2997249608097,0.0,0.32467696,train,344,737,134
-88.2182843120758,40.13599810994649,2819.2527185434105,0.5,0.0,train,204,575,91
-88.23534275332099,40.10530254319979,559.1125645018959,7.000000000000001,85.12121,train,545,430,208
-88.28539853261272,40.14243974398175,5127.201347719253,27.250000000000004,0.0,train,133,3,40
-88.19973256743899,40.14210241182424,3877.087880533079,38.25,0.0,train,136,733,54
-88.22323411141912,40.12267371648899,1345.2901884878156,3.0,0.18175748,train,352,533,150
-88.22097690811181,40.139783360217265,3240.1125042103795,0.0,0.0,train,162,552,71
-88.27042278933531,40.09334857180021,3041.6090846656207,23.5,0.0,train,678,131,262
-88.27628742504268,40.091820540979946,3544.4056320984364,26.25,0.12126539,train,695,81,261
-88.1910814853577,40.12633124024858,2979.1518788510143,28.249999999999996,0.033715177,train,311,807,136
-88.17978334916145,40.08975143617898,4097.410888936195,0.0,0.0,train,717,904,298
-88.19549338226751,40.149302397532324,4754.163752257409,0.0,0.0,train,56,769,35
-88.22565941265204,40.072601139925084,4208.208523509493,0.0,0.0,train,908,513,370
-88.17899492869623,40.127306448121765,3911.887594465137,0.75,0.0,train,300,910,138
-88.20750114744665,40.06573804260439,5086.136146404612,0.0,0.0,train,984,668,393
-88.25601768305357,40.07676827882183,3893.2378600739644,0.0,0.0,train,862,254,345
-88.26619834068727,40.09622820857898,2561.062168971312,1.0,0.0,train,646,167,243
-88.18204078960744,40.12938189744136,3806.278101548035,30.5,0.0,train,277,884,117
-88.26035407157927,40.07812203705551,3881.2910594516006,9.5,0.0,train,847,217,324
-88.27195769727807,40.081731285262926,4048.7206471566296,0.0,0.0,train,807,118,322
-88.27978672378563,40.115598742556564,3250.0499774577947,0.0,0.0,train,431,51,161
-88.28298755910859,40.07002840706607,5651.67495578126,0.0,0.0,train,937,24,360
-88.24503091105534,40.141425316425405,3473.147364862985,0.0,0.0,train,144,347,46
-88.17498067353397,40.08758346321908,4571.446375346646,74.25,0.0,train,741,945,298
-88.18511183333358,40.06589168810555,5764.064271403401,0.0,0.0,train,982,859,397
-88.21365955621938,40.096726219476274,1619.0365543236608,13.0,61.57494,train,640,615,252
-88.18562457495905,40.09984605550411,3119.4650849608615,3.75,0.0,train,605,854,257
-88.24107974634649,40.11278244390534,282.5486217587302,0.0,17.647058,train,462,381,187
-88.21392979672527,40.143378788530526,3667.030169601862,0.0,0.0,train,122,612,52
-88.1858050489213,40.07057585547528,5290.15700250609,0.0,0.0,train,930,853,377
-88.22210715501387,40.09430294555829,1806.2096163064239,20.5,0.0,train,667,543,270
-88.2294076696618,40.0746760135674,3970.500924527056,100.0,0.0,train,885,481,349
-88.23646144358034,40.143489890922126,3682.065416559467,0.0,0.0,train,121,420,48
-88.26563366245118,40.07434259492304,4451.892406033918,0.0,0.0,train,889,172,343
-88.23677948273722,40.08458931970974,2855.5176718720454,0.0,3.1016765,train,775,418,308
-88.21208048504893,40.12743587598225,1968.7777082306989,0.0,1.4126453,train,299,628,112
-88.25430383335103,40.13945065113776,3403.2353048807345,0.0,0.0,train,166,268,65
-88.19501790146953,40.152273871470925,5070.669143576665,0.0,0.0,train,23,773,15
-88.18444943970086,40.10092530249689,3169.5179071347316,7.5,0.0,train,593,864,237
-88.16947586398194,40.08496398521222,5123.330018839002,33.5,0.0,train,770,992,319
-88.2176434747883,40.09871164605836,1331.049352563358,0.0,6.2915983,train,618,581,251
-88.19260833787483,40.06860293077453,5195.4700267630105,0.0,0.0,train,952,795,395
-88.25315323169026,40.119996424172236,1425.9756894558545,0.0,0.0,train,382,278,145
-88.21141337073428,40.10681089047799,802.680048861043,0.0,0.2502961,train,528,634,212
-88.24555059319584,40.10233866328174,917.0493549462456,4.25,1.5768315,train,578,343,226
-88.18107542987617,40.14135888846591,4725.00128154646,3.5000000000000004,0.0,train,144,892,57
-88.2366763671523,40.07459224307716,3965.4329277022425,98.5,0.0,train,886,419,348
-88.24807006830535,40.150974160122466,4552.184526340231,0.0,0.0,train,38,321,6
-88.24536890472054,40.15232306758626,4682.691361859357,0.0,0.0,train,23,344,6
-88.2384678466569,40.135295905681744,2776.464833045638,0.0,0.0,train,212,403,88
-88.20468116942122,40.13157075316917,2643.371267042338,6.5,0.0,train,253,691,113
-88.17600053151509,40.15387070638064,6062.160501039457,0.0,0.0,train,5,935,18
-88.25348377966564,40.13827928180033,3258.304924507485,0.5,1.6254314,train,179,275,65
-88.18011412728772,40.099118396406936,3585.916587833089,25.75,0.0,train,613,901,258
-88.2098447815337,40.13103600131098,2408.93535414229,49.5,0.0,train,259,647,112
-88.18761926120297,40.09939826876839,2983.5541123461226,16.25,0.0,train,610,837,256
-88.27240420171728,40.10694909435644,2590.900476271583,0.75,0.0,train,527,114,202
-88.22416631198959,40.12663733880227,1787.1041546757237,5.75,0.0,train,308,525,130
-88.26042143497497,40.12486459313846,2242.4342992010547,16.0,0.0,train,328,216,124
-88.26078670397138,40.112346151698134,1592.548511896684,2.0,0.42142007,train,467,213,184
-88.25971002606275,40.13179893463309,2818.223100074139,27.750000000000004,0.0,train,251,222,104
-88.26449842110269,40.15386707056013,5202.609446847106,0.0,0.0,train,6,181,3
-88.22628605800728,40.12159582985128,1231.6432178517898,44.5,0.47079608,train,364,507,150
-88.24084368149141,40.11386300509337,402.02722245162596,0.0,0.38763568,train,450,383,187
-88.28518639118896,40.11046755206429,3655.174099611655,2.25,0.0,train,488,5,180
-88.22812839483775,40.1441130540623,3734.7928433953725,0.0,0.0,train,114,491,49
-88.2288208063878,40.07512580085878,3921.730610012185,100.0,0.0,train,880,486,349
-88.24617755928925,40.07054694149196,4416.797829746604,0.0,0.0,train,931,338,366
-88.1879028109509,40.13146083669465,3545.190967422881,0.0,0.0,train,254,834,116
-88.22416890509798,40.12501622071556,1607.1572998792892,0.5,0.0,train,326,525,130
-88.22897426251143,40.12817282893349,1967.0163299972994,0.5,0.1381062,train,291,484,109
-88.23182640229496,40.1037684509988,736.3519093807222,0.0,18.285902,train,562,460,229
-88.22610997588824,40.08430974668388,2907.620411637074,17.75,0.0,train,778,509,310
-88.26040998224565,40.13558198757089,3211.3151255957177,0.0,0.0,train,209,216,84
-88.20654719437933,40.074473124300376,4161.02139068743,5.25,0.0,train,887,676,353
-88.26019094266285,40.120991768368256,1937.614910060959,0.0,0.0,train,371,218,144
-88.17445363181923,40.112530087854694,3838.809675395594,0.0,2.7789092,train,464,949,198
-88.20527459319493,40.1279689236903,2272.1056740926224,66.75,0.0,train,293,686,113
-88.26381209884914,40.13630457677997,3427.7725459946096,17.25,0.0,train,201,187,83
-88.27780564234324,40.09947661187248,3252.4980339511553,0.0,0.0,train,610,68,241
-88.26493043552526,40.07416205569273,4443.4815438963415,0.0,0.0,train,891,178,343
-88.22109618130494,40.13861266933693,3110.3938714431392,6.75,0.0,train,175,551,71
-88.2257816021684,40.06944904468168,4557.862201027946,0.0,0.0,train,943,512,370
-88.24783454554128,40.151604419521355,4619.675957572736,0.0,0.0,train,31,323,6
-88.25563238236403,40.10630861953101,1215.5204486071766,9.5,0.0,train,534,257,205
-88.25196979657248,40.12864157846106,2205.3432178442604,13.5,0.0,train,286,288,105
-88.19249593586777,40.066261152460875,5434.228694463144,0.0,0.0,train,978,796,395
-88.27076031935616,40.108929594039616,2429.407523547917,0.0,0.0,train,505,128,202
-88.18884699988743,40.12885021579766,3299.2990856402143,5.75,0.0,train,283,826,116
-88.2077354211964,40.06582835999497,5072.349584664111,1.25,0.0,train,983,666,393
-88.18203280170307,40.132984372701245,4039.5466877125036,0.0,0.0,train,237,884,97
-88.24725237106587,40.147911450754926,4206.714626251077,0.0,0.0,train,72,328,26
-88.18238039036059,40.081919381680216,4486.542942836941,0.0,0.0,train,804,882,337
-88.26713503369999,40.09775981390389,2528.1050814277605,19.0,0.0,train,629,159,243
-88.20847222726437,40.11167113236446,940.0315434946882,0.0,6.865527,train,474,659,193
-88.26949508538621,40.08218026913855,3880.9432350794887,0.0,0.0,train,802,139,322
-88.24148795735654,40.07090357104747,4365.46077165724,0.0,0.0,train,927,378,367
-88.18202226878574,40.08480092687776,4287.828465063138,0.0,0.0,train,772,885,317
-88.26217871848095,40.12729736724126,2542.6435245025436,0.75,0.0,train,301,201,124
-88.19296518715618,40.06608159562403,5435.579258615909,0.0,0.0,train,980,792,395
-88.26619648204326,40.098119524538575,2439.285938375441,24.5,0.0,train,625,167,243
-88.24959206718663,40.154037373596886,4905.173845995332,3.0,0.0,train,4,308,6
-88.21605647928455,40.066737713752424,4881.049246607625,0.25,0.0,train,973,595,391
-88.21328795365444,40.107983661435874,598.8017969701589,0.0,1.6324285,train,515,618,212
-88.20241987777564,40.148229692747,4419.7979800007515,0.0,0.0,train,68,710,34
-88.23216985251842,40.10944269246383,105.80896383614657,9.75,236.4483,train,499,457,189
-88.21230491301938,40.133200089951345,2579.1230276440524,100.0,0.0,train,235,626,92
-88.20585971101713,40.12878012901822,2323.745401613918,97.0,0.0,train,284,681,113
-88.28003173963879,40.1022696001616,3334.619846193828,3.25,0.0,train,579,49,220
-88.2580102441624,40.077219906643336,3900.4293275420996,20.0,0.0,train,857,237,344
-88.27835569915044,40.14459810246355,4900.181242938837,0.0,0.0,train,109,63,41
-88.18598678429167,40.14938075298925,5161.113085417971,13.25,0.034678686,train,55,850,37
-88.2504036641148,40.06568663289777,4992.050617017581,0.0,0.0,train,985,302,386
-88.2693455344081,40.11667419378567,2413.4856650415177,0.75,0.0,train,419,140,162
-88.25677103745241,40.1368405084283,3202.895822081902,23.0,0.34580684,train,195,247,64
-88.25924323598117,40.12945701995084,2578.2319123589104,0.0,0.0,train,277,226,104
-88.26361339178894,40.10109006692692,2079.518597746045,45.0,0.0,train,592,189,223
-88.20053104788302,40.15390143818783,5067.809814800217,0.0,0.0,train,5,726,14
-88.18297465640164,40.13154460535453,3878.742431688552,0.0,0.0,train,253,876,117
-88.1997208359989,40.08815501797826,3007.100066102976,12.0,0.0,train,735,734,294
-88.23647448819709,40.13430357234068,2662.3665727131006,23.25,0.0,train,223,420,88
-88.2228721016005,40.128887667154906,2034.3575114502362,32.5,1.5000627,train,283,536,110
-88.1820380177519,40.07768597670501,4850.975020079246,18.75,0.0,train,851,885,357
-88.22634151812261,40.08620128136131,2697.1964452031493,0.0,0.0,train,757,507,310
-88.2760624062674,40.08047250569177,4380.405124618247,0.0,0.0,train,821,83,321
-88.21159790128998,40.069074756484675,4661.057871812379,0.0,0.0,train,947,633,372
-88.26327318839947,40.089741956099445,2891.597071209561,8.5,1.3433341,train,718,192,283
-88.17828340668429,40.130637798166745,4151.048154355603,0.0,0.0,train,263,916,118
-88.17742483819063,40.146937871224395,5391.377713541646,0.0,0.0,train,82,923,38
-88.26569821395536,40.12756966284633,2772.489752406115,0.5,0.0,train,298,171,103
-88.26619471174264,40.09992077725743,2334.992227872023,27.500000000000004,0.0,train,605,167,243
-88.1979537148808,40.15146678453979,4890.089880008956,0.0,0.0,train,32,748,14
-88.23902951126814,40.06846989131948,4640.372465219072,0.0,0.32738343,train,954,399,387
-88.23402875266352,40.12169278978786,1257.6772479968745,2.0,1.2913609,train,363,441,148
-88.28552661380782,40.127129234035586,4134.7522875092045,34.5,0.0,train,303,2,120
-88.23198970935626,40.151771760072315,4592.5603712621405,0.0,0.0,train,29,458,9
-88.24314188273237,40.150069807789386,4425.70000461884,0.0,0.0,train,48,363,7
-88.17143095838145,40.101087962723454,4225.74155669933,0.0,0.0,train,591,975,239
-88.27019249952326,40.08875524305115,3365.768359728732,0.5,0.0,train,729,133,282
-88.2064284553196,40.075283561615684,4077.0262591001238,0.0,0.0,train,878,677,353
-88.21386511763379,40.11329794468101,558.589884610373,1.5,17.692352,train,456,613,192
-88.20293064707087,40.12661537491485,2264.4418836595282,0.0,0.11784982,train,308,706,134
-88.20582385885004,40.14796330532509,4304.907074387294,0.0,0.0,train,71,681,33
-88.22482656984592,40.154106876978794,4837.661546240275,0.0,0.0,train,3,519,10
-88.25375386373281,40.10792847014233,1007.8330920079039,0.25,0.0,train,516,273,205
-88.21392995439471,40.14328872671989,3657.110287286001,0.0,0.0,train,123,612,52
-88.27864864175253,40.07191776594998,5261.467629840484,0.0,0.0,train,916,61,361
-88.27766589979477,40.12703566017429,3545.3710361965245,35.0,0.0,train,304,69,121
-88.21461385703864,40.08745073590295,2605.1551934305926,43.75,5.442271,train,743,607,292
-88.18697207282788,40.12776711517999,3357.3145126259014,0.0,0.0,train,295,842,116
-88.2477447564526,40.129629217418916,2204.793836640375,1.25,0.0,train,275,324,106
-88.24291109465823,40.1470975849204,4095.3114683206486,0.25,0.0,train,81,365,27
-88.23307368887454,40.13294974605235,2505.3643073973485,0.0,0.4045281,train,238,449,88
-88.2749492364979,40.14828897506993,5060.521200367456,18.75,0.0,train,68,92,21
-88.23884405831559,40.11782413727058,837.7665739970499,1.7500000000000002,6.0003753,train,406,400,168
-88.2668139807438,40.06614753327197,5320.416539811213,0.0,0.0,train,980,162,383
-88.26485713731903,40.14729276581387,4543.20201208947,0.0,0.0,train,79,178,23
-88.2142831075172,40.0753819626598,3937.229159932285,26.0,0.0,train,877,610,352
-88.25530170848747,40.087755478043114,2728.6140666227216,2.5,0.0,train,740,260,285
-88.26264820679673,40.12711753024673,2554.7672691435023,0.0,0.0,train,303,197,123
-88.24891693635149,40.13053069973456,2324.902092641342,30.0,0.0,train,265,314,106
-88.19712967179338,40.09391601810341,2655.353678942931,25.25,0.39966,train,671,756,275
-88.2073545403303,40.14526312313849,3981.306665333143,3.0,0.0,train,101,668,53
-88.22179929672511,40.06737382691334,4796.05576918161,0.0,0.0,train,966,546,390
-88.20184401150512,40.1425551384406,3848.9396814312163,0.0,0.0,train,131,715,54
-88.28190568237058,40.105692826678506,3412.6318026491076,0.0,0.0,train,541,33,200
-88.20631946660002,40.13391417703258,2816.7880887495685,23.5,0.0,train,227,677,93
-88.27461661169166,40.125683220392574,3245.359109414227,0.0,0.0,train,319,95,121
-88.249422133206,40.10135084365007,1155.853418296309,37.75,0.0,train,589,310,226
-88.26902880474604,40.07929799610345,4119.951079989129,0.5,0.0,train,834,143,322
-88.1961633179945,40.107964647058616,2004.056722426095,0.0,0.0,train,515,764,215
-88.28460235068242,40.10704493127568,3622.506123455321,38.75,0.0,train,526,10,200
-88.27987778749137,40.149101912339624,5375.256362564277,0.0,0.0,train,59,50,21
-88.24688104093524,40.070457405463095,4431.580971904892,0.0,0.0,train,932,332,366
-88.21318428767927,40.10023817169044,1269.417036659322,21.0,1.0065591,train,601,619,252
-88.21404360658157,40.07826373262092,3621.936805722525,68.0,0.0,train,845,612,332
-88.28468626459794,40.15387731154037,6045.216749900636,0.0,0.0,train,6,9,0
-88.2054933850949,40.136435006749366,3102.0142590670835,0.0,0.0,train,199,684,73
-88.2630445950723,40.08397779356422,3407.5940368337033,6.75,0.0,train,782,194,303
-88.18636391098984,40.13776324040625,4125.237642495973,0.0,0.0,train,184,847,76
-88.21179969315891,40.087447817606666,2653.7701496700406,3.25,0.0,train,743,631,292
-88.22531702777025,40.14086823409768,3369.0675037457054,0.0,0.0,train,150,515,70
-88.24685107685337,40.094143936559725,1825.888120525535,0.0,0.0,train,669,332,266
-88.19009789936412,40.14776479740507,4821.966843338027,5.0,0.0,train,73,815,36
-88.25667362917397,40.11909818418167,1572.075911534882,0.0,0.01588096,train,392,248,144
-88.19384267862007,40.095623298148325,2743.5403416897834,3.75,21.121975,train,652,784,275
-88.17102687636508,40.073708300940766,5815.952221564932,0.0,0.0,train,895,979,359
-88.20230978409006,40.14444696761028,4028.730954829169,0.0,0.0,train,110,711,54
-88.22871931030642,40.141411729700955,3436.0963416631685,19.0,0.0,train,144,486,49
-88.25847989219369,40.076589769846706,3979.9158838066387,6.0,0.0,train,864,233,344
-88.23238753144672,40.1208808099899,1164.3020363987819,25.5,0.69727963,train,372,455,149
-88.28281339677551,40.14703180596798,5350.3589508396435,0.0,0.0,train,82,25,20
-88.24238792289297,40.099364155804444,1204.8287029819646,0.0,3.8617237,train,611,370,247
-88.2832081469787,40.088941732006276,4211.6739971363595,3.25,0.0,train,727,22,280
-88.19088893738231,40.10615703015189,2481.9383889258297,0.0,0.0,train,535,809,216
-88.22057597404418,40.09835428712622,1359.5012789295288,50.5,56.763756,train,622,556,251
-88.19115376713494,40.14794622240602,4793.359996027064,0.0,0.0,train,71,806,36
-88.2162333817636,40.10033135695559,1174.353693236527,2.25,0.86141586,train,600,593,251
-88.17600529501621,40.10091414096549,3854.7673133292615,1.0,0.0,train,593,936,238
-88.17496134780201,40.14648421878262,5496.3883792297065,0.0,0.0,train,87,944,38
-88.20574318999397,40.06555599355972,5137.875114564167,0.0,0.0,train,986,683,393
-88.20595820859417,40.13886719448372,3339.3048029404126,1.0,0.0,train,172,680,73
-88.27075990672265,40.10937990646964,2426.940279289518,1.5,0.0,train,500,128,202
-88.23792081499228,40.106925821735324,373.8200488200338,0.0,74.657875,train,527,408,208
-88.22045735913963,40.09916473564617,1269.7708361169969,5.25,186.10661,train,613,557,251
-88.27885553864952,40.10650199547574,3142.5854265697894,3.75,0.13396546,train,532,59,201
-88.22019177232367,40.11789748055293,809.1290723590038,0.0,3.1569955,train,405,559,171
-88.25328290045793,40.10945920864731,938.9262196008339,19.25,0.46815038,train,499,277,185
-88.23454049796487,40.09233283608392,2000.3882949730958,0.0,0.45076144,train,689,437,268
-88.18553177635248,40.14271559155277,4586.748024616361,0.0,0.2838951,train,129,854,57
-88.18262918078686,40.075435172398045,5010.372277107606,0.0,0.0,train,876,880,357
-88.1932862331232,40.13822212887829,3788.278659438472,12.25,0.0,train,179,788,75
-88.17035523699982,40.10955233260388,4184.1365399421,0.0,0.0,train,497,984,199
-88.22823381259737,40.15185847389015,4594.781912008309,0.0,0.0,train,28,490,9
-88.28075317876524,40.07921384785873,4753.206072560401,0.0,0.0,train,835,43,320
-88.27335304477904,40.094971255930105,3141.4797523378925,8.5,0.0,train,660,106,262
-88.26409739112329,40.08641012593405,3230.5434750019135,1.0,0.0,train,755,185,303
-88.25618229120403,40.138641359296955,3370.4014192381246,0.25,0.0,train,175,252,65
-88.27778483756445,40.12505434736219,3443.5123689051206,0.5,0.0,train,326,68,121
-88.27285022591592,40.13306741307753,3635.0554445166053,1.0,0.0,train,237,110,82
-88.26843301198117,40.08938471054248,3210.8248053269745,56.75,0.0,train,722,148,282
-88.24246433412091,40.13007550561302,2204.8975546155607,0.0,0.0,train,270,369,107
-88.21230364408898,40.067724548804755,4801.512856076913,0.0,0.0,train,962,627,392
-88.23498635132928,40.10845443047213,209.94485615481304,0.0,168.56398,train,510,433,208
-88.28566701768905,40.09407635004694,4107.924301842017,12.25,0.0,train,670,1,260
-88.1841685753845,40.06841224546186,5567.727260962291,0.0,0.0,train,954,867,397
-88.24547639006903,40.06883521227579,4602.458409599448,2.0,0.0,train,950,344,386
-88.18063768191584,40.12721856349097,3784.372276283579,8.0,2.8534207,train,301,896,137
-88.22790343121164,40.137808508234215,3034.513550015725,0.0,0.0,train,184,493,69
-88.24360610719917,40.064780935703155,5045.9123679466275,0.5,0.0,train,995,360,387
-88.1889791342549,40.06634688708242,5559.143292531717,0.0,0.0,train,977,826,396
-88.16962296506362,40.121439533760736,4411.181575910775,0.0,0.0,train,365,990,159
-88.22607519911237,40.10646514541101,448.3467294194455,0.0,19.214727,train,532,509,210
-88.18439517721988,40.072015060772294,5224.334034710034,0.0,0.0,train,914,865,377
-88.21415016983444,40.08438812223199,2947.233821499929,0.0,0.0,train,777,611,312
-88.28223894598266,40.130550194860824,4084.17261016185,70.75,0.0,train,265,30,100
-88.2483116504387,40.14548056103612,3948.919519317608,39.5,0.0,train,99,319,26
-88.27322428392849,40.10803027353339,2646.435564397429,25.25,0.0,train,515,107,202
-88.1725193391727,40.08712975834415,4774.1861639370645,19.0,0.0,train,746,966,299
-88.18989613499004,40.13209375766374,3466.203551043993,0.0,0.2485637,train,247,817,96
-88.25597374156973,40.115585285291985,1308.3081440546468,0.25,0.0,train,431,254,165
-88.19525684436361,40.09220260865769,2902.6379658300016,4.0,0.0,train,690,772,275
-88.25530499902317,40.08487346804737,3023.973912001356,0.25,0.0,train,772,260,305
-88.20171161973417,40.08950823933065,2788.23882773815,4.25,0.9695392,train,720,717,294
-88.19886635348112,40.105265940558354,1849.9986974117796,0.75,0.0,train,545,741,214
-88.26937910140933,40.08082926074437,3996.5565222494333,20.0,0.0,train,817,140,322
-88.25355241310474,40.0795585605422,3536.237719653036,18.5,0.0,train,831,275,325
-88.17518812737552,40.14990687985602,5764.93323866842,0.0,0.0,train,49,942,18
-88.25033553298842,40.121795686029536,1456.3782311583338,7.75,0.0,train,362,302,146
-88.25878424957516,40.120000185604724,1775.3564505492968,0.25,0.0,train,382,230,144
-88.26203513391691,40.15242459057873,4979.000915424671,0.0,0.0,train,22,202,4
-88.17557334468319,40.13558755408033,4652.774895799607,22.25,0.0,train,208,939,98
-88.26393511964022,40.13072079735618,2929.3003682521953,28.249999999999996,0.052352946,train,263,186,103
-88.1871907994262,40.08039448037947,4337.589485041299,0.0,0.0,train,821,841,336
-88.22531824604474,40.065936150408874,4948.718991429603,100.0,0.0,train,982,516,390
-88.24755366984326,40.09495502373303,1752.2872703711075,43.5,0.0,train,660,326,266
-88.2562464731563,40.08181195881284,3370.060594625795,19.75,0.0,train,806,252,325
-88.20476998890004,40.14670127340478,4195.954452694055,0.0,0.0,train,85,690,33
-88.21410239368146,40.11176712747175,470.3074136343371,0.0,2.1317227,train,473,611,192
-88.21223695629092,40.105370753613045,845.194220916698,0.0,0.24105242,train,544,627,212
-88.18330922643074,40.13947050192766,4441.9129720370665,35.75,0.0,train,165,873,77
-88.22448322615114,40.14861278166044,4227.11269567309,0.0,0.0,train,64,522,30
-88.25097620419683,40.076944930540094,3767.2315023642736,7.249999999999999,0.0,train,860,297,345
-88.271562390453,40.12991455693903,3316.6973694506846,13.5,0.0,train,272,121,102
-88.22396528584872,40.10565260933498,542.6938793602794,7.75,44.752625,train,541,527,210
-88.2011517944593,40.075818039322236,4166.405865183988,6.0,0.0,train,872,722,354
-88.21769696873163,40.067099615435914,4834.679283940977,0.0,0.0,train,969,581,391
-88.23729077860244,40.13790673609743,3063.9493643606147,0.0,0.0,train,183,413,68
-88.22211448504513,40.089799813732036,2306.0619907408764,100.0,0.15469015,train,717,543,290
-88.18951014782111,40.14821437833215,4890.644160080894,4.5,0.0,train,68,820,36
-88.19897513589636,40.10958906795303,1746.242802827867,6.0,0.16475295,train,497,740,194
-88.17442307660171,40.07524408062718,5490.901857305385,0.0,0.0,train,878,950,359
-88.19112295244055,40.10642750531741,2456.517209078051,0.0,0.0,train,532,807,216
-88.23122112451144,40.11637666910745,662.0198161073353,0.0,8.217155,train,422,465,169
-88.20756684529955,40.09374769480699,2128.5705163819944,0.0,0.0,train,673,667,273
-88.19628277888818,40.10688403820236,2015.2507062091424,22.75,0.0,train,527,763,215
-88.2125432509655,40.13112890941422,2351.0666361189446,19.25,0.0,train,258,624,112
-88.27957742087136,40.083446267686085,4350.9449103481065,5.75,0.28972366,train,788,53,301
-88.18565202544991,40.087147245239464,3883.4729571988973,5.0,0.0,train,746,854,297
-88.20959154362002,40.07654786570765,3874.9951546231246,0.0,0.0,train,864,650,353
-88.2283342953242,40.08656335624314,2653.077517291439,0.0,0.0,train,753,490,309
-88.28423707334423,40.12568769830397,3965.2363118970816,0.25,0.0,train,319,13,120
-88.2302863423031,40.11394415582092,390.15565722706015,1.0,18.3026,train,449,473,169
-88.17354292136734,40.15080523967391,5932.211878810812,0.0,0.0,train,39,956,19
-88.21620635237731,40.116092271000824,666.0807693632303,0.0,2.7467775,train,425,593,171
-88.19553949282738,40.06833626473815,5117.590247208248,0.0,0.0,train,955,770,395
-88.24441304962522,40.07522888111418,3888.7615228896125,0.0,0.0,train,879,353,347
-88.27478019315818,40.07173574912603,5091.146892880435,0.0,0.0,train,918,94,361
-88.19471892506785,40.06833528586299,5145.930250764726,0.0,0.0,train,955,777,395
-88.22529905247767,40.152216020414116,4628.695487320532,0.0,0.0,train,24,515,10
-88.26614676456249,40.148644450090394,4725.81827324919,0.0,0.0,train,64,167,23
-88.17778069279498,40.09380158815078,4011.1379586908283,87.75,0.0,train,672,921,278
-88.19372427010504,40.1535331843969,5243.579763370784,0.0,0.0,train,9,784,15
-88.24889486545912,40.148362969655196,4272.714665119594,0.0,0.0,train,67,314,26
-88.25295136751122,40.09216694934442,2199.654104624097,18.25,0.0,train,691,280,265
-88.23950482108627,40.149166298984795,4318.197007575085,0.0,0.0,train,58,394,27
-88.18766968444572,40.13074004652617,3508.795705999173,0.0,0.0,train,262,836,116
-88.18245946243519,40.09921153764552,3395.938804676699,22.0,0.01796703,train,612,881,257
-88.2703702227693,40.15035799965261,5058.1706595152045,0.0,0.0,train,45,131,2
-88.20793087955822,40.08708344266074,2790.9699741569534,5.75,1.7348988,train,747,664,293
-88.19152997126803,40.07985949546746,4161.791517263514,0.0,0.0,train,827,804,336
-88.18362058485677,40.104526737641585,3125.7793311344562,2.5,0.0,train,553,871,237
-88.23063554003124,40.11574571450005,590.8255607579395,0.0,12.766326,train,429,470,169
-88.17857606327209,40.10506048285412,3536.040998189447,36.5,0.0,train,547,914,218
-88.24898914199446,40.07208009546156,4272.353788189298,0.0,0.6831189,train,914,314,366
-88.27486907547116,40.104878925349134,2838.1187834879893,1.7500000000000002,0.0,train,550,93,221
-88.20170875668843,40.15183136108586,4818.040498611327,19.5,0.0,train,28,716,14
-88.21463700492751,40.07412144319705,4073.2236735887204,92.75,0.0,train,891,607,352
-88.2757953811281,40.119109262258874,3020.2826763089483,16.0,0.0,train,392,85,141
-88.26304348360166,40.085058547838244,3305.5318496279374,29.25,0.0,train,770,194,303
-88.20445092716052,40.12922888076276,2427.98207596726,13.0,0.0,train,279,693,113
-88.20491927314995,40.06735634658859,4960.435578476411,0.0,0.0,train,966,690,393
-88.1881729155235,40.114799655211044,2703.399838150109,0.0,0.0,train,439,832,176
-88.25911297476658,40.14134513604965,3741.357858621781,0.0,0.0,train,145,227,44
-88.24245317790657,40.138451274832974,3134.62297106364,5.25,0.0,train,177,369,67
-88.24108364005603,40.1099004474662,37.356897879359764,0.0,156.07904,train,494,381,187
-88.16943512916991,40.15079949838452,6168.101718695721,0.0,0.0,train,39,991,19
-88.1842418925584,40.14226362821761,4618.469767789743,0.0,0.0,train,134,865,57
-88.1810694029874,40.091464326481045,3900.5300918807034,0.0,0.0,train,698,893,277
-88.20347754115762,40.085817656162284,3071.1150543957715,11.25,0.0,train,761,702,314
-88.23058320010672,40.15050965452726,4449.685891392051,0.0,0.0,train,43,470,9
-88.19878950995324,40.08473155167526,3369.9846265138503,12.0,0.0,train,773,742,314
-88.20339846290618,40.06573351396501,5167.893375141978,0.0,0.0,train,984,703,394
-88.22218148178767,40.12069134009789,1123.1682824652942,9.75,0.0,train,374,542,150
-88.19337678096271,40.15128121944192,5030.469287559699,0.0,0.0,train,34,787,15
-88.17592453150249,40.135948280223275,4652.8566358092185,1.25,0.0,train,204,936,98
-88.19325774934931,40.152091631987666,5115.785898248139,0.0,0.0,train,25,788,15
-88.20500707869036,40.14544066942958,4056.3732578998283,0.0,0.0,train,99,688,33
-88.25230659247147,40.14143063572311,3569.1260746419457,0.0,0.0,train,144,285,45
-88.18961771082763,40.09714919902084,2948.1919269889095,6.0,0.2961565,train,635,820,256
-88.19303413221911,40.146687649303956,4592.525870913023,0.0,0.0,train,85,790,35
-88.25997721560081,40.10153813444416,1787.7812066416648,19.0,0.0,train,587,220,224
-88.2532782545563,40.113421954954646,1000.2712827031307,0.0,0.0,train,455,277,185
-88.28485310377062,40.08425916204754,4632.864448484099,6.75,0.0,train,779,8,300
-88.20688561671001,40.1449924262265,3962.8587324646683,0.0,0.0,train,104,672,53
-88.19749285983123,40.14714327505625,4464.81445210669,0.0,0.0,train,80,752,35
-88.23374260947779,40.076571145069344,3751.572497593655,79.25,0.0,train,864,444,348
-88.22074562925233,40.06656223923492,4888.216057851135,0.0,0.0,train,975,555,391
-88.26743679105553,40.149635872346096,4872.742309817413,0.0,0.0,train,53,156,23
-88.25346669528693,40.15286930701189,4830.542493665704,0.0,0.0,train,17,275,5
-88.23255814505491,40.08476585012741,2844.2710219799587,0.0,0.0,train,773,454,309
-88.2409591559865,40.11521403378378,552.2259193676963,0.0,3.3519282,train,435,382,167
-88.24500888583795,40.06775409889917,4720.187785962922,7.000000000000001,0.0,train,962,348,386
-88.27536038714932,40.07876095964528,4487.590600647487,0.0,0.0,train,840,89,321
-88.27451643902445,40.105779372732705,2789.3277676702855,1.25,0.0,train,540,96,201
-88.2242785988305,40.129789622100226,2137.243801365618,1.5,0.0,train,273,524,110
-88.26303755474373,40.09082256721648,2785.457559740935,5.75,0.0,train,706,194,283
-88.1980036914802,40.067078285410126,5168.109979143005,0.0,0.0,train,969,749,394
-88.2056137609628,40.13481402197593,2932.3977999664226,0.0,0.0,train,217,683,93
-88.2793103037459,40.12469481982893,3539.9414661489877,5.0,0.0,train,330,55,121
-88.22564948328927,40.07890554302094,3508.415199301215,10.75,0.0,train,838,513,330
-88.20313624455186,40.08032343578064,3639.2683585151267,0.0,0.0,train,822,705,334
-88.2485390848158,40.15133475198886,4596.433999652764,0.0,0.0,train,34,317,6
-88.23051606434915,40.11718660691362,750.5353359912993,0.0,2.7036512,train,413,471,169
-88.23045912558432,40.07710865393787,3698.393781061167,98.75,0.0,train,858,472,349
-88.27659147422042,40.1492804724728,5229.716945179864,4.5,0.0,train,57,78,21
-88.2565364551743,40.13675029100823,3185.990350300331,7.5,0.14675122,train,196,249,64
-88.22767251068761,40.13537662146199,2764.107298649703,17.5,0.0,train,211,495,89
-88.20560094517917,40.141658723479246,3641.6901740029402,10.5,0.0,train,141,683,53
-88.25514775671674,40.119817663080994,1527.687496081294,9.0,0.0,train,384,261,145
-88.20054654173613,40.08563420776118,3207.187783872773,5.0,0.0,train,763,727,314
-88.18483609767162,40.138842035774935,4301.676970392014,7.5,0.0,train,172,860,77
-88.18683579782459,40.13659303163858,4003.3067899758,6.0,0.0,train,197,843,76
-88.28239229757925,40.08227672143601,4615.486562962207,0.0,0.0,train,801,29,320
-88.24422193417422,40.13187811495921,2410.8410293252823,0.0,0.62466735,train,250,354,107
-88.18069789466264,40.100289981343685,3494.5879181618434,30.25,0.0,train,600,896,257
-88.17930339396503,40.146580137621825,5256.2242710464025,55.75,0.0,train,86,907,38
-88.17888066107064,40.12595536261991,3851.882394600377,0.0,0.0,train,315,911,138
-88.19874658138932,40.10652667712045,1819.7286448930513,6.25,0.03212586,train,531,742,214
-88.22051475278121,40.064400498063065,5128.631166751108,0.0,0.0,train,999,557,391
-88.18271414362844,40.143252332808316,4786.569495486977,0.0,0.0,train,123,878,57
-88.21197549099111,40.12050097090451,1266.9779745152593,33.75,0.0,train,376,629,152
-88.28448448020517,40.10785544467203,3604.8275456915812,0.0,0.0,train,517,11,200
-88.18438732955943,40.07561757221182,4901.82114750368,1.7500000000000002,0.0,train,874,865,357
-88.26933785108594,40.124869863297306,2820.397908791265,0.0,0.0,train,328,140,122
-88.27118849528074,40.153960916081836,5445.130694523024,10.0,0.0,train,5,124,2
-88.25727523575267,40.10558920935362,1375.0946491067232,0.5,0.0,train,542,243,204
-88.17459669499176,40.15188743087501,5965.183962153782,0.0,0.0,train,27,947,18
-88.26321428485853,40.14711165881516,4467.3317295787,0.0,0.0,train,81,192,23
-88.24960279500782,40.145301377890064,3945.0193036743262,0.0,0.0,train,101,308,46
-88.24363301825429,40.13358884122201,2597.73264744813,0.0,0.55234176,train,231,359,87
-88.18960880510758,40.101382132295306,2740.4383543563827,36.0,0.43596458,train,588,820,236
-88.217904858134,40.152208885766434,4619.358585959185,91.0,0.0,train,24,578,11
-88.18528065012252,40.15028047085747,5277.627307872316,99.25,0.20618688,train,45,856,17
-88.1812926616257,40.149194561103975,5375.805344322564,0.0,0.0,train,57,890,37
-88.18944674137073,40.1226366684495,2881.916595741192,0.0,0.0,train,352,821,156
-88.25719749128886,40.07010439205666,4630.9663235780645,10.25,0.0,train,936,244,364
-88.17064195565983,40.08766751377093,4877.5632044350095,35.75,1.7561594,train,740,982,299
-88.1795898728457,40.12361468802556,3688.6125412072747,0.0,0.0,train,341,905,138
-88.1712835478563,40.11378656973224,4118.196754900113,33.25,0.0,train,450,976,199
-88.22755293717545,40.13681750579565,2923.817073883063,0.0,0.0,train,195,496,69
-88.26749206563385,40.09235625242976,2922.4821810860094,6.75,0.0,train,689,156,263
-88.18378986424146,40.13433758649122,4019.2620712361622,0.0,0.0,train,222,869,97
-88.25976796354522,40.078031603333976,3871.021559233677,28.749999999999996,0.0,train,848,222,324
-88.21114236484088,40.12716470333124,1967.47112779546,0.0,0.0,train,302,636,132
-88.26489779135791,40.10676477734927,1963.1724793440628,5.25,0.0,train,529,178,203
-88.26933185421849,40.131264278681826,3281.2349591885322,28.000000000000004,0.025142383,train,257,140,102
-88.2548087679911,40.108559627896646,1081.0035847731,52.0,0.0,train,509,264,205
-88.18082441906593,40.14865357417309,5352.5102368796715,0.0,0.0,train,63,894,37
-88.28235116262458,40.137394967456075,4555.671668801906,0.0,0.0,train,189,29,60
-88.18134042823276,40.127759861105055,3762.191593676626,11.5,3.3061008,train,295,890,117
-88.25372109588426,40.136027892985425,3026.559673356202,0.0,0.0,train,204,273,85
-88.17652013255085,40.132076418199745,4363.8244210808325,0.0,0.0,train,247,931,98
-88.25831291940234,40.12189119045818,1881.7438704637834,2.75,0.0,train,361,234,144
-88.18649429638381,40.07715133297322,4657.44910190109,2.0,0.0,train,857,847,356
-88.21763508488102,40.103665082461994,787.2077272241138,0.0,3.096454,train,563,581,231
-88.18182349614636,40.06867939171583,5653.72467563097,0.0,0.0,train,951,887,397
-88.22134447222557,40.13032719508879,2191.1514716551605,7.000000000000001,0.017252773,train,267,549,110
-88.17753095901995,40.100465890090604,3744.7528849252903,0.0,0.0,train,598,923,238
-88.27499136285815,40.099024915140234,3050.6201545415947,0.0,0.0,train,615,92,241
-88.19130540093605,40.07508588209949,4616.721719059687,0.0,0.0,train,880,806,356
-88.22331149537213,40.14744086954346,4094.7212324630996,0.0,0.0,train,77,532,30
-88.22910094301686,40.12204870897196,1287.4600853520965,20.75,1.2984837,train,359,483,149
-88.20043684694778,40.14201316021934,3842.504419727322,16.5,0.0,train,137,727,54
-88.22801562986875,40.14114090583629,3404.647291682938,0.0,0.0,train,147,492,49
-88.21687917555425,40.065477659124255,5017.211275283759,0.0,0.0,train,987,588,391
-88.24424215730373,40.11638741706706,704.7895140430526,0.0,7.003575,train,422,354,167
-88.21055800807596,40.125903214053025,1857.0786425041545,0.0,0.0,train,316,641,132
-88.18987606120557,40.14164031107499,4266.16406920379,0.0,0.0,train,141,817,56
-88.21206296929368,40.07123675894753,4417.800442944263,0.0,0.0,train,923,629,372
-88.23820867699929,40.152857777988075,4725.4031241687135,0.0,0.0,train,17,405,8
-88.2148188462312,40.10447279844004,787.1784637532212,3.0,0.47913077,train,554,605,232
-88.23868170232333,40.06567764926425,4951.009891125559,0.0,0.0,train,985,402,388
-88.18439188495711,40.12731351464882,3513.8646677135894,0.0,0.0,train,300,864,137
-88.18470516151794,40.091198860201196,3661.890294730254,20.0,0.77012634,train,701,862,297
-88.23986592106786,40.14259206892113,3589.1414946578857,0.25,0.0,train,131,391,47
-88.20167170031037,40.11022260201806,1513.2205331166658,0.0,26.221285,train,490,717,194
-88.19186858006388,40.14281356797366,4276.455494392661,0.0,0.0,train,128,800,56
-88.25123494153662,40.15430873551265,4954.610563984139,0.75,0.0,train,1,294,5
-88.24120555270703,40.10647816817629,417.00171786379116,6.25,45.17627,train,532,380,207
-88.27382996763053,40.08596521961247,3804.1737535652787,13.750000000000002,0.0,train,760,102,302
-88.26081424518561,40.086408117134795,3078.305089783082,33.0,0.0,train,755,213,304
-88.22272790913075,40.14545895115654,3873.571264783389,0.0,0.0,train,99,537,30
-88.18552970477245,40.089488722370305,3722.033678874956,0.0,0.0,train,720,855,297
-88.22050910705595,40.067822893436215,4748.7433621808495,0.0,0.0,train,961,557,391
-88.26345029596132,40.14585093423891,4347.620648780595,0.0,0.0,train,95,190,23
-88.20147935821574,40.08833715860639,2908.792019801818,6.75,0.015920658,train,733,719,294
-88.17164611692448,40.109283954396325,4075.1142485868645,12.25,0.0,train,500,973,219
-88.24276291646909,40.08189226460924,3145.0136945022873,0.0,0.0,train,805,367,327
-88.25353716695459,40.09261766829396,2175.6619956073755,1.25,0.0,train,686,275,265
-88.21453401017018,40.065925594019994,4980.234337760056,0.0,0.0,train,982,608,392
-88.25184192783084,40.137467579394816,3133.064594808644,1.5,0.0,train,188,289,65
-88.19685302928445,40.11499033366462,1983.5290341514578,1.0,0.14713845,train,437,758,175
-88.27732227666785,40.116858450878226,3074.286768984053,0.0,0.39974567,train,417,72,161
-88.17371003284633,40.12955083907978,4426.634939129651,0.0,0.0,train,275,955,119
-88.17361799676719,40.11874324268065,4006.806224130028,4.5,0.0,train,395,956,159
-88.22005159385711,40.13167687019426,2338.434353542727,37.25,5.227332,train,252,560,111
-88.27861395885809,40.11523794468352,3144.4860982698897,0.0,0.0,train,435,61,161
-88.22926575512898,40.09088721275494,2171.2753611486814,24.0,0.0,train,705,482,289
-88.20691466002104,40.12932165854261,2333.698127515999,100.0,0.0,train,278,672,113
-88.26878589888858,40.08821409069789,3326.041767917801,1.5,0.0,train,735,145,282
-88.17166082868982,40.103069660741106,4156.8002060038925,0.0,0.0,train,569,973,239
-88.1841969846811,40.10912066993249,3007.011573457031,0.0,0.66687286,train,502,866,217
-88.27312866217443,40.08344309570239,3967.445717810509,0.0,0.0,train,788,108,302
-88.18826740522137,40.07030877565054,5204.881617743992,0.0,0.0,train,933,832,376
-88.22272964733352,40.07196793828963,4284.262470572803,0.0,0.0,train,915,538,370
-88.18658193398724,40.145508847398794,4778.658492202598,0.0,0.0,train,98,845,36
-88.20496140293618,40.10734429460322,1284.7630082936062,0.0,0.0,train,522,689,213
-88.21980591737525,40.06773214334557,4760.198317183762,0.0,0.0,train,962,563,391
-88.17610225666782,40.109740401651585,3693.782662227276,7.5,16.43186,train,495,935,198
-88.28579437363472,40.079576278263545,5031.943725386079,0.0,0.0,train,831,0,320
-88.26181220426437,40.14116671051911,3817.4587787536643,0.0,0.0,train,147,204,44
-88.1721684205145,40.08676901935516,4821.17131883084,43.75,0.0,train,750,969,319
-88.26673155221168,40.15071621154571,4955.224598792283,0.0,0.0,train,41,162,3
-88.19518215652121,40.12912813279975,2913.536997105016,15.5,0.0,train,280,772,115
-88.23751064209338,40.064866117788974,5043.41316438077,0.0,0.0,train,994,412,388
-88.21620913352578,40.114471150399,507.22833730699466,0.0,4.977946,train,443,593,171
-88.22520188042324,40.06539566271783,5008.944260947456,100.0,0.0,train,988,517,390
-88.17934487179878,40.128207535884926,3934.304622487136,0.0,0.25714526,train,290,907,118
-88.19261575054864,40.06500041364984,5557.2227185085485,0.0,0.05076352,train,992,795,395
-88.22261333060547,40.143747664457706,3683.3843779125395,0.0,0.0,train,118,538,50
-88.27648867340856,40.131808385791636,3772.8810309205855,12.0,0.4094654,train,251,79,101
-88.22678525899217,40.10241298436888,896.7559588962077,34.0,4.6190453,train,577,503,230
-88.21775739865323,40.10069313821055,1111.4590539633018,0.0,9.412253,train,596,580,231
-88.1931054046256,40.11201379689664,2248.1700307387337,25.75,0.0,train,470,790,195
-88.1947782876391,40.09688529879092,2595.8346167591817,82.25,0.99331796,train,638,776,255
-88.2220510990636,40.128706756764565,2012.66252437298,0.0,4.944202,train,285,543,110
-88.28343319469658,40.10191086489085,3625.0414646985896,0.0,0.0,train,583,20,220
-88.22918458578773,40.06720057509387,4800.741835259771,0.25,0.0,train,968,483,389
-88.25125965569411,40.13377462163515,2724.800130098194,0.0,0.0,train,229,294,85
-88.17824614551625,40.147029035986115,5352.806745442634,0.0,0.0,train,81,916,38
-88.21145267010164,40.15049109920594,4478.529801998258,0.5,0.0,train,43,633,12
-88.28486695970697,40.064715480583196,6220.324987856697,0.0,0.0,train,996,8,380
-88.19434856737827,40.135161298513495,3462.4593866963855,0.0,0.0,train,213,779,95
-88.21472032734478,40.0936651779321,1924.8504272283074,7.249999999999999,0.050760865,train,674,606,272
-88.17770024454198,40.12910595923176,4105.53716233624,1.0,0.0,train,280,921,118
-88.26198895966238,40.08433739990703,3327.2354829806527,0.0,0.0,train,778,203,304
-88.20900731842909,40.075466483957676,4003.0607186106013,1.0,0.0,train,876,655,353
-88.22967849714115,40.12799333694314,1948.4801425340916,7.249999999999999,0.17781705,train,293,478,109
-88.17173591411786,40.120902127457455,4221.64048779686,0.0,0.0,train,371,972,159
-88.2136202504085,40.11915174757127,1068.1187209859984,0.0,0.23244321,train,391,615,152
-88.25239320044295,40.06838993536625,4722.87076741851,34.0,0.0,train,955,285,385
-88.27136901183307,40.0844328599959,3785.926487128152,4.25,0.0,train,777,123,302
-88.18699505272956,40.11704973258391,2854.3409012292955,100.0,0.07492941,train,414,842,176
-88.258456805474,40.09766446653138,1958.6685218423477,0.0,0.0,train,630,233,244
-88.25509162597643,40.06641039929495,4984.362383683776,7.249999999999999,0.0,train,977,262,385
-88.28146278619892,40.07110849203627,5477.248468243301,0.0,0.0,train,925,37,360
-88.27735682175876,40.07470910480765,4946.95211876873,0.0,0.0,train,885,72,341
-88.20913243047593,40.135628407988406,2911.5752313902526,0.0,0.0,train,208,653,93
-88.2315377171123,40.1400633111446,3291.9722593897236,0.0,0.0,train,159,462,69
-88.22135747698697,40.122401730378904,1311.4112926504495,19.5,0.0,train,355,549,150
-88.19009430500718,40.14947596860492,4985.57939008064,0.0,0.0,train,54,815,36
-88.21670726424391,40.09753989238083,1470.7832060743824,18.5,3.4127326,train,631,589,251
-88.20430461008453,40.08248625339795,3379.2689813372185,0.0,0.0,train,798,695,313
-88.1700005528479,40.11072264498144,4212.667365959338,13.0,0.0,train,484,987,199
-88.25315725131469,40.11657405642898,1163.214648417264,0.0,0.2085723,train,420,278,165
-88.22920094477398,40.133396639237986,2547.3310535126802,0.0,0.0,train,233,482,89
-88.17733116946026,40.13658061805093,4601.546038068443,0.0,0.0,train,197,924,78
-88.24842799798627,40.14629120395037,4039.4553944687464,0.25,0.0,train,90,318,26
-88.24544095907332,40.09639444364351,1557.5421286798967,0.0,1.7852261,train,644,344,246
-88.19850702374491,40.10904814902564,1790.9345778900831,0.75,0.0,train,503,744,214
-88.19415448577014,40.11525730954674,2214.0146991100305,0.0,0.13828415,train,434,781,175
-88.21453193369916,40.13455332774702,2689.5715908961224,3.0,0.0,train,220,607,92
-88.18104491178875,40.10245194065535,3394.7308565063454,7.249999999999999,0.0,train,576,893,237
-88.24793642867444,40.0701879988347,4470.135871756289,0.0,0.0,train,935,323,366
-88.2013140664158,40.11319425607378,1569.2343232063129,2.0,0.36829156,train,457,720,194
-88.2489547899728,40.09990950165453,1276.6878570092906,22.25,0.06479872,train,605,314,246
-88.17743567138788,40.09082905373542,4200.152777069281,37.5,0.0,train,705,924,298
-88.19360856090715,40.15272248856015,5166.119417252856,0.0,0.0,train,18,785,15
-88.19328678780572,40.13795194342172,3764.025952004836,7.5,0.0,train,182,788,75
-88.26936974580741,40.090826236808816,3155.418856373002,0.25,0.0,train,706,140,282
-88.26380209254926,40.146121331868024,4387.393470978846,0.0,0.0,train,92,187,23
-88.2042731445476,40.09914783382476,1813.7149601567749,10.0,0.0,train,613,695,253
-88.20355425396203,40.10716260143534,1405.6094683076196,0.0,0.0,train,524,701,214
-88.17937270562558,40.11586904011588,3462.870355805609,4.25,0.17086953,train,427,907,178
-88.24872491828535,40.09612670071734,1657.0381644504873,2.5,0.0,train,647,316,246
-88.20000581545392,40.12237911854178,2107.449960328131,3.5000000000000004,0.0,train,355,731,154
-88.28414862215743,40.08560980875687,4493.225692849116,19.5,0.0,train,764,14,300
-88.27157999202865,40.110461096835955,2495.2144272188507,0.25,0.0,train,488,121,182
-88.2067661569282,40.08284922062287,3266.8750621309423,0.0,0.6024567,train,794,674,313
-88.17937493971361,40.114878356829585,3445.9063213832283,0.0,0.22285752,train,438,907,178
-88.17451101814386,40.08785300869319,4588.125565097152,27.250000000000004,0.0,train,738,949,298
-88.25620641897059,40.1172966263,1421.5987015549,2.0,0.33690384,train,412,252,165
-88.18422176094984,40.09777281721893,3322.44451674767,0.0,0.08904579,train,628,866,257
-88.2656242073247,40.08388926712716,3534.845387673376,0.25,0.0,train,783,172,303
-88.17964268103574,40.152254485377675,5732.196464042261,0.0,0.0,train,23,904,18
-88.28427311617642,40.07552280778745,5257.458617010761,5.0,0.0,train,876,13,340
-88.18561951126269,40.10218767704062,3029.6340228838217,6.0,0.0,train,579,854,237
-88.21652821744871,40.13365473724005,2569.212916551986,57.25,0.4670564,train,230,590,91
-88.24048430310175,40.11935652415107,1011.1181655045584,0.0,0.09292972,train,389,386,147
-88.17999498769414,40.15216489062961,5706.449324037138,0.0,0.0,train,24,901,18
-88.18436044060842,40.08795615685307,3907.343384387994,1.7500000000000002,0.5255232,train,737,865,297
-88.24059757709614,40.12232867203448,1341.2637172169934,0.0,0.22671057,train,356,385,147
-88.22191568231852,40.139784267235115,3242.056380896002,0.0,0.0,train,162,544,70
-88.26960805089095,40.08677354000556,3491.5766953345988,2.0,0.0,train,751,138,302
-88.2756529488697,40.14882969923756,5143.666702493209,32.25,0.0,train,62,86,21
-88.19547756350242,40.099047637187624,2411.7529775541043,0.0,0.17006071,train,614,770,255
-88.27284990656275,40.133427661532394,3663.064652408314,3.5000000000000004,0.0,train,233,110,82
-88.18341230311468,40.09254813549368,3667.4430211317635,0.0,0.0,train,686,873,277
-88.2209556878858,40.15266219589961,4669.690295093053,0.0,0.0,train,19,552,11
-88.25661064777262,40.07073444681765,4550.062179796448,0.0,0.0,train,929,249,364
-88.24958268546952,40.066046295121815,4943.2349424598,0.0,0.0,train,981,309,386
-88.25348251458362,40.13936002567336,3373.2172580653732,3.0,0.0,train,167,275,65
-88.25942441947288,40.0704660866805,4648.429503342763,47.0,0.0,train,932,225,364
-88.21713544942257,40.121587010624346,1232.8722878167362,17.75,0.0,train,364,585,151
-88.19612181780865,40.07022828133618,4905.233304580354,0.0,0.0,train,934,765,375
-88.21378139940803,40.094114526408624,1894.7672766491207,99.0,0.3932718,train,669,614,272
-88.27460320143868,40.141263965954046,4411.324698929371,4.25,0.0,train,146,95,41
-88.18621542598365,40.09777536650357,3169.6440413491264,9.75,0.0,train,628,849,256
-88.2619878314847,40.08541815408906,3224.1184296246274,0.0,0.0,train,766,203,304
-88.25055345096256,40.13557536150657,2902.1368130398437,0.0,0.0,train,209,300,86
-88.20773562954851,40.12950267616845,2320.730050167709,85.0,0.0,train,276,665,113
-88.17839827330013,40.08002280287818,4876.054673052151,0.0,0.0,train,825,916,338
-88.22677640681584,40.10808691838176,266.9419671088293,5.75,18.747423,train,514,503,210
-88.28293441677616,40.14207844971164,4950.186098367569,12.25,0.0,train,137,24,40
-88.25904151302304,40.09919590881917,1879.1096313511375,12.25,0.0,train,613,228,244
-88.28262278462596,40.0876805972094,4251.345451999193,1.25,0.0,train,741,27,280
-88.18531859113305,40.078680907347284,4585.966260358079,13.5,0.0,train,840,857,337
-88.22815200296039,40.12880252055793,2035.2947703181178,5.0,0.014529361,train,284,491,109
-88.17538765426171,40.11442267601626,3776.928084406254,27.500000000000004,0.0,train,443,941,178
-88.20894601458862,40.10914989260796,907.2594884643539,0.0,0.22164698,train,502,655,213
-88.25772564040415,40.12252124481788,1895.5676574386748,13.750000000000002,0.0,train,354,239,144
-88.20859248720193,40.11005013736892,924.7289854641201,15.25,74.73788,train,492,658,193
-88.17963448280386,40.103801016361295,3475.032082122953,28.749999999999996,0.0,train,561,905,238
-88.23885801653543,40.10773715288935,281.90274473619314,2.25,111.35502,train,518,400,208
-88.26622522709228,40.0688490891006,5025.329108060772,0.0,0.0,train,950,167,383
-88.28398536172196,40.149283859473144,5606.464963986715,0.0,0.0,train,57,15,20
-88.26392678252374,40.13891644602448,3680.9960548737017,0.0,0.0,train,172,186,63
-88.23936088459881,40.08324049884555,3000.1277233169317,0.0,2.8017793,train,790,396,307
-88.20007142141391,40.14885744712643,4554.278042125165,0.0,0.0,train,61,730,34
-88.17758291634048,40.129105801501055,4114.193480183347,1.0,0.0,train,280,922,118
-88.24287122371032,40.088647066207905,2395.242355625336,0.0,0.021697745,train,730,366,287
-88.22658841054995,40.153297958164686,4751.332887627548,16.75,0.0,train,12,504,10
-88.1912690891549,40.092558037661604,3127.5731873578834,0.0,0.41651535,train,686,806,276
-88.23982865133688,40.08414150651805,2899.1853100871726,2.25,3.6969237,train,780,392,307
-88.23094089569167,40.0685530880213,4647.141354143895,100.0,0.0,train,953,468,389
-88.2157135399279,40.12978124000656,2150.575487611562,28.499999999999996,0.0,train,273,597,111
-88.17265374587976,40.07983485165996,5252.111708989188,0.0,0.0,train,827,965,339
-88.22390898841614,40.140776850166034,3356.154641228611,0.0,0.0,train,151,527,70
-88.20888401624121,40.078798682657755,3645.7740384774725,68.25,0.0,train,839,656,333
-88.16866442793122,40.081090130630336,5429.4963301649705,0.0,0.0,train,813,999,339
-88.18610630330899,40.093992594646124,3387.4034703943857,11.25,0.0,train,670,850,277
-88.23074404822762,40.12159986448928,1240.8766321085343,20.0,0.10560039,train,364,469,149
-88.20973544320732,40.12662283701921,1958.8379675298786,4.25,0.0,train,308,648,132
-88.1703781423923,40.14908965429654,5975.7694389223,0.0,0.0,train,58,983,39
-88.20721204994548,40.09536843818834,1987.675338564281,0.0,0.0,train,655,670,273
-88.26125381122755,40.11432781750349,1678.0041262215918,0.75,0.0,train,445,209,164
-88.21664074180728,40.06781906164139,4758.459212736588,0.0,0.0,train,961,590,391
-88.27028390879629,40.11676477082526,2492.896041296593,0.0,0.0,train,418,132,162
-88.25138315798456,40.12864116483345,2187.128247981348,12.5,0.0,train,286,293,105
-88.27192937089367,40.11325321973724,2547.2363734798396,4.75,0.0,train,457,118,182
-88.22428435572286,40.126187138798244,1737.3619018179702,16.75,0.0,train,313,524,130
-88.21165244387504,40.10428939017114,965.5366070748363,3.75,0.05063133,train,556,632,232
-88.27721370434944,40.10623102389661,3008.1568745632944,2.0,0.24689998,train,535,73,201
-88.19341262837153,40.133809239996374,3397.12034553367,0.0,0.11450641,train,228,787,95
-88.2721857457539,40.08893643806117,3474.166609868964,4.5,0.0,train,727,116,282
-88.18601129808948,40.13803297848852,4167.6380894260665,0.0,0.0,train,181,850,77
-88.16870173114944,40.065599341824765,6610.176793321747,0.0,0.0,train,985,999,399
-88.24317414566288,40.12566301116802,1716.8248405197355,1.5,0.0,train,319,363,127
-88.19374565687868,40.14308603170981,4216.58556331602,9.0,0.0,train,125,784,55
-88.1896535025543,40.13587606526205,3781.212231291404,0.0,0.061303996,train,205,819,96
-88.23988023385206,40.13214487928417,2429.4839859699346,28.999999999999996,0.0,train,247,391,87
-88.26675326849117,40.12847089654761,2906.7080277185023,9.75,0.0,train,288,162,103
-88.18297485486345,40.131454543474085,3872.7494419319296,2.0,0.0,train,254,876,117
-88.21617107761004,40.068268903365784,4710.755516952741,0.0,0.0,train,956,594,391
-88.24728815686069,40.11954190352502,1119.0626029919167,19.75,0.0,train,387,328,146
-88.19246940566038,40.07914013795528,4183.067168181261,0.0,0.0,train,835,796,335
-88.2452932710786,40.11999071605893,1114.7598902503842,16.25,0.24350293,train,382,345,146
-88.19917414297709,40.06798027816828,5039.4822015656255,0.0,0.0,train,959,739,394
-88.22328245249152,40.09268293852891,1983.7266252457932,0.0,1.0859605,train,685,533,270
-88.19527214878931,40.1426375518336,4107.400265619291,14.000000000000002,0.0,train,130,771,55
-88.19381011825145,40.11156433569008,2185.2871261623027,18.0,0.0,train,475,784,195
-88.18681877521831,40.14451846606925,4677.955863153633,0.0,0.0,train,109,843,56
-88.24464728794118,40.07540918676607,3869.7386161810505,26.5,0.0,train,877,351,347
-88.25264393702795,40.15385941679964,4925.359743396753,2.0,0.0,train,6,282,5
-88.19315494471725,40.08787707015393,3375.090018456067,1.25,0.5354227,train,738,790,295
-88.2063040384121,40.14219986881046,3679.961872826566,0.0,0.0,train,135,677,53
-88.2457895444716,40.098916463247555,1289.0479684364345,0.0,0.67429394,train,616,341,246
-88.23025873593224,40.132226777651056,2419.5562974310637,34.0,0.0,train,246,473,89
-88.23122907124672,40.11106299191564,72.19401427466494,0.0,164.66039,train,481,465,189
-88.25179150550412,40.0814486568412,3294.6968691513193,11.75,0.0,train,810,290,325
-88.2593690573923,40.121621682766474,1928.2024778121015,24.75,0.0,train,364,225,144
-88.2471723225935,40.118371006607205,995.8172686527331,4.5,0.40131444,train,400,329,166
-88.27811639471757,40.1502718905427,5393.8114619404705,0.0,0.0,train,46,65,1
-88.25398311063746,40.11252181534363,1027.2860915615072,3.75,0.0,train,465,271,185
-88.19178832625708,40.068331742436214,5253.51436394878,0.0,0.0,train,955,802,396
-88.24096232407611,40.11287241278069,292.30268466170395,0.0,14.085405,train,461,382,187
-88.19342614488613,40.06995486799341,5029.976119479614,0.0,0.0,train,937,788,375
-88.1879182130409,40.06913751751885,5332.085943581961,0.0,0.0,train,946,835,376
-88.2826306017313,40.077143235383055,5030.31929245989,0.0,0.0,train,858,27,340
-88.17018625744677,40.082082975836876,5259.4721513544755,0.0,0.0,train,802,986,339
-88.17002368216812,40.15007983525748,6075.712214687597,3.25,0.0,train,47,986,19
-88.20886570470408,40.15319020256433,4811.260204208794,0.0,0.0,train,13,655,13
-88.20691438369296,40.06609765652862,5057.327589809461,0.0,0.0,train,980,673,393
-88.18514100368118,40.106510068846774,2957.4167890093318,80.0,0.0,train,531,858,217
-88.21682469200306,40.09744994786327,1479.120017718007,71.75,3.2904131,train,632,588,251
-88.17958926422251,40.12388487398714,3700.4900098963935,0.0,0.0,train,338,905,138
-88.25801808194865,40.07010492842708,4650.576450251878,1.25,0.0,train,936,237,364
-88.24080791094491,40.1402512129695,3331.162136637587,0.0,0.0,train,157,383,67
-88.19546429354186,40.10562219128539,2115.9723667220264,0.0,0.0,train,541,770,215
-88.22793584559132,40.11682403805815,705.2014851510927,0.0,4.9635296,train,417,493,169
-88.27511209378154,40.09497215342268,3268.7797785213597,0.25,0.0,train,660,91,261
-88.21305321086787,40.10807348042721,611.6562805777718,5.75,1.2600712,train,514,620,212
-88.27698982396883,40.093261889421,3505.007848686343,0.5,0.0,train,679,75,261
-88.2235193001179,40.09124215883408,2143.193415893397,3.75,1.2636347,train,701,531,290
-88.28404039618624,40.07309100590579,5445.435640524185,5.75,0.0,train,903,15,360
-88.23529982006113,40.135203205101746,2759.9072017429835,0.0,0.0,train,213,430,88
-88.27613501273909,40.133789579252294,3893.957643430337,31.25,0.0,train,229,82,81
-88.2291126310748,40.11439341780166,437.71104881350556,0.25,18.687216,train,444,483,169
-88.27673193063443,40.12145134507152,3188.2936001874973,5.75,0.0,train,366,77,141
-88.18885125825513,40.07139026231196,5076.227436413672,0.0,0.0,train,921,827,376
-88.20397410051253,40.133191084022066,2830.496470043493,7.75,0.0,train,235,697,93
-88.20864476825761,40.081410251118896,3370.9875811505194,0.0,0.20699365,train,810,658,333
-88.26416667825828,40.13378304960554,3212.12202869153,9.75,0.0,train,229,184,83
-88.17142414045357,40.153414088982245,6269.279729337881,0.0,0.0,train,10,974,19
-88.181459357613,40.127039519519954,3713.5557213127863,4.5,0.7077988,train,303,889,137
-88.20581324809412,40.15363719032178,4914.800650802519,0.0,0.0,train,8,681,13
-88.18256878818256,40.10281418451554,3258.777718706039,7.000000000000001,0.0,train,572,880,237
-88.22423193931617,40.08556887360466,2771.5495001666645,63.24999999999999,0.0,train,764,525,310
-88.26311546857426,40.1290991836084,2746.03766987257,2.0,0.0,train,281,193,103
-88.27989366471924,40.128837954360726,3812.8154681007054,16.75,0.0,train,284,50,101
-88.27334007295798,40.1097415217404,2645.6553286276044,15.25,0.0,train,496,106,182
-88.20238860036993,40.10337866198562,1659.448796832544,91.5,3.5979655,train,566,711,234
-88.19434235547592,40.080583407461006,3961.676803945823,0.0,0.0,train,819,780,335
-88.22640534872583,40.120335067446696,1091.9275375958905,20.75,0.0,train,378,506,150
-88.23943122315646,40.117374302874,788.9962594821078,2.0,1.3268375,train,411,395,167
-88.22346352688301,40.12591617626171,1705.669867252055,5.25,0.0,train,316,531,130
-88.23257553619618,40.07296761381343,4153.884242998225,0.0,0.0,train,904,454,369
-88.1842160957369,40.15406170117855,5680.036715463365,1.0,0.0,train,3,865,17
-88.21574441879879,40.11185886863064,341.6244427546615,0.0,13.777571,train,472,597,191
-88.22318057566503,40.083136180399116,3043.656643632554,84.5,0.0,train,791,534,310
-88.17851245747451,40.081373899436436,4765.582413985867,0.0,0.0,train,810,915,338
-88.18897442502943,40.12407707700113,2994.1488692781336,0.0,0.0,train,336,825,136
-88.19089532370165,40.103094910880216,2571.0623055308247,63.24999999999999,0.03729207,train,569,809,236
-88.20186231594326,40.07212626289631,4528.8169713295265,0.0,0.0,train,913,716,374
-88.22008014070443,40.11447500025199,428.9982832030602,0.0,11.481497,train,443,560,171
-88.1710876746331,40.14683910378536,5756.417244769049,0.0,0.0,train,83,977,39
-88.19341392124926,40.133178806759396,3344.3152306950287,0.0,0.08121328,train,235,787,95
-88.24219742899076,40.15421191342023,4883.620312412891,0.0,0.0,train,2,371,7
-88.25526867405084,40.1166655612153,1316.321923539685,0.0,0.0,train,419,260,165
-88.20795042729382,40.14031036106028,3438.1733713249873,0.0,0.0,train,156,663,73
-88.19987467104546,40.06942209732046,4868.607504810321,0.0,0.0,train,943,733,374
-88.2576320913079,40.10108631228149,1653.2115707191267,2.5,0.7456211,train,592,240,224
-88.26567838813403,40.14756343433188,4600.316040712546,0.0,0.0,train,76,171,23
-88.2196286246937,40.10384718178246,751.6252588050919,21.5,21.126556,train,561,564,231
-88.17102730395246,40.07352817547699,5830.042111402961,0.0,0.0,train,897,979,359
-88.26550633079249,40.08451963859577,3471.44863896249,4.75,0.0,train,776,173,303
-88.18262683639995,40.12965284805912,3781.2899670905313,2.0,0.0,train,274,879,117
-88.20390851538717,40.10590212225325,1422.0111162218982,9.25,0.0,train,538,698,213
-88.18987018875876,40.14443222465347,4520.381490391756,0.0,0.0,train,110,817,56
-88.19234394473935,40.1399321640073,3989.3500255776326,43.0,0.0,train,160,796,75
-88.19952065621129,40.13048415954816,2781.91854037198,5.0,0.24786285,train,265,735,114
-88.28051145466435,40.088580282317295,4047.065988147724,0.0,0.0,train,731,45,280
-88.27602350080085,40.12685473457434,3416.25877880293,0.0,0.0,train,306,83,121
-88.26961485200121,40.0794784459172,4131.224142839972,0.0,0.0,train,832,138,322
-88.227448175223,40.128711816989295,2023.8398153152773,0.5,0.0,train,285,497,109
-88.28022889450297,40.15036294049081,5505.854808752141,0.0,0.0,train,45,47,0
-88.17359590345492,40.07803489560913,5325.144539567461,0.0,0.0,train,847,957,339
-88.18483514613322,40.08534494404742,4070.717159023322,10.25,0.0,train,766,861,317
-88.23366799412823,40.127726652246835,1926.7504759819053,14.499999999999998,0.06372233,train,296,444,108
-88.2573962289065,40.102256972251496,1560.2411138037055,0.0,0.025468392,train,579,242,224
-88.19615029084216,40.114449128994636,2028.2444052170679,0.0,0.18027751,train,443,764,175
-88.27156345029147,40.1287437486942,3232.527511209734,0.0,0.0,train,285,121,102
-88.18648191417493,40.08291534561711,4165.300381270927,27.500000000000004,0.0,train,793,847,316
-88.19479030193328,40.148761187249775,4726.252312483042,0.0,0.0,train,62,775,35
-88.26664051784827,40.12378759391423,2563.5055085088065,0.0,0.0,train,340,163,123
-88.25962595519307,40.10099753555643,1796.1443586407547,13.750000000000002,0.028245866,train,593,223,224
-88.2311624259529,40.07719933935891,3686.938826058255,98.0,0.0,train,857,466,349
-88.19848514592185,40.120125800257355,2072.8154438176402,0.0,0.0,train,380,744,154
-88.27650914441709,40.107221368657825,2934.252434236127,0.0,0.40453246,train,524,79,201
-88.18434178524309,40.09651209421887,3375.8732805376217,0.0,0.0,train,642,865,257
-88.18381513103775,40.06922235789288,5508.769023857702,0.0,0.0,train,945,870,377
-88.23955273786626,40.11431227922773,449.33962945231445,1.25,8.831872,train,445,394,167
-88.17647358676149,40.10127502650909,3805.317211647853,12.5,0.0,train,589,932,238
-88.20007700030408,40.085903857170244,3201.753850540495,28.249999999999996,0.0,train,760,731,314
-88.24113991441696,40.06820140048394,4665.997565907424,14.000000000000002,0.0,train,957,381,387
-88.21347887305271,40.066014570441666,4978.730970833274,0.0,0.0,train,981,617,392
-88.2501373350328,40.091894774069786,2140.753448656759,0.75,0.0,train,694,304,266
-88.21948085757988,40.122129713868496,1277.7518245984484,17.5,1.6284943,train,358,565,151
-88.27359648204146,40.084794281715816,3883.5920387409415,0.25,0.0,train,773,104,302
-88.26510140784715,40.13774633710761,3621.8092297841977,40.25,0.0,train,185,176,63
-88.23401446698685,40.131509562185904,2347.3554242639275,0.0,0.542262,train,254,441,108
-88.20898898733536,40.149948108703846,4456.019091212227,24.25,0.0,train,49,654,13
-88.18178636660998,40.08543105852716,4256.496261915886,0.0,0.0,train,765,887,317
-88.18551401277604,40.15091120188375,5325.375768756665,0.0,0.30175456,train,38,854,17
-88.20362140955095,40.13355093801706,2879.8587666229364,6.25,0.0,train,231,700,94
-88.19421451510874,40.14335678181074,4221.841688495643,93.75,0.0,train,122,780,55
-88.22814436701658,40.133755932901025,2585.1323821960805,0.0,0.0,train,229,491,89
-88.18355917714717,40.07903889784667,4652.4825633869805,21.0,0.0,train,836,872,337
-88.26592290073587,40.13765675612725,3651.535387439079,2.75,0.0,train,186,169,63
-88.24268870473615,40.137821024947854,3065.1296078142527,0.0,0.0,train,184,367,67
-88.19682673502544,40.12813939882071,2736.815794550721,0.0,0.04269051,train,291,758,115
-88.19518036091563,40.072028424227696,4757.4811411902665,0.0,0.0,train,914,773,375
-88.18609426923705,40.09957646560003,3094.2669855495237,16.5,0.0,train,608,850,257
-88.21387724976779,40.10636314503346,668.144880703492,0.0,0.84235483,train,533,613,212
-88.28153755730287,40.12712751868616,3834.82947189589,19.5,0.0,train,303,36,120
-88.19237667359492,40.067251702111,5339.119293493491,0.0,0.0,train,967,797,395
-88.26381567789161,40.13279215576641,3105.3957296445365,66.0,0.0,train,240,187,83
-88.17480364893315,40.11334112925491,3815.061391813699,0.25,0.8374488,train,455,946,198
-88.26827517679702,40.131984187333366,3277.150631227488,12.75,0.08787044,train,249,149,82
-88.22674209848375,40.13006210224407,2172.33762013141,0.0,0.0,train,270,503,110
-88.19201597045463,40.12831375289922,3051.7415617192496,18.0,0.012319526,train,289,799,115
-88.16911609996832,40.0882958003748,4953.664189951536,45.75,2.8143601,train,733,995,299
-88.22871903404321,40.141591853470494,3456.090436640558,46.25,0.0,train,142,486,49
-88.20796962578281,40.12986317843214,2348.5955823047975,100.0,0.0,train,272,663,113
-88.27942513484707,40.12784705264636,3720.28423070097,9.75,0.0,train,295,54,101
-88.23204734783042,40.11295502226713,283.8329036370146,6.5,27.854338,train,460,458,189
-88.27122498948553,40.11388328139708,2498.16495556311,30.0,0.0,train,450,124,182
-88.26521884118492,40.13765634415524,3618.7705375266987,53.5,0.0,train,186,175,63
-88.24327351971738,40.139262474221155,3226.3042376461794,1.0,0.0,train,168,362,67
-88.23247116846576,40.14366660814375,3693.798035622923,18.5,0.92192477,train,119,454,49
-88.23879739678152,40.15150733240255,4576.662334766895,6.0,0.0,train,32,400,8
-88.2127472822056,40.08204503473302,3223.53819815717,36.5,0.0,train,803,623,332
-88.22380971410368,40.12951899304569,2106.2807205566864,6.75,0.029446755,train,276,528,110
-88.24372598334071,40.15214168418765,4656.862318114959,0.0,0.0,train,25,358,7
-88.25593380432217,40.15079955956669,4653.395935696075,6.75,0.6217089,train,40,254,5
-88.17046780578897,40.11153386496766,4174.020535952857,1.0,0.0,train,475,983,199
-88.22506874915933,40.149423887584156,4318.301045999803,0.0,0.0,train,55,517,30
-88.26896745192963,40.14441314079307,4424.8648754694395,9.25,0.0,train,111,143,42
-88.28199384699477,40.14441964859087,5085.491430674135,0.0,0.0,train,111,32,40
-88.25866506484681,40.12171129336668,1890.0682404996942,21.25,0.0,train,363,231,144
-88.24037680208092,40.112151444598425,211.11138182372025,0.25,21.742552,train,469,387,187
-88.23918530280669,40.125569774971126,1698.241611781427,0.0,0.0,train,320,397,127
-88.25218731412748,40.1430516683521,3741.8611309312855,0.0,0.0,train,126,286,45
-88.19654170969794,40.09472588980644,2630.277108622932,3.0,1.3533666,train,662,761,275
-88.21206201091945,40.071777136496365,4358.427287687732,0.0,0.0,train,917,629,372
-88.24117990525482,40.12548131699006,1692.3753022496992,16.0,0.0,train,321,380,127
-88.21100839151293,40.070965460947576,4461.184857077802,10.25,0.0,train,926,638,372
-88.28167355807061,40.1024504693211,3464.7541412317887,16.25,0.0,train,577,35,220
-88.24980645557558,40.07478258002865,3985.7406267315782,25.0,0.0,train,884,307,346
-88.16885166550695,40.100724078378754,4448.801016198645,0.0,0.0,train,595,997,239
-88.26458181193435,40.0710997039845,4740.126496635925,0.0,0.0,train,925,181,363
-88.19256865738313,40.087876359200514,3408.518099992698,0.0,0.10681062,train,738,795,295
-88.19208864438185,40.093189479106606,3028.9978730010957,1.25,0.09104641,train,679,799,275
-88.22751030018424,40.088634051974815,2424.846317151505,0.0,0.0,train,730,497,289
-88.17491697965279,40.115052469956375,3825.150773341313,36.75,0.0,train,436,945,178
-88.27764450739627,40.15324370620899,5647.398980373243,0.0,0.0,train,13,69,1
-88.22273316696675,40.14221672525474,3513.677555190592,0.0,0.0,train,135,537,50
-88.17222238761384,40.11360775466913,4036.782689321009,0.0,0.0,train,452,968,199
-88.2064483434701,40.06456607291146,5231.944606084228,0.0,0.0,train,997,677,393
-88.23282853739703,40.14006443862259,3294.6450898324724,0.0,0.0,train,159,451,69
-88.22713458611231,40.10403443207869,716.0801503427177,62.0,6.3740373,train,559,500,230
-88.17963975196983,40.101459396123886,3540.4276684404176,34.25,0.0,train,587,905,238
-88.20774375126976,40.125089636209324,1889.474002809287,15.5,0.0,train,325,665,133
-88.1808874197943,40.12046422329261,3461.310802080759,0.0,0.0,train,376,894,157
-88.25459390876753,40.0914475751307,2332.0963772986843,8.0,0.0,train,699,266,265
-88.21285643350902,40.08663835581307,2721.0716813734334,0.0,0.0,train,752,622,312
-88.22824251804137,40.0699916819074,4492.7772397959625,24.25,0.0,train,937,491,369
-88.21282259964325,40.10582167721943,774.508439437924,6.5,0.17084607,train,539,622,212
-88.25525012915766,40.13287675945356,2747.2456646596065,0.0,0.0,train,239,260,85
-88.24088756707027,40.081440468482384,3196.9098734765644,0.0,0.0,train,810,383,327
-88.22237408111695,40.1465393558962,3992.8068808905286,0.0,0.0,train,87,540,30
-88.27589419747439,40.141084489425616,4465.489618809978,2.5,0.0,train,148,84,41
-88.25343906418627,40.0762261509718,3891.3289188847916,7.5,0.0,train,868,276,345
-88.20335720405092,40.08743865252406,2915.5931272287935,20.5,0.0,train,743,703,294
-88.24701149281277,40.15277461295561,4742.514212234432,0.0,0.0,train,18,330,6
-88.20628189114503,40.15408801449312,4954.283812003292,0.0,0.0,train,3,677,13
-88.27578437022044,40.13216828665021,3752.5505131903496,3.75,0.09732055,train,247,85,81
-88.22763424536987,40.08431114751553,2904.4616120229543,34.0,0.0,train,778,496,309
-88.17233968914826,40.11360791777863,4026.8178354306638,0.0,0.0,train,452,967,199
-88.19159285733903,40.106067831154256,2425.2109080802265,0.0,0.0,train,536,803,216
-88.28001197806014,40.12757713759095,3747.4141178039217,5.25,0.0,train,298,49,100
-88.20164807631953,40.122471059759775,2006.1065604436565,0.0,0.1527402,train,354,717,154
-88.20422070048946,40.126887006973746,2222.337118218441,11.0,0.0,train,305,695,133
-88.22459469974784,40.15230542297107,4637.23462729501,0.0,0.0,train,23,521,10
-88.1973937695483,40.07905595816161,3976.2025951441974,0.0,0.0,train,836,754,335
-88.23877276704057,40.084590963952984,2851.3869339151133,5.25,5.2725763,train,775,401,308
-88.19048155325254,40.0766159403327,4510.423043618329,0.0,0.0,train,863,813,356
-88.28153577994385,40.129469135998825,3968.4520581843867,0.0,0.0,train,277,36,100
-88.18490603337592,40.106689893036,2974.2105656504555,71.5,0.0,train,529,860,217
-88.25497275397854,40.067851329844544,4826.087947485037,39.75,0.45870414,train,961,263,385
-88.25860303704135,40.07118606475413,4550.726727024067,0.0,0.0,train,924,232,364
-88.23164397480859,40.068733833571756,4625.689351652252,100.0,0.0,train,951,462,389
-88.25719709018284,40.07046464432215,4592.500806001812,4.75,0.0,train,932,244,364
-88.23046549459582,40.07287569636146,4168.255013029571,63.5,0.0,train,905,472,369
-88.2324722339482,40.142946113205994,3613.821655713436,0.0,0.31118342,train,127,454,49
-88.28427175892989,40.077414131134795,5105.482109007972,0.0,0.0,train,855,13,340
-88.19673194100818,40.11688150110551,2054.7230639968648,1.25,0.0,train,416,759,175
-88.26597489490322,40.08497022654686,3453.6329922300824,1.0,0.0,train,771,169,303
-88.27428770150694,40.09902455858551,2995.942730568617,0.0,0.0,train,615,98,241
-88.23067385582982,40.09025802958808,2238.3388785411457,8.5,0.0,train,712,470,289
-88.28532255290955,40.0836289170684,4707.846057493113,0.0,0.0,train,786,4,300
-88.23022736382681,40.07530718732953,3898.820700006361,100.0,0.0,train,878,474,349
-88.2009310987459,40.068702804490364,4914.094904983524,0.0,0.0,train,951,724,394
-88.20890185783128,40.1333766077731,2680.7107723951926,52.0,0.0,train,233,655,93
-88.2809358536031,40.14676078579661,5225.141340420757,0.0,0.0,train,85,41,20
-88.18392192672837,40.07399583850427,5069.406075784709,30.5,0.0,train,892,869,357
-88.25090514343468,40.13584579869362,2938.6075350555748,0.0,0.0,train,206,297,85
-88.24965470884399,40.102972139283686,1019.0515945214652,0.0,0.0,train,571,308,226
-88.19737155527132,40.0902237290035,2943.1545815459667,51.5,0.0,train,712,754,295
-88.22686308213528,40.12772059619521,1912.6573700111735,6.75,0.0,train,296,502,110
-88.2328783899553,40.10620105782027,464.24476591476196,0.0,74.2575,train,535,451,209
-88.21382864478328,40.067095689802755,4856.31131760747,0.0,0.0,train,969,614,392
-88.25831074156613,40.1238725599215,2039.4215088110743,0.0,0.0,train,339,234,124
-88.23033401597651,40.08233219524635,3118.8080113029123,0.0,0.0,train,800,473,329
-88.27792839820236,40.092721965439154,3604.7291370408084,3.5000000000000004,0.0,train,685,67,261
-88.18365275266747,40.089846563440766,3823.4794061451125,0.0,0.0,train,716,871,297
-88.22121323001,40.1387929068189,3130.630951006285,0.0,0.0,train,173,550,71
-88.17870578770562,40.09956683811643,3681.453794982717,11.5,0.0,train,608,913,258
-88.22228971139701,40.12627530572894,1743.228211349698,0.0,0.0,train,312,541,130
-88.24061421357193,40.110080197649076,18.334741244781757,3.25,205.0007,train,492,385,187
-88.20665107799962,40.08167827685877,3393.009773706758,30.75,0.5873513,train,807,675,333
-88.275009121822,40.07822040526891,4515.909909782918,0.0,0.0,train,846,92,321
-88.19162489423631,40.14713624285941,4695.444403323488,0.0,0.0,train,80,802,36
-88.18909008617574,40.06931910872143,5264.876420386982,0.0,0.11396677,train,944,825,376
-88.2296882083576,40.12159892442488,1238.6897708371553,1.7500000000000002,0.70430446,train,364,478,149
-88.17915660153832,40.107673070341306,3447.724853595086,0.0,0.0,train,518,909,218
-88.20908379006156,40.0978922165856,1665.39507436182,6.75,3.7414484,train,627,654,253
-88.18999692691179,40.084090565765614,3869.1419181262036,2.0,0.0,train,780,817,316
-88.26783807750432,40.09839065247517,2541.604074292956,18.5,0.0,train,622,153,243
-88.18421389699085,40.10137531256141,3171.879887819147,11.75,0.0,train,588,866,237
-88.25817834572275,40.137561926993214,3323.942198359216,36.5,1.4615899,train,187,235,64
-88.1944686557607,40.13381051108308,3339.199489773823,0.0,2.0953612,train,228,778,95
-88.20673779485647,40.09815986439639,1755.7780637325407,8.0,0.0,train,624,674,253
-88.25204238405914,40.06766918441567,4796.318788246364,1.5,0.0,train,963,288,385
-88.24125422790047,40.070363006791816,4425.835786629274,0.0,0.0,train,933,380,367
-88.19048167067514,40.13263485418408,3472.1652783755594,0.0,0.23747417,train,241,812,96
-88.17146936723319,40.08487672500356,4988.492923973419,19.0,0.0,train,771,975,319
-88.21354102007955,40.09744659850268,1546.243466104986,22.0,11.995399,train,632,616,252
-88.17317305265662,40.10838545103184,3950.0666084630243,17.25,0.6194032,train,510,960,219
-88.17670277787973,40.10361696390475,3723.594201234904,0.5,0.0,train,563,930,238
-88.20010543791098,40.071313688080096,4664.823755847193,0.0,0.0,train,922,731,374
-88.17432500569896,40.1173932803796,3916.6262701992578,18.75,2.8298857,train,410,950,179
-88.2535934383017,40.14485388476896,3964.4442867996268,0.0,0.0,train,106,274,45
-88.27777251797852,40.140184785433,4495.329696625432,0.0,0.0,train,158,68,61
-88.26537286683995,40.10082092464153,2225.5814705898574,100.0,0.0,train,595,174,223
-88.1944413340358,40.14722971710443,4588.244798468979,0.0,0.0,train,79,778,35
-88.25811747468096,40.08631633462246,2976.124728957447,19.5,0.0,train,756,236,304
-88.17295263829136,40.10235095598692,4066.2848461225185,10.75,0.0,train,577,962,239
-88.22789521787921,40.14312216025002,3624.339351848395,0.0,0.0,train,125,493,49
-88.18136420461798,40.06435575896405,6076.165877015978,0.0,0.0,train,999,891,397
-88.24002133462484,40.11476296987796,500.2968052386347,0.0,1.8208271,train,440,390,167
-88.27954061539934,40.130188724145256,3871.461114858788,18.25,0.0,train,269,53,101
-88.20199812079248,40.123462142359706,2058.3018374489707,12.0,0.0,train,343,714,134
-88.19338731669907,40.146147705196796,4525.517473554298,0.0,0.0,train,91,787,35
-88.24187297530922,40.13358746459552,2593.56748374591,0.0,0.0,train,231,374,87
-88.20570026098329,40.15129545836193,4664.93281214885,0.0,0.0,train,34,682,13
-88.17104760991849,40.06497220947223,6534.921800450595,0.0,0.0,train,992,979,399
-88.16985497662345,40.07352652710678,5901.348746797145,0.0,0.0,train,897,989,359
-88.23607750854279,40.083507977583295,2976.940149250493,37.25,0.5639354,train,787,424,308
-88.17401048945388,40.15161644035572,5974.346731939975,0.0,0.0,train,30,952,19
-88.19444459388522,40.08796868641226,3295.39203015777,0.0,0.5267775,train,737,779,295
-88.19662527384003,40.11156769266714,1945.6149152258934,55.75,3.5178273,train,475,760,195
-88.22856259265943,40.09061639050378,2202.7244111289833,0.0,0.0,train,708,488,289
-88.25598404641505,40.106488980042926,1236.7305622944405,35.0,0.0,train,532,254,205
-88.19339138240011,40.14416634759983,4334.940247882111,0.0,0.0,train,113,787,55
-88.23914700964367,40.15330885418392,4777.332238297704,0.0,0.0,train,12,397,7
-88.200433161726,40.14390445738257,4034.078216267424,0.0,0.0,train,116,727,54
-88.27497050518444,40.12343184198391,3146.977910861238,0.0,0.0,train,344,92,121
-88.20203241953236,40.105629823066515,1582.1483487381302,0.0,0.0,train,541,714,214
-88.27911892006743,40.07020678756723,5439.225995842164,0.0,0.0,train,935,57,361
-88.18452808616898,40.064810181762105,5892.8384156872835,34.75,0.0,train,994,864,397
-88.22468649208909,40.094665644504836,1760.8757654661456,99.5,0.26564336,train,663,521,270
-88.19055326251247,40.09841123335653,2809.4802703433543,2.25,2.6384401,train,621,812,256
-88.2277869238703,40.13726802968154,2974.288280497871,9.75,0.0,train,190,494,69
-88.23425593212777,40.12682653437807,1827.9949240235253,0.0,0.21649419,train,306,439,128
-88.18427991024075,40.07111428179483,5312.256826746727,0.0,0.0,train,924,866,377
-88.28388021028157,40.1324422132348,4317.958640893033,0.0,0.0,train,244,16,80
-88.24024415261911,40.12340913616938,1460.4993333241323,23.25,1.7429938,train,344,388,127
-88.27041159102592,40.10550702781312,2451.912993077123,20.75,0.0,train,543,131,202
-88.27343524242663,40.13495902215022,3819.098489945451,3.0,0.0,train,216,105,82
-88.2855283802591,40.124607491099844,4015.529172845006,17.75,0.0,train,331,2,120
-88.25210288159413,40.115402510316976,1014.0045684445204,0.25,0.41327775,train,433,287,165
-88.22930125048968,40.14456442348294,3787.2079266958744,0.0,0.0,train,109,481,49
-88.17745756450887,40.132618056471784,4330.712463086248,0.0,0.0,train,241,923,98
-88.18269405132655,40.152348556935685,5591.0073588071855,0.0,0.0,train,22,878,17
-88.1727790273927,40.07641263278322,5499.331738452549,0.0,0.0,train,865,964,359
-88.18359609781876,40.115694452513964,3104.9747567719483,1.0,1.447973,train,429,871,177
-88.18240961858598,40.068680156750695,5625.463510017841,0.0,0.0,train,951,882,397
-88.1852921859227,40.144966834192694,4795.865712086669,0.0,0.0,train,104,856,57
-88.20818171860819,40.07816748520856,3728.6729095231162,0.0,0.0,train,846,662,333
-88.2794676936138,40.07389953783001,5128.11212298991,0.0,0.0,train,894,54,341
-88.2826229182863,40.08750047152775,4263.159728502746,6.5,0.0,train,743,27,280
-88.2794602416919,40.083356150316256,4350.507582461616,15.5,0.43107423,train,789,54,301
-88.25942432212881,40.07055614974792,4638.933119619289,69.25,0.0,train,931,225,364
-88.28237564217497,40.10461228323425,3471.7746355014588,0.0,0.0,train,553,29,220
-88.27346715791872,40.09857382394192,2953.9875442454254,7.5,0.0,train,620,105,242
-88.19623741993,40.07103898605715,4819.009511702529,0.0,0.0,train,925,764,375
-88.2106413227415,40.14481634244001,3869.6584961444087,0.0,0.0,train,106,640,52
-88.18019929809194,40.11343845119258,3357.6968871505233,1.0,0.12150028,train,454,900,198
-88.2336370591749,40.068555439550096,4641.552708672712,100.0,0.0,train,953,445,388
-88.17013307065818,40.15341227655948,6341.462523451388,0.0,0.0,train,10,985,19
-88.2734287574364,40.14234410864076,4445.2234834344,14.75,0.0,train,134,105,42
-88.17418168652664,40.07821582777501,5274.875409408578,0.0,0.0,train,845,952,339
-88.20367547730324,40.105091298609175,1475.64538904269,0.25,0.0,train,547,700,214
-88.2209564300824,40.15221188744458,4619.705057649544,0.0,0.0,train,24,552,11
-88.25255366318567,40.130983604442,2465.6930270112766,0.0,0.0,train,260,283,105
-88.18164955793021,40.1470335440771,5167.699161458485,0.0,0.0,train,81,887,37
-88.20967375026406,40.09591146862647,1832.3690397066741,0.0,0.90729475,train,649,649,252
-88.26616210973424,40.13306372698037,3250.9580897712494,8.0,0.0,train,237,167,83
-88.17676182560061,40.12901463216569,4170.036161521931,0.0,0.0,train,281,929,118
-88.18299886214565,40.120557045563615,3294.4468823964944,32.0,0.0,train,375,876,157
-88.27828774158368,40.08335559910866,4278.305593843045,0.0,0.0,train,789,64,301
-88.22403026560474,40.06503431050194,5051.362296759159,100.0,0.0,train,992,527,390
-88.25645056887511,40.108830916925555,1214.9914121501974,11.25,0.0,train,506,250,205
-88.16955145478096,40.10234619669066,4349.3790224034365,0.0,0.0,train,577,991,239
-88.2143578598203,40.09978906981851,1277.7404061010004,0.5,0.5082585,train,606,609,252
-88.18560879764331,40.107141104083205,2907.86621759963,60.75000000000001,0.0,train,524,854,217
-88.25383570760482,40.1383695859949,3276.760574568622,2.0,1.258203,train,178,272,65
-88.2636200093996,40.09460555617192,2510.803748629444,0.25,0.0,train,664,189,263
-88.19694905430806,40.06689692237763,5219.293529133649,0.0,0.0,train,971,758,395
-88.19667748048298,40.14408021016091,4190.0572205702465,0.0,0.0,train,114,759,55
-88.25151052780829,40.120265462346644,1363.8156510807019,2.5,0.0,train,379,292,145
-88.19784488701325,40.08806277619402,3107.513123561509,6.5,0.0,train,736,750,295
-88.27600291622309,40.15135160605021,5395.091688623534,0.0,0.0,train,34,83,1
-88.27635561883447,40.150631285097916,5343.817965074413,0.0,0.0,train,42,80,1
-88.21356413572154,40.15112373534463,4524.628675162272,0.0,0.0,train,36,615,12
-88.20118508575602,40.119228289019226,1824.2554442280164,0.0,0.0,train,390,721,154
-88.27764391889293,40.15396420063929,5715.202915868147,0.0,0.0,train,5,69,1
-88.18346325737826,40.069311966342305,5517.086964403375,0.0,0.0,train,944,873,377
-88.20276851264003,40.15003132388872,4600.005283560427,23.75,0.0,train,48,707,14
-88.28117787190854,40.137214320797625,4467.764497113749,0.0,0.0,train,191,39,60
-88.27278441079692,40.074976994452506,4696.837026312036,0.0,0.0,train,882,111,342
-88.2560026037128,40.09009758192663,2520.28567162665,41.0,0.0,train,714,254,285
-88.27859756472472,40.135682074143226,4190.610847265461,0.0,0.0,train,208,61,81
-88.22658798753558,40.153568143241976,4781.324030093597,24.0,0.0,train,9,504,10
-88.17125258873371,40.07740120000442,5520.220476456549,0.0,0.0,train,854,977,359
-88.19213330339646,40.07157443513816,4920.337526972587,0.0,0.0,train,919,799,375
-88.23693696605788,40.139167310960765,3203.1790754451445,0.0,0.0,train,169,416,68
-88.18261390548392,40.13550686909763,4180.155924846883,0.0,0.18568766,train,209,879,97
-88.19928139450015,40.13282549865936,3003.7969078666147,31.25,0.35462332,train,239,737,94
-88.22517196395287,40.08430887466473,2909.564288322697,20.0,0.0,train,778,517,310
-88.20032833329881,40.07725810493844,4046.267393933338,0.0,0.0,train,856,729,354
-88.20649404687073,40.10311304264898,1381.4721995193563,0.0,0.0,train,569,676,233
-88.24313426546853,40.06703214918756,4795.25970678662,6.0,0.0,train,970,364,387
-88.2712538868408,40.08209116206014,3980.0933354981958,3.75,0.0,train,803,124,322
-88.19550812585213,40.14200739908317,4036.8117939918025,15.75,0.0,train,137,769,55
-88.23209407176256,40.08143311737379,3215.1337174042283,34.25,0.0,train,810,458,329
-88.18395510720792,40.11245266932163,3029.759796867852,1.25,0.0,train,465,868,197
-88.26028396281849,40.143687492814074,4019.834667819682,0.0,0.0,train,119,217,44
-88.20116189246795,40.07059439342465,4709.094432309261,0.0,0.0,train,930,722,374
-88.2027776301421,40.083925549020236,3286.1704831538877,40.25,0.0,train,782,708,314
-88.2211927957681,40.15122143627932,4510.223504445378,14.75,0.0,train,35,550,11
-88.21042564823614,40.06907351877736,4676.53573652296,0.0,0.24576728,train,947,643,372
-88.18168430010434,40.078586143901084,4796.2446312278025,24.75,0.0,train,841,888,337
-88.22622666283308,40.084670106219455,2867.389237096539,0.0,0.0,train,774,508,310
-88.17879433271216,40.112265773564474,3467.7153358556184,6.0,0.0,train,467,912,198
-88.19051013368248,40.119035492315135,2635.1253099977266,0.0,0.0,train,392,812,156
-88.20537739551092,40.13571438199783,3032.129313426048,7.249999999999999,0.0,train,207,685,93
-88.20980955795063,40.150489358113305,4501.684751536437,0.0,0.0,train,43,647,12
-88.24678018416135,40.15007258440462,4441.905935124705,0.0,0.0,train,48,332,6
-88.24270712764906,40.12395146341066,1525.5842945560437,0.0,0.13658337,train,338,367,127
-88.18191658869215,40.07957714024528,4701.707996657337,0.0,0.0,train,830,886,337
-88.20773194773501,40.06771968265727,4866.670026659047,0.0,0.0,train,962,666,393
-88.19680252110093,40.081577025320655,3757.403252519917,0.0,0.0,train,808,759,335
-88.24139877613861,40.13718957355418,2992.4774449506763,0.0,0.0,train,191,378,67
-88.24264160605621,40.084954309037364,2804.930155484335,39.75,0.07224905,train,771,368,307
-88.2120535912547,40.14256628097342,3601.9523010644357,0.0,0.0,train,131,628,52
-88.21016069492174,40.08600508079839,2844.9180374405983,0.0,0.0,train,759,645,312
-88.24574772903283,40.131519030270404,2383.518956844374,56.99999999999999,0.0,train,254,341,106
-88.18436966715439,40.08372321472954,4224.898293196619,36.0,0.0,train,784,865,317
-88.18355069139383,40.08291159269577,4338.034381225715,2.75,0.0,train,793,872,317
-88.23619207061044,40.085399394663845,2766.759167402324,42.75,0.04324888,train,766,423,308
-88.25271843122214,40.09081584547127,2329.510694231771,1.5,0.0,train,706,282,285
-88.18663016228619,40.12308344633696,3118.425684093751,0.0,0.0,train,347,845,136
-88.26760586552211,40.09595882759818,2675.0793401267824,0.0,0.0,train,649,155,243
-88.26575089697499,40.074342663372896,4456.360369402056,0.0,0.0,train,889,171,343
-88.25425014286255,40.084512501093215,3029.915499445293,7.000000000000001,0.40293697,train,776,269,305
-88.21000149853178,40.10924108380982,816.9461311939151,0.5,0.014223327,train,501,646,212
-88.2404397988328,40.152049032735576,4640.046403898798,0.0,0.0,train,26,386,7
-88.20447218383863,40.11797111999137,1512.7030563125877,0.0,0.15779972,train,404,693,173
-88.18999296032464,40.085981881069735,3711.9544746590336,21.0,0.0,train,759,817,316
-88.21348427862193,40.129778954475626,2186.2923747845252,56.49999999999999,0.0,train,273,616,112
-88.22178021743508,40.15086175623502,4471.450237419166,0.0,0.0,train,39,545,10
-88.27922887840114,40.07939327197781,4649.833603233563,0.0,0.0,train,833,56,321
-88.20015932416199,40.1038264332617,1806.6938828755333,3.0,0.0,train,561,730,234
-88.20586879483443,40.12391677841321,1874.0980967060161,8.25,0.0,train,338,681,133
-88.28272683434038,40.10551306318174,3484.8329613439005,0.0,0.0,train,543,26,200
-88.222578419434,40.09295245581744,1955.1933902939268,36.25,0.7274685,train,682,539,270
-88.2841295539712,40.11208823294559,3570.9869095754316,11.25,0.0,train,470,14,180
-88.24409034604194,40.142775525513926,3618.5070474930276,0.0,0.089983486,train,129,355,47
-88.16943719806946,40.10108515878411,4390.590611981781,0.0,0.0,train,591,992,239
-88.23107737310772,40.134028746199476,2621.1981393047545,9.5,0.0,train,226,466,89
-88.28095321250073,40.12415520075714,3639.393932825576,63.74999999999999,0.0,train,336,41,120
-88.26444870288843,40.086860649772795,3207.2783772021016,4.75,0.0,train,750,182,303
-88.24375437469791,40.13052682158989,2258.6484607125594,2.75,0.14466198,train,265,358,107
-88.17198025504639,40.06713502773068,6299.0549134820185,0.0,0.0,train,968,971,399
-88.20268927472294,40.13012752868142,2592.861757031754,22.75,0.0,train,269,708,114
-88.26217214411044,40.133601716904366,3099.724333780011,3.25,0.0,train,231,201,84
-88.231471189514,40.10601970370705,487.1546759205868,0.0,28.993141,train,537,463,209
-88.28528746121097,40.133523551563286,4485.089907504625,4.5,0.0,train,232,4,80
-88.23544506534725,40.115749879225696,600.7879287717403,7.000000000000001,6.8736677,train,429,429,168
-88.20851387052089,40.08888532896938,2586.2796869812787,1.25,0.23964487,train,727,659,293
-88.23742166971324,40.12827019507617,1994.5082676565667,32.75,0.21898843,train,290,412,108
-88.19882016989136,40.06915068841142,4928.2602012512,0.0,0.0,train,946,742,374
-88.22751336830201,40.08665267210421,2644.7813619026474,0.0,0.0,train,752,497,309
-88.19070089991263,40.140020213987555,4079.7677204471474,0.0,0.0,train,159,810,76
-88.18082159906602,40.149914436489624,5463.765221480642,0.0,0.0,train,49,894,17
-88.2415395030788,40.11980767706142,1063.2902642193053,0.0,0.1795657,train,384,377,147
-88.18880598102204,40.148213501607856,4922.104824857822,0.0,0.0,train,68,826,36
-88.25771725857761,40.13008646909109,2567.5440730798905,0.0,0.0,train,270,239,104
-88.22651054006681,40.12808052043772,1951.916606208826,14.000000000000002,0.0,train,292,505,110
-88.27345681544512,40.11037201977117,2655.1307595377934,0.0,0.0,train,489,105,182
-88.18777932369989,40.07931446597139,4400.0982032994425,0.0,0.0,train,833,836,336
-88.2673332853116,40.135315953836724,3509.392681224235,33.25,0.0,train,212,157,83
-88.18963377165544,40.14524248893391,4606.435229477216,0.0,0.0,train,101,819,56
-88.1702981342709,40.0843347053783,5104.846716086842,0.75,0.0,train,777,985,319
-88.18249815918891,40.13478622175221,4135.216955120362,0.0,0.0,train,217,880,97
-88.24238828260474,40.099093968061624,1234.8284420393145,0.0,5.39626,train,614,370,247
-88.17359481216336,40.12865005852633,4388.792928746032,0.0,0.0,train,285,956,119
-88.27626530432825,40.11829893331163,3030.3269900014034,4.0,0.0,train,401,81,161
-88.26772408852099,40.09496820444554,2749.547449083427,64.5,0.0,train,660,154,263
-88.22753915636214,40.06999104174502,4494.235147310216,0.0,0.0,train,937,497,369
-88.28240424040028,40.06624549882325,5960.2238346215945,0.0,0.0,train,979,29,380
-88.20276264893954,40.153093419781015,4924.68327877902,0.0,0.0,train,14,707,14
-88.2127267799189,40.093663119435206,1967.4459040105262,39.5,1.2022513,train,674,623,272
-88.24455705783814,40.144847309800745,3850.1277872796177,0.0,0.60654503,train,106,351,47
-88.18082582899919,40.1480231429115,5297.394034440095,0.0,0.0,train,70,894,37
-88.27124005786165,40.09731177361361,2852.254940672438,2.25,0.0,train,634,124,242
-88.24222330012526,40.13484861054711,2734.2551023446927,0.0,0.0,train,217,371,87
-88.24746819780637,40.06964727394067,4525.78014038946,0.0,0.0,train,941,327,366
-88.18458907469507,40.09065833456491,3705.4912580271907,26.25,0.122704305,train,707,863,297
-88.18378045966313,40.08507339865386,4156.8434856401145,4.25,0.0,train,769,870,317
-88.24968712678006,40.07649369180431,3796.6295277281197,5.5,0.0,train,865,308,346
-88.22945220659713,40.12249933611791,1338.1742765526617,1.5,0.6679764,train,354,480,149
-88.21441334008132,40.13527370286555,2770.1597128671015,3.25,0.0,train,212,608,92
-88.25572121077778,40.13134601926892,2609.809157291697,0.75,0.0,train,256,256,105
-88.24046604431351,40.132775785616936,2500.6782413193305,56.00000000000001,0.0,train,240,386,87
-88.2782756966969,40.09830602124822,3339.147064650176,2.5,0.0,train,623,64,241
-88.27548243063217,40.073087048494756,4999.52415522063,0.0,0.0,train,903,88,361
-88.23243956321959,40.085666375798574,2744.5435316787675,43.5,0.0,train,763,455,309
-88.20504434238998,40.12562705099009,2067.885272455204,24.0,0.0,train,319,688,133
-88.26505639291955,40.06542600516118,5337.918772794245,0.0,0.0,train,988,177,383
-88.26196958414988,40.10289031862727,1862.7522525531554,77.0,0.0,train,572,203,224
-88.27827801930343,40.09542401517292,3478.532250138738,11.75,0.0,train,655,64,261
-88.26844703471447,40.074614394044566,4537.796695198707,0.0,0.0,train,886,148,342
-88.19164865520361,40.13569839927469,3654.238976485606,0.0,0.0,train,207,802,96
-88.27876055263418,40.07858248527557,4689.937396456451,0.0,0.0,train,842,60,321
-88.16877690359618,40.08307167420765,5291.642396170837,0.0,0.0,train,791,998,319
-88.19655687530478,40.14570118266633,4355.01034646997,0.0,0.0,train,96,760,35
-88.23934156110927,40.09729028207679,1440.588315081333,0.0,12.917967,train,634,396,247
-88.2385061412747,40.107736865342936,282.63169849331945,11.75,119.32899,train,518,403,208
-88.25579627875543,40.065240051417916,5124.395722866928,17.0,0.0,train,990,256,385
-88.20350681550919,40.13210981551446,2744.2422149657405,23.75,0.0,train,247,701,94
-88.1945539866583,40.091841517679285,2973.4499022927234,38.0,0.0,train,694,778,275
-88.26926506336682,40.07740680378618,4307.217656426574,0.0,0.0,train,855,141,342
-88.18811899819207,40.0849888556446,3901.467277002374,0.0,0.0,train,770,833,316
-88.26351010286834,40.087400465062615,3111.8551471413925,7.249999999999999,0.0,train,744,190,283
-88.24412167296842,40.11881900883645,967.6904527638295,0.0,1.2568203,train,395,355,147
-88.17163353367253,40.11459762047463,4097.167095868334,17.75,0.0,train,441,973,179
-88.24887346882798,40.07081912763599,4409.892762169393,0.0,0.12222691,train,928,315,366
-88.2033765550645,40.0772615645235,3948.5329168778926,1.0,0.0,train,856,703,354
-88.18813009543813,40.079765220924905,4342.220567001047,0.0,0.0,train,828,833,336
-88.23371950963349,40.0924221957628,1992.0921395843739,12.25,0.9617181,train,688,444,268
-88.20297794304302,40.10184826250901,1706.6572327980127,9.75,19.876497,train,583,706,234
-88.18329694399412,40.145054328189474,4908.418967220768,0.0,0.0,train,103,873,57
-88.27871043361304,40.14126597611421,4637.97873507419,0.0,0.0,train,146,60,41
-88.22754818876756,40.13987961143549,3263.716688498471,17.0,1.5799569,train,161,496,69
-88.27686280463946,40.105060039718836,3000.6591294188597,16.5,0.026985561,train,548,76,201
-88.18649893879224,40.074989826747746,4850.90934395486,4.75,0.0,train,881,847,356
-88.18156686769727,40.13145270689593,3969.536427933983,3.0,0.0,train,254,888,117
-88.24536136633145,40.06712392488253,4791.612723364106,2.0,0.0,train,969,345,386
-88.18387957764489,40.14694638177526,5043.764525809686,0.0,0.0,train,82,868,37
-88.20039529628575,40.10310620363564,1823.6229580492902,20.0,0.0,train,569,728,234
-88.22506113246978,40.080255939228344,3359.6744098993972,0.0,0.0,train,823,518,330
-88.17364243354527,40.108296036634485,3910.775012150458,9.5,0.7096174,train,511,956,219
-88.22899078562911,40.11736536760224,767.3706313545691,2.5,7.726133,train,411,484,169
-88.2179284824903,40.13824930770567,3070.1806101791626,0.0,0.0,train,179,578,71
-88.17535555138858,40.07758699372709,5250.676365422969,0.0,0.0,train,852,942,358
-88.20441455372973,40.08635907990674,2982.1895542109924,10.0,0.0,train,755,694,313
-88.17688803182413,40.12514212800773,3967.4299864351615,0.0,0.0,train,324,928,138
-88.19491271229964,40.0884195608345,3231.388445417294,0.0,0.07102244,train,732,775,295
-88.20397324673017,40.13364139367861,2874.8884019930974,27.0,0.0,train,230,697,93
-88.18528113426218,40.095972922514235,3333.942400430929,66.25,0.041962933,train,648,857,257
-88.1814802219297,40.064896290162906,6020.179966773135,0.0,0.0,train,993,890,397
-88.1870371184293,40.097416156532,3125.756979654179,40.75,0.0,train,632,842,256
-88.26938154489531,40.078217435317356,4236.76273275809,0.0,0.0,train,846,140,322
-88.1985171581394,40.10391459612285,1930.9929602787522,0.75,0.0,train,560,744,234
-88.26069698997972,40.08640804367101,3073.200364231038,27.250000000000004,0.0,train,755,214,304
-88.1751912173712,40.09794096550894,4024.8101907072714,8.0,0.0,train,626,943,258
-88.20194994976846,40.08752712783096,2965.327824651368,10.25,0.0,train,742,715,294
-88.18309337695602,40.130914324434464,3829.0609776474253,20.25,0.0,train,260,875,117
-88.20377789976526,40.11292685092987,1357.3238024486723,0.0,5.6582956,train,460,699,193
-88.20523196182856,40.08816124356055,2771.6202044603842,2.5,0.0,train,735,687,293
-88.21640717686304,40.13581610570277,2809.113434015734,0.0,0.0,train,206,591,91
-88.18872850553767,40.0740019378602,4835.309847132329,0.0,0.0,train,892,828,356
-88.26474810993454,40.139006997429604,3725.1507118870154,2.5,0.0,train,171,179,63
-88.2843454089502,40.13820638701244,4742.890133766054,0.0,0.0,train,180,12,60
-88.20666696182025,40.136346234247085,3055.930601546131,12.0,0.0,train,200,674,93
-88.23298045834639,40.11655833165337,685.6586798702855,0.0,10.109265,train,420,450,169
-88.28176676299206,40.13433259673073,4298.884952279751,2.75,0.7178267,train,223,34,80
-88.19164385471353,40.081480767668864,4009.6058456232267,0.0,0.0,train,809,803,336
-88.27876378768443,40.07452964994604,5036.00525702473,0.0,0.0,train,887,60,341
-88.24023813301376,40.127822182201406,1950.3546602699257,17.25,0.0,train,295,388,107
-88.26122507699051,40.14152659451844,3832.1530965141746,6.5,0.0,train,143,209,44
-88.22847614331795,40.07053227231743,4432.308985692423,0.0,0.0,train,931,489,369
-88.1886299499038,40.065175630306975,5688.16508216096,0.0,0.0,train,990,829,396
-88.25938378895118,40.10802226395444,1475.5388987374856,6.25,0.0,train,515,225,204
-88.23884493091063,40.11719370126317,767.7872415761509,1.5,2.1561062,train,413,400,168
-88.20937519155606,40.066550631445104,4967.739001335488,0.0,0.0,train,975,652,393
-88.25922699738861,40.14440731710351,4060.9954640407036,0.0,0.0,train,111,226,44
-88.19385306305867,40.147949505183384,4682.3060800369085,0.0,0.0,train,71,783,35
-88.27874846931945,40.09371304537311,3606.6777551149357,11.5,0.0,train,674,60,261
-88.24299157828752,40.08630552581,2655.3894308876074,5.25,0.6833883,train,756,365,307
-88.2436635493573,40.11035278605323,116.08442297732735,0.25,155.8976,train,489,359,187
-88.28227363655277,40.084167990895786,4469.294230818748,0.75,0.0,train,780,30,300
-88.18980020794125,40.12191660875434,2818.784945761916,0.0,0.0,train,360,818,156
-88.17705751600697,40.102356566962925,3726.0342742294592,10.5,0.0,train,577,927,238
-88.2347166401936,40.132771032459694,2488.771996619906,20.25,0.0,train,240,435,88
-88.18713955079441,40.10435110746543,2838.3462037560425,0.0,0.0,train,555,841,236
-88.24541011988596,40.120351054222795,1155.986990843397,1.0,0.36400574,train,378,344,146
-88.25913413233916,40.1218917194886,1933.1249891176826,0.25,0.0,train,361,227,144
-88.20581729064196,40.15147571098091,4681.8324151552115,0.0,0.0,train,32,681,13
-88.20375516444875,40.12490511778004,2072.8702855006372,29.5,0.0,train,327,699,133
-88.18703827561696,40.09687578193468,3154.271552589304,1.0,0.06868706,train,638,842,256
-88.2831982343344,40.1024511392868,3590.785982365766,0.0,0.0,train,577,22,220
-88.24033766084374,40.14088127050012,3400.169530715675,0.0,0.0,train,150,387,67
-88.2182014661393,40.115553897008375,557.2626893359419,0.0,5.5662813,train,431,576,171
-88.20395087077937,40.1454394941586,4084.401720807821,0.0,0.0,train,99,697,33
-88.19267015642933,40.095531817529654,2829.6439715403176,0.0,30.71893,train,653,794,275
-88.21003255334035,40.09203915326828,2212.9550841400805,65.5,1.1199485,train,692,646,272
-88.19279774479136,40.147497919778566,4680.9070253208665,0.0,0.0,train,76,792,35
-88.19947700773453,40.152729421020005,4974.55121396452,0.0,0.0,train,18,735,14
-88.25380052033016,40.06785053104434,4804.8004543490515,0.25,0.0,train,961,273,385
-88.23379031216358,40.12430439181282,1547.1056559974738,4.75,0.15563239,train,334,443,128
-88.28153851425613,40.12586664743209,3768.3505818825647,0.0,0.0,train,317,36,120
-88.21379365761389,40.15409601285265,4850.8104087964075,0.0,0.0,train,3,613,12
-88.26652319843542,40.1237875262959,2555.4175285225365,0.0,0.0,train,340,164,123
-88.25187214014858,40.11216009998541,843.0128727113032,0.0,0.0,train,469,289,185
-88.1773145017664,40.092540082936466,4112.915458446438,0.0,0.03759343,train,686,925,278
-88.22285795717353,40.13762368077699,3004.0711178531637,0.0,0.0,train,186,536,70
-88.25977658745742,40.07001599514504,4705.325056253317,0.0,0.0,train,937,222,364
-88.27402389290832,40.132707771450846,3680.140077829116,28.499999999999996,0.0,train,241,100,82
-88.21039232406349,40.15274152434975,4739.490255486145,0.0,0.0,train,18,642,12
-88.21588835793085,40.09636824990725,1610.9504953668,51.5,0.041174777,train,644,596,251
-88.20513497589455,40.07735358676438,3889.4315511623277,0.0,0.0,train,855,688,353
-88.20174612536623,40.071585752499104,4588.747987466565,0.0,0.0,train,919,717,374
-88.27548296403258,40.07245660706587,5057.431788305355,0.0,0.0,train,910,88,361
-88.2514328587524,40.08721243014812,2669.8043423788286,16.0,0.0,train,746,293,285
-88.21021010143458,40.12365128819997,1645.7319352477932,30.5,0.0,train,341,644,132
-88.24637673013295,40.098286466736724,1369.0244391648318,2.25,2.5103383,train,623,336,246
-88.22600609689817,40.150415440804515,4430.212445060962,0.0,0.0,train,44,509,10
-88.19405353217705,40.10724162912827,2194.436892369045,0.0,0.0,train,523,782,215
-88.1702088942525,40.121710547357054,4371.512750130104,0.75,0.0,train,362,985,159
-88.27981685712871,40.0771419697252,4869.5862508328355,0.0,0.0,train,858,51,341
-88.18412395905447,40.08885648059669,3859.401979531324,16.0,0.28999257,train,727,867,297
-88.22833554063537,40.08575279152066,2743.0509446896567,0.0,0.0,train,762,490,309
-88.1819937469098,40.097679865008516,3499.183101181603,0.0,0.0,train,629,885,257
-88.18956405851476,40.12263681414167,2873.0629411395485,0.0,0.0,train,352,820,156
-88.2438658010422,40.1350300153495,2758.4917353185456,0.0,0.0,train,215,357,87
-88.20821105567362,40.12617088896514,1972.9563958234753,0.0,0.0,train,313,661,133
-88.26745114637325,40.13477564819258,3468.1431477931874,63.0,0.0,train,218,156,83
-88.24120360873044,40.10791916743475,257.0489580447462,7.75,47.638844,train,516,380,207
-88.26033396771939,40.0969451630536,2128.7510905752924,28.499999999999996,0.0,train,638,217,244
-88.19457939817565,40.13705287886945,3618.489552526418,5.5,0.0,train,192,777,75
-88.23636227088696,40.13070099228954,2262.241688579839,53.0,0.0,train,263,421,108
-88.24299883957552,40.08081169337184,3265.282674396864,0.0,0.0,train,817,365,327
-88.26113850795724,40.1124364339957,1623.705528943584,0.75,0.13693047,train,466,210,184
-88.22039099141087,40.06836315724815,4689.004061834507,0.0,0.0,train,955,558,391
-88.2689601407788,40.15215846182222,5181.384204143679,57.49999999999999,0.0,train,25,143,2
-88.24201598161457,40.1144043099549,464.4393532407876,0.0,0.49381053,train,444,373,167
-88.241654033447,40.12187920154525,1293.4653410449337,0.0,0.0,train,361,376,147
-88.20609602061069,40.06492593928827,5199.376944394375,0.0,0.0,train,993,680,393
-88.26956340433938,40.134596706312045,3567.0773834364,27.250000000000004,0.0,train,220,138,82
-88.17522654453217,40.133335528969084,4532.8585626768145,0.25,0.0,train,233,942,98
-88.17314960064681,40.11838234647871,4036.989977244882,21.75,0.15395278,train,399,960,159
-88.27931800110484,40.1149680878457,3198.498457464223,0.0,0.0,train,438,55,161
-88.2010604445212,40.123010763840114,2083.2556745474385,0.0,0.0,train,348,722,134
-88.20277144415351,40.1485002753332,4438.5268068394735,0.0,0.0,train,65,707,34
-88.23708899302954,40.11458044544237,474.2280956186202,0.0,19.718716,train,442,415,168
-88.17871964848264,40.0934425943422,3959.518716913449,5.0,0.0,train,676,913,278
-88.21321025771955,40.08546790600094,2842.6155814376402,0.0,0.0,train,765,619,312
-88.2226778890631,40.103940197582126,735.310612088122,0.0,39.664158,train,560,538,230
-88.19623612115312,40.13012006921358,2930.9256471863946,0.0,0.6920837,train,269,763,115
-88.22541656320908,40.152126068147076,4618.941424417559,0.0,0.0,train,25,514,10
-88.18482609767308,40.14343518439785,4686.6843225093235,0.0,0.0,train,121,860,57
-88.22234052178374,40.09502367129742,1725.7472672254955,95.25,0.0,train,659,541,270
-88.19424187770471,40.129937566915864,3033.7452339555193,14.000000000000002,0.072114706,train,271,780,115
-88.22935272372077,40.11079113516924,38.3151184373698,0.0,258.93246,train,484,481,189
-88.26766718210595,40.15413909637984,5334.323120106349,0.0,0.0,train,3,154,3
-88.26978230593619,40.151528482909214,5150.080486283673,21.75,0.0,train,32,136,2
-88.17060999821913,40.101086812316325,4293.571929225155,0.0,0.0,train,591,982,239
-88.28367365099542,40.093805324312626,3969.408198602596,4.0,0.0,train,673,18,260
-88.19421010599312,40.14551826317079,4430.31126629389,0.0,0.0,train,98,780,35
-88.17349613928694,40.07055952711788,5926.279121200976,0.0,0.0,train,930,958,379
-88.26632709464825,40.08452011625501,3511.7471267842934,0.5,0.0,train,776,166,303
-88.1835648767715,40.12992425143916,3732.4652497963266,25.0,0.0,train,271,871,117
-88.25981872242124,40.139814531596706,3609.391529872149,0.0,0.60796034,train,162,221,64
-88.22285022459741,40.069896601883926,4513.951578226991,23.25,0.0,train,938,537,370
-88.23693709332801,40.13907724901617,3193.182027956484,0.0,0.0,train,170,416,68
-88.18276403641357,40.12064680282246,3316.645907305672,1.0,0.0,train,374,878,157
-88.24209813283007,40.140702546804526,3383.820204523846,0.0,0.0,train,152,372,67
-88.17741495394021,40.15126082718381,5759.650596792809,0.0,0.0,train,34,923,18
-88.28024200527746,40.133521348434655,4141.129840295465,11.75,0.0,train,232,47,80
-88.22771975947688,40.1048455304054,624.8918000160044,12.0,18.401972,train,550,495,229
-88.21180673974094,40.08348505853214,3082.157216270149,86.75,0.0,train,787,631,312
-88.24126307708529,40.150788824206856,4501.78863115708,0.0,0.0,train,40,379,7
-88.22837793152303,40.134476641808845,2665.594731277008,56.25,0.0,train,221,489,89
-88.22209116982349,40.1041197607633,716.5314400392291,2.5,114.51572,train,558,543,230
-88.24531463547108,40.10341923565173,796.7557431847226,8.75,0.067917444,train,566,345,226
-88.18296393813618,40.13640794481125,4224.948741325304,0.0,4.3507543,train,199,876,77
-88.27665117065175,40.07741065314959,4673.417807722928,0.0,0.0,train,855,78,341
-88.26362827839607,40.086499907486775,3199.501179298374,0.0,0.0,train,754,189,303
-88.21138715321429,40.12149103844924,1387.2984244823608,0.0,0.0,train,365,634,152
-88.2176413393727,40.09997252118258,1192.0809278396848,0.0,4.4190073,train,604,581,251
-88.26499155260805,40.13027111461339,2948.8977885556546,0.0,0.0,train,268,177,103
-88.21378833272445,40.090151771619986,2322.9593477258145,0.0,3.8641996,train,713,614,292
-88.17458810026552,40.10514514844242,3869.7841009916133,0.0,0.33837166,train,546,948,218
-88.26704911999991,40.065427162395245,5401.870650545033,0.0,0.0,train,988,160,383
-88.28014467364625,40.10785353308923,3235.941438346948,11.25,0.0,train,517,48,200
-88.25454799099437,40.13125516489392,2558.3750166820387,5.25,0.0,train,257,266,105
-88.26487792634525,40.12657849614804,2645.9114024069495,12.0,0.0,train,309,178,123
-88.23878260915721,40.077475998367355,3641.1536855216073,42.5,0.163214,train,854,401,348
-88.24326245925629,40.1476382302992,4156.0227070099445,0.0,0.0,train,75,362,27
-88.18926665044123,40.096788512201755,2994.373890473881,0.5,0.0,train,639,823,256
-88.26350393674649,40.09343467032108,2595.3586240177947,1.0,0.0,train,677,190,263
-88.22916565234918,40.07962926193034,3421.149281820606,99.25,0.0,train,830,483,329
-88.17921857464168,40.08020402294447,4811.979861758967,0.0,0.0,train,823,909,338
-88.20721155116833,40.09563862579052,1962.1970048208618,5.5,0.0,train,652,670,273
-88.23809723471358,40.064506348619645,5082.186431407051,4.0,0.0,train,998,407,388
-88.26076908948376,40.128917612769875,2605.240998709611,0.0,0.0,train,283,213,104
-88.1897484730591,40.14650349807447,4718.649963905916,0.0,0.0,train,87,818,36
-88.17243661410704,40.122254037287064,4207.749038715038,0.0,0.0,train,356,966,159
-88.19927212005963,40.07779726541888,4029.0918208852218,0.0,0.0,train,850,738,354
-88.2544111755154,40.148096674920005,4330.699920310927,0.0,0.0,train,70,267,25
-88.2019896279979,40.12787518256828,2424.021949674767,6.75,0.5315197,train,294,714,114
-88.2615820529422,40.13684358916632,3382.220169825493,0.0,0.6057737,train,195,206,64
-88.20118281914039,40.12039909675438,1895.7367628334353,79.25,0.0,train,377,721,154
-88.20266502821076,40.08149372344455,3535.533133445213,0.0,0.0,train,809,709,334
-88.1819174654684,40.13208360074838,3986.7460327060166,7.000000000000001,0.0,train,247,885,97
-88.27203624061923,40.12487132290608,3011.2928364131803,0.0,0.0,train,328,117,122
-88.25144494423066,40.07712538887356,3755.6687103911786,28.249999999999996,0.0,train,858,293,345
-88.17594465280868,40.07632691381054,5314.214403800013,0.0,0.0,train,866,937,358
-88.2641927738591,40.1080252344331,1881.0865667884939,1.5,0.0,train,515,184,203
-88.23642759900444,40.08467908878198,2846.249578140441,0.0,1.8845184,train,774,421,308
-88.24043660840543,40.15439063781371,4899.969638604789,0.0,0.0,train,0,386,7
-88.23046996564959,40.069903617910796,4498.15758015632,0.0,0.0,train,938,472,369
-88.27919041055374,40.127937005390244,3708.573162795407,4.25,0.0,train,294,56,101
-88.24067309321573,40.066669954167395,4836.911630793092,0.0,0.0,train,974,385,387
-88.24137351450241,40.06883202821631,4595.602491999991,54.25,0.0,train,950,379,387
-88.2465299291371,40.07000682727573,4478.915768973427,0.0,0.0,train,937,335,366
-88.17022278761624,40.066772314187794,6426.800399371524,0.0,0.0,train,972,986,399
-88.21805121543859,40.065568894482965,5003.772335112712,0.0,0.0,train,986,578,391
-88.21922905919891,40.13239655991318,2417.763558881572,5.5,1.3645321,train,244,567,91
-88.20852686403339,40.08177037588414,3335.3153252607317,0.0,0.9048515,train,806,659,333
-88.18082804451878,40.147032465075505,5211.504852799551,0.0,0.0,train,81,894,37
-88.2380135883043,40.12448806927949,1575.8471960600968,2.5,0.0,train,332,407,128
-88.27829093269497,40.07939283012397,4596.100364565816,0.0,0.0,train,833,64,321
-88.27146579618504,40.10703865948433,2510.2898123722007,0.5,0.0,train,526,122,202
-88.1950104629064,40.09805639107418,2505.1471221486418,0.25,0.75348496,train,625,774,255
-88.23443483355794,40.08431715302287,2890.3685060521516,0.0,0.0,train,778,438,308
-88.18755581670264,40.12911878426584,3404.7932246098503,11.25,0.0,train,280,837,116
-88.18432999879418,40.1019158375986,3143.5325813605637,0.0,0.0,train,582,865,237
-88.28201999321372,40.10965562987155,3385.7078670011606,0.0,0.0,train,497,32,180
-88.24959560677982,40.151155397093355,4587.964031608126,17.75,0.0,train,36,308,6
-88.26455580636751,40.0969477467535,2401.3421456169817,17.0,0.0,train,638,181,243
-88.22287749526932,40.12555536981503,1664.4667543687794,16.75,0.0,train,320,536,130
-88.25784624450283,40.1195492662324,1681.5047862382967,0.0,0.0,train,387,238,144
-88.24401367101787,40.111703993960155,219.85323691547975,3.75,6.167824,train,474,356,187
-88.189182438375,40.08111747925075,4168.659882253619,0.0,0.0,train,813,824,336
-88.23753330696321,40.13232308595705,2444.6183892332665,3.0,0.0,train,245,411,88
-88.1865747629157,40.1488411284718,5083.502494028498,18.0,0.0,train,61,845,36
-88.23997210139684,40.06495819068918,5028.3134405922965,0.0,0.0,train,993,391,387
-88.26937733178924,40.08272058186784,3826.9231101962714,2.0,0.0,train,796,140,302
-88.27965872511199,40.12919809460598,3817.927823132838,2.5,0.0,train,280,52,101
-88.21384115613186,40.12698739485095,1878.1702775713181,0.0,7.3624086,train,304,613,132
-88.189563532923,40.0671581821333,5456.207716370278,0.0,0.0,train,968,821,396
-88.28398901115015,40.14424039197038,5185.619105779376,0.0,0.0,train,113,15,40
-88.24345526805432,40.090358714548294,2206.867429608897,0.0,0.4054995,train,711,361,287
-88.18000410119652,40.14811211965366,5348.841591871386,8.75,0.0,train,69,901,38
-88.19271741359641,40.072565839366256,4799.787401480112,0.0,0.0,train,908,794,375
-88.1944808197603,40.07013626306394,4972.785494649485,0.0,0.0,train,935,779,375
-88.22805648609184,40.114662649917314,465.5153300082458,0.0,75.26352,train,441,492,169
-88.2616104510039,40.10982491479629,1645.6977399189518,0.0,0.6629813,train,495,206,184
-88.2225817770058,40.09088101509611,2185.1254825337282,31.25,3.5619776,train,705,539,290
-88.19388970450598,40.13002720558224,3062.0454861289545,15.25,0.24391054,train,270,783,115
-88.17521318565436,40.139099482502516,4918.526393001133,70.25,0.0,train,169,942,78
-88.26473361649451,40.15341690096032,5163.461082143002,0.0,0.0,train,11,179,3
-88.28222221189327,40.15288556985923,5832.372486083437,0.0,0.0,train,17,30,0
-88.16870346547981,40.064878839007925,6670.8020767964645,0.0,0.0,train,993,999,399
-88.27672700082032,40.127395454074176,3499.207963342081,0.0,0.0,train,300,77,121
-88.27674395024712,40.10695129592114,2957.6730582858445,14.75,0.7423292,train,527,77,201
-88.232992503207,40.1083626578187,224.07264160047475,0.0,56.9245,train,511,450,209
-88.23028484703812,40.114934841246416,500.1231796026673,0.0,17.9637,train,438,473,169
-88.18520103972466,40.132898406445335,3823.945946560041,0.75,0.0,train,238,857,97
-88.18863983972234,40.11588098819973,2687.678481038745,8.5,0.2586817,train,427,828,176
-88.23351878302363,40.069275842857955,4561.8193133488385,28.999999999999996,0.0,train,945,446,368
-88.1834109198096,40.09317857288807,3629.699793788438,19.75,0.0,train,679,873,277
-88.20949474792909,40.12995488149062,2307.1133493716366,0.0,0.0,train,271,650,113
-88.19125092136456,40.101294095608054,2614.997389635623,0.0,0.3178296,train,589,806,236
-88.18439817449475,40.12443153147839,3355.696252389038,0.0,0.0,train,332,864,137
-88.20480357418975,40.066545649860196,5050.0873484227395,0.0,0.0,train,975,691,393
-88.28435995361343,40.11794238937393,3685.673296899134,0.75,0.0,train,405,12,160
-88.22290474141566,40.10871372950178,204.98112601617902,0.0,14.997381,train,507,536,210
-88.23527497369743,40.07080841577648,4388.224737255643,93.25,0.0,train,928,431,368
-88.21417246392583,40.071599200289064,4355.850362466649,0.0,0.0,train,919,611,372
-88.25783548560798,40.12927598636811,2495.967056573915,1.7500000000000002,0.0,train,279,238,104
-88.22190876760783,40.144017174576575,3711.9176128644067,2.5,0.0,train,115,544,50
-88.27876270940719,40.07588059537192,4918.780698514695,0.0,0.0,train,872,60,341
-88.18224064459595,40.09209629941175,3778.543537774089,0.0,0.0,train,691,883,277
-88.25657110211904,40.10594899516027,1304.564821910686,1.7500000000000002,0.0,train,538,249,204
-88.21183188249854,40.13527102325489,2812.1418986414697,0.0,0.0,train,212,630,92
-88.21304416784515,40.11320703253862,614.1956164012064,0.0,27.360199,train,457,620,192
-88.23890706364851,40.072252442776545,4220.739455279862,0.0,0.0,train,912,400,368
-88.2660908185,40.086321237331454,3339.0174008822914,14.000000000000002,0.0,train,756,168,303
-88.18884547431554,40.12957071131737,3349.0612636503865,7.75,0.0,train,275,826,116
-88.24040743774961,40.08963580711639,2288.1504903486875,6.75,0.2887693,train,719,387,287
-88.27670659374022,40.15198238538369,5486.314819291374,1.0,0.0,train,27,77,1
-88.25327476952582,40.11639401290002,1159.2509581020734,0.75,0.2043216,train,422,277,165
-88.19633609120244,40.138766149235366,3692.507988129479,0.0,0.0,train,173,762,75
-88.24808909360358,40.13575369796486,2878.084202127883,0.0,0.0,train,207,321,86
-88.1850592370927,40.144155978730225,4736.849335572449,0.0,0.0,train,113,858,57
-88.28188389681905,40.134602835244586,4325.416107413469,1.25,0.24637896,train,220,33,80
-88.18873711447999,40.12533765243168,3083.5040478452074,15.25,0.0,train,322,827,136
-88.24348794264492,40.06550134978396,4965.728446456671,0.0,0.0,train,987,361,387
-88.26722039693276,40.13072271942318,3113.2699153037356,11.75,0.0,train,263,158,103
-88.26147372267738,40.12828761655803,2587.327899307092,2.0,0.0,train,290,207,104
-88.2758314767735,40.07623942971578,4732.9456415878785,2.75,0.0,train,868,85,341
-88.21360555861462,40.12752752487179,1941.2770183704795,0.0,6.5156775,train,298,615,112
-88.24863878885323,40.070999082547,4387.568570540075,0.0,0.2575779,train,926,317,366
-88.20431520647331,40.138955437709775,3399.021564092698,14.499999999999998,0.0,train,171,694,73
-88.24026343098065,40.10926935371058,109.03712240005483,11.5,116.66353,train,501,388,207
-88.2265419630335,40.10799663993205,277.42498376893025,0.25,19.152996,train,515,505,210
-88.19278779757941,40.09535183491309,2833.4825183545768,0.0,37.776196,train,655,793,275
-88.28294486106607,40.12793869975691,3983.562577668144,91.5,0.0,train,294,24,100
-88.28492420422174,40.149374317667636,5665.197879135549,0.0,0.0,train,56,7,20
-88.26513920605811,40.09992016065379,2256.9831591197444,22.0,0.0,train,605,176,243
-88.27453581893651,40.08326369260007,4062.565594198254,0.0,0.0,train,790,96,301
-88.28235035492285,40.13847571211779,4635.9667862231545,1.0,0.0,train,177,29,60
-88.19593181455815,40.10643330972571,2055.2907714161906,17.5,0.0,train,532,766,215
-88.24257567463614,40.13457870087095,2704.9929136356996,0.0,0.0,train,220,368,87
-88.28170139228584,40.06561474527017,5983.8810308252205,0.0,0.0,train,986,35,380
-88.20751143287181,40.12382851235561,1783.1580552073503,5.75,0.0,train,339,667,133
-88.18558209945016,40.11947962204843,3047.157314754762,0.0,0.0,train,387,854,157
-88.25160573146022,40.13872828196244,3263.5166970065543,0.0,0.0,train,174,291,65
-88.22650772032092,40.1298817619112,2151.85755598265,0.0,0.0,train,272,505,110
-88.2365700932553,40.06684672629821,4825.421996315249,0.0,0.0,train,972,420,388
-88.24184954351627,40.15105947462744,4532.9946965516965,0.0,0.0,train,37,374,7
-88.17275892993786,40.08496858256913,4892.835338766102,44.5,0.0,train,770,964,319
-88.26841452720562,40.108838240471876,2230.4668419913814,0.0,0.0,train,506,148,202
-88.19384698366302,40.150921539434435,4976.986277181794,0.0,0.0,train,38,783,15
-88.25624159725946,40.08613497565525,2925.591080039972,11.5,0.0,train,758,252,305
-88.27793577256828,40.08362562012603,4235.882958173452,0.0,0.16001198,train,786,67,301
-88.24411237302488,40.125933924545365,1752.05948297529,17.25,0.0,train,316,355,127
-88.18602704961384,40.13073796880946,3617.7318476177206,23.0,0.0,train,262,850,117
-88.2371873963178,40.12799981415616,1964.0311560190762,8.0,0.039255466,train,293,414,108
-88.26278684764169,40.10649332317515,1793.7122996870003,21.25,0.0,train,532,196,203
-88.22426549803559,40.13798526323528,3046.975122836307,0.0,0.0,train,182,524,70
-88.27781896099933,40.08308518659686,4270.864179969866,0.25,0.108523905,train,792,68,301
-88.2148635137353,40.07871488892032,3563.9628328895915,0.0,0.0,train,840,605,332
-88.26149609267095,40.10703290521702,1673.1426839173785,0.75,0.0,train,526,207,204
-88.21440895950462,40.070428622986455,4483.192749583681,0.0,0.0,train,932,609,372
-88.27275391609354,40.10938096654926,2596.818980889625,13.750000000000002,0.0,train,500,111,202
-88.21814309887415,40.080609518692775,3334.1723236659677,0.0,0.0,train,819,577,331
-88.2270922657941,40.13123323231921,2303.028191241532,12.25,0.0,train,257,500,110
-88.26091928404668,40.09793622025741,2091.7050435675455,16.75,0.0,train,627,212,244
-88.23824408842273,40.12746031321412,1906.235732358216,0.25,0.0,train,299,405,108
-88.18044499206378,40.10848534067053,3330.7385903159447,42.5,0.0,train,509,898,217
-88.25541095537866,40.09478045032756,2045.4878270002166,13.5,0.0,train,662,259,265
-88.27684119504427,40.13117812300126,3752.3340775351207,11.75,0.061425734,train,258,76,101
-88.27542090081322,40.145677415601966,4844.251874729571,0.0,0.0,train,97,88,21
-88.25407772061494,40.1320654035818,2625.206373690201,0.0,0.0,train,248,270,85
-88.26446530862124,40.07037912976607,4809.632868630229,0.0,0.0,train,933,182,363
-88.2049972484712,40.150664248413136,4612.714110850369,0.0,0.0,train,41,688,13
-88.20536641428102,40.141568402555905,3638.730261251976,52.0,0.0,train,142,685,53
-88.2056975635438,40.15273644471757,4820.048954545696,0.0,0.0,train,18,682,13
-88.20569426500735,40.091764265898384,2398.468805179955,0.0,0.0,train,695,683,273
-88.27576856270024,40.150901180399075,5342.133715168341,0.0,0.0,train,39,85,1
-88.22279706906038,40.10276949755939,865.0292448553625,0.0,1.8295465,train,573,537,230
-88.19187642481168,40.13903097366931,3931.8161092352675,12.25,0.0,train,170,800,76
-88.21887265510529,40.06502932979165,5062.053618530085,0.0,0.0,train,992,571,391
-88.16891712274786,40.12224909438478,4494.077213909883,0.0,0.0,train,356,996,159
-88.17210657477709,40.11297715661548,4041.507738713501,0.0,0.0,train,459,969,199
-88.22501945058622,40.10655422550957,440.53654320209483,0.0,11.014666,train,531,518,210
-88.1728050355397,40.06533491053334,6409.721707508457,0.0,0.0,train,988,964,399
-88.17538827930848,40.114152489665905,3773.6483567742907,0.0,0.0,train,446,941,178
-88.17009804243048,40.06992434744092,6173.0727659181575,0.0,0.0,train,937,987,379
-88.20865615919438,40.13941050277386,3325.413419555788,8.0,0.0,train,166,657,73
-88.17743752064538,40.09001849125487,4247.822012296282,0.0,0.0,train,714,924,298
-88.21613248092808,40.0907846066513,2220.331144172425,57.49999999999999,0.0,train,706,594,291
-88.27731688165665,40.12343300062209,3325.2826816593565,0.0,0.0,train,344,72,121
-88.2778033726927,40.10226855329799,3151.8338033927857,14.000000000000002,0.0,train,579,68,221
-88.19701707571859,40.09157425410873,2849.5325695646357,0.0,0.0,train,697,757,275
-88.20060991042898,40.11337357617466,1631.9072247766871,0.0,0.622619,train,455,726,194
-88.19201812130763,40.07058360074848,5022.118403126851,0.0,0.0,train,930,800,376
-88.24848455789675,40.10080978475548,1169.342252494686,2.0,0.0,train,595,318,226
-88.20076964224191,40.151920351626224,4853.039219512844,0.0,0.0,train,27,724,14
-88.25350706603726,40.118375545959026,1315.882355905478,7.75,0.0,train,400,275,165
-88.24184942268077,40.151149536397796,4542.991744040356,0.0,0.0,train,36,374,7
-88.21541305101658,40.09997027414575,1230.9168772278522,0.0,0.7280127,train,604,600,252
-88.27028415832604,40.11649458371949,2484.3348708361173,0.0,0.0,train,421,132,162
-88.18847762726094,40.08174704053225,4151.869831780157,0.0,0.0,train,806,830,336
-88.2532056442946,40.07532535930743,3983.716964502632,24.5,0.0,train,878,278,345
-88.22778636649856,40.13762827746281,3014.2764704526503,0.0,0.0,train,186,494,69
-88.25798681340306,40.09847472606092,1866.8176549779087,6.5,0.22169451,train,621,237,244
-88.28294579204538,40.12667782865232,3916.3911755149575,47.5,0.0,train,308,24,120
-88.17965303329544,40.14766134487029,5328.967172081747,0.0,0.0,train,74,904,38
-88.18111642296209,40.12298626859059,3541.595175284998,0.0,0.0,train,348,892,137
-88.26663048264622,40.134054681333055,3361.9898182527454,4.25,0.0,train,226,163,83
-88.19964522114297,40.12679175346028,2462.332044409124,0.0,0.11366719,train,306,734,134
-88.20879635743245,40.12689201769033,2020.5521091280332,0.0,0.0,train,305,656,133
-88.26065329601798,40.12747654447338,2473.342002681689,12.5,0.0,train,299,214,104
-88.20707064185791,40.108427363357556,1080.150223431482,3.0,1.2910336,train,510,671,213
-88.18788533929174,40.139656463873855,4196.992808265852,18.5,0.0,train,163,834,76
-88.27083960072926,40.15044831580594,5086.01032734226,0.75,0.052523397,train,44,127,2
-88.17044954274061,40.11918914162244,4281.131789995726,10.5,0.0,train,390,983,159
-88.1821930213847,40.11362119486405,3190.5553420631527,15.75,0.08946471,train,452,883,197
-88.18463394647463,40.07003397968734,5395.086602954026,0.0,0.0,train,936,863,377
-88.17283493283249,40.102530918116564,4071.600947251478,10.25,0.0,train,575,963,239
-88.28458421625963,40.132442511720484,4367.353581622541,92.75,0.0,train,244,10,80
-88.20733646209027,40.091495875441524,2360.159393007372,0.0,0.60040224,train,698,669,273
-88.20763953247983,40.11797460069315,1293.8123155923242,0.0,0.15064035,train,404,666,173
-88.2324388984298,40.086116689612155,2694.55829423533,42.25,0.0,train,758,455,309
-88.21023397635636,40.11041214353765,782.9468227899592,0.0,5.2793674,train,488,644,192
-88.2089023505809,40.13310642191941,2652.4415942757687,53.75,0.0,train,236,655,93
-88.25578361438407,40.0764078702361,3925.5423800986523,6.0,0.0,train,866,256,345
-88.23220372284497,40.086566798898865,2645.0590259632622,10.0,0.0,train,753,457,309
-88.2846031861112,40.105874118135695,3637.5408292798616,97.5,0.0,train,539,10,200
-88.28473380283737,40.08714112486032,4432.5103220477295,13.750000000000002,0.0,train,747,9,280
-88.2818175264458,40.06705580818952,5857.823161396898,0.0,0.0,train,970,34,380
-88.26258631050732,40.073620269428226,4415.730001362473,0.0,0.0,train,897,198,343
-88.28005596789912,40.071197916741326,5396.983737119281,0.0,0.0,train,924,49,360
-88.18117483324527,40.09677816546605,3604.5255539443897,0.0,0.0,train,639,892,257
-88.19653521765672,40.097968139170185,2403.9807982682605,0.5,0.053381603,train,626,761,255
-88.25933672995868,40.151432217211735,4800.99675950672,34.75,0.0,train,33,225,4
-88.28390799144279,40.09407561285307,3973.5394629401894,2.25,0.0,train,670,16,260
-88.2823434203536,40.1477520954755,5386.238301501095,0.0,0.0,train,74,29,20
-88.1896167635002,40.09759951121889,2923.2017883389685,9.25,2.295238,train,630,820,256
-88.16892297992797,40.119817420846594,4423.669912737798,31.25,0.0,train,383,996,159
-88.2854080236275,40.12893042982188,4220.503233863739,52.25,0.0,train,283,3,100
-88.17959825574432,40.06777582900777,5844.823009637858,0.0,0.0,train,961,906,398
-88.23586098719491,40.070898973418515,4377.012766838488,30.5,0.0,train,927,426,368
-88.25242169861355,40.14332201833571,3775.624337720051,0.0,0.0,train,123,284,45
-88.18975939792865,40.085531277547595,3762.344769830938,4.5,0.0,train,764,819,316
-88.24611595682448,40.11882052780306,1008.9868743650574,0.0,0.0,train,395,338,146
-88.21375428325766,40.10960526902442,495.5160874947036,0.5,1.1035331,train,497,614,192
-88.2803527669556,40.14198723534765,4791.398577876166,0.75,0.0,train,138,46,40
-88.23126029895745,40.090168485017294,2247.1210031013084,56.75,0.04118143,train,713,465,289
-88.27383804235794,40.07668873831789,4591.727665021263,0.0,0.0,train,863,102,342
-88.26263915621512,40.1358535561579,3332.504906607049,0.0,0.0,train,206,197,83
-88.22707332914419,40.14339159494607,3652.6296022145775,1.5,0.0,train,122,500,50
-88.21262685369202,40.08384616759252,3028.835311465447,8.0,0.0,train,783,624,312
-88.25507039077625,40.084963372686744,3007.3939494300666,35.0,0.0,train,771,262,305
-88.17025604132365,40.151070842867206,6141.984568439915,60.25,0.0,train,36,984,19
-88.23636739005975,40.1270985081872,1862.359789032262,23.25,1.140439,train,303,421,128
-88.24249034712088,40.11053199683457,38.28059583095288,0.0,106.014595,train,487,369,187
-88.2588753261149,40.14404684360086,4012.9620425218973,0.0,0.0,train,115,229,44
-88.2593463062464,40.142606153570625,3878.480770993599,0.0,0.0,train,131,225,44
-88.24370467468702,40.07901098208709,3466.7288055309905,20.5,0.0,train,837,359,327
-88.20524630921733,40.080505913943384,3555.4516715907594,0.0,0.0,train,820,687,333
-88.28275223873402,40.0711991253172,5537.08168997435,0.0,0.0,train,924,26,360
-88.27017701500021,40.1055069001457,2432.3802810150546,59.25,0.0,train,543,133,202
-88.2803540261179,40.14036611931668,4660.561639814846,0.0,0.0,train,156,46,60
-88.21040920915671,40.143375104931955,3716.811576680602,0.0,0.0,train,122,642,52
-88.22672235881032,40.067558588131504,4765.856321604734,100.0,0.0,train,964,504,390
-88.24336503630956,40.06982428645381,4485.62504151139,0.0,0.0,train,939,362,367
-88.21672017703646,40.08997463456781,2304.0433767427107,2.0,0.0,train,715,589,291
-88.24736791535177,40.14935252709581,4366.910572228706,0.0,0.0,train,56,327,26
-88.23680479066981,40.06666679572538,4844.930122121269,0.0,0.0,train,974,418,388
-88.2856280069456,40.14991498116933,5749.72167471875,0.0,0.0,train,50,1,20
-88.17313728237313,40.0736211753901,5696.65681018816,0.0,0.0,train,896,961,359
-88.283443981183,40.08714057654988,4343.262430159797,0.0,0.0,train,747,20,280
-88.24156673921372,40.09954363348442,1186.0454207357686,2.75,1.5056449,train,609,377,247
-88.23931304657461,40.118004643701816,858.73260731718,14.75,4.3912787,train,404,396,167
-88.23059544596524,40.06440987590291,5107.734492380696,0.0,0.0,train,999,471,389
-88.18848755094103,40.077063779333905,4564.951621583228,9.0,0.0,train,858,830,356
-88.28094214933606,40.138565145672956,4555.191622623655,0.0,0.0,train,176,41,60
-88.1850376939687,40.15406275629625,5643.469578335415,13.0,0.0,train,3,858,17
-88.25429986800404,40.142873005415154,3767.3264908968404,0.0,0.0,train,128,268,45
-88.24984235879059,40.14133882327779,3514.885575287761,7.75,0.0,train,145,306,46
-88.24707981487153,40.098737305855465,1337.6309660162863,0.0,4.155061,train,618,330,246
-88.18434448774074,40.14901840415543,5206.688606947129,0.0,0.0,train,59,864,37
-88.2554753433748,40.14116262344807,3614.7333491486015,0.0,0.0,train,147,258,45
-88.2671385242887,40.09415730648711,2767.5204918134746,0.25,0.0,train,669,159,263
-88.17106563862085,40.10676139274845,4144.199563873877,4.25,0.0,train,528,978,219
-88.26511032386745,40.128830189269436,2836.959933162586,18.25,0.0,train,284,176,103
-88.24338065121015,40.14700788869278,4086.286359174802,0.25,0.0,train,82,361,27
-88.19509036853562,40.11651930384541,2174.489558255301,0.25,0.041002516,train,420,773,175
-88.22816671417152,40.11925593205033,975.6077365171142,5.5,0.58317935,train,390,491,149
-88.2855372722182,40.11190869743376,3689.7372795023334,0.0,0.1015337,train,472,2,180
-88.18610882615604,40.09282178230934,3459.8254758119297,42.75,0.0,train,683,850,277
-88.24091342109622,40.14898730797944,4301.118727626201,0.0,0.0,train,60,382,27
-88.18460729827736,40.13613988078244,4102.425089846945,3.25,69.10393,train,202,862,97
-88.17946849333462,40.125415771721784,3780.596157771079,28.749999999999996,0.0,train,321,906,138
-88.22993648098729,40.11259290726387,239.47099113961946,0.0,25.153357,train,464,476,189
-88.22751071858183,40.088363863850674,2454.837459617624,0.0,0.0,train,733,497,289
-88.19887326841571,40.10175350776554,2009.1205379313164,8.0,0.0,train,584,741,234
-88.2074763838273,40.14283158275115,3718.275898134049,0.0,0.0,train,128,667,53
-88.26837235580174,40.15314881393504,5259.084861823626,0.0,0.0,train,14,148,2
-88.2808450339653,40.11226691602588,3292.7960568144667,0.0,0.0,train,468,42,180
-88.25759692943431,40.13278825582543,2824.7460138449474,3.0,1.2725958,train,240,240,84
-88.18675850396741,40.11795005705309,2900.2953809086403,0.0,0.0,train,404,844,176
-88.28143379120729,40.109295118572355,3336.734101226312,0.0,0.0,train,501,37,200
-88.28317468150081,40.13451333936364,4405.660004964167,0.0,0.11275901,train,221,22,80
-88.20450328203812,40.101489718613514,1626.1231967176668,0.0,0.0,train,587,693,233
-88.27330942461421,40.14459559675072,4642.424053168295,0.0,0.0,train,109,106,42
-88.20687275694245,40.15192717765262,4709.188296410567,0.0,0.0,train,27,672,13
-88.26983461219417,40.0953296316187,2870.1667521452546,30.5,0.0,train,656,136,262
-88.24270198487487,40.12782413654419,1955.4573365696692,32.75,0.0,train,295,367,107
-88.21957686433095,40.06448964417365,5120.5779959480715,0.0,0.0,train,998,565,391
-88.17950725846545,40.1082139115885,3412.722744569538,0.0,0.0,train,512,906,218
-88.28168656282529,40.085248485622394,4353.874811624258,10.0,0.0,train,768,35,300
-88.16866529577611,40.080729880200124,5453.697090386163,0.0,0.0,train,817,999,339
-88.25281722567328,40.106486821950924,986.5370305746128,10.25,0.0,train,532,281,205
-88.19011436658997,40.08400064813614,3870.278022331854,0.0,0.0,train,781,816,316
-88.24488036227555,40.076490121427554,3750.9897548183767,0.0,0.0,train,865,349,346
-88.25819094308207,40.12612403924186,2225.338033279374,6.75,0.0,train,314,235,124
-88.24116372632233,40.13745957295908,3021.982618245354,0.0,0.0,train,188,380,67
-88.27110924657431,40.11217203233786,2464.4993860448653,6.0,0.0,train,469,125,182
-88.20167743042097,40.107250545852786,1557.765773709491,5.75,0.5052395,train,523,717,214
-88.2752076738348,40.120459904289476,3026.0788688892885,0.75,0.0,train,377,90,141
-88.26725143720442,40.09866050737176,2483.2948792579655,47.0,0.0,train,619,158,243
-88.23774457499313,40.06522656385941,5002.93900525462,0.0,0.0,train,990,410,388
-88.19442591946137,40.09715506481796,2602.878981999423,62.25000000000001,0.75649303,train,635,779,255
-88.28011525457379,40.14558960615768,5080.181342044527,0.0,0.0,train,98,48,20
-88.2841033102078,40.14847335244721,5543.592551108494,0.0,0.0,train,66,14,20
-88.18022312730457,40.10281110763458,3452.0550750414345,5.5,0.0,train,572,900,238
-88.28284618624829,40.10272117428239,3554.5111692313067,0.5,0.0,train,574,25,220
-88.18723448619744,40.11479847526318,2782.227793223235,5.25,0.0,train,439,840,176
-88.21310689741497,40.14418849480585,3765.590255824277,0.0,0.0,train,113,619,52
-88.21664771002492,40.132393987802445,2428.8964263546904,0.0,0.26127952,train,244,589,91
-88.17255859750561,40.120272836306185,4135.528735362791,0.0,0.0,train,378,965,159
-88.20633237440848,40.12697940411654,2131.2179755582547,14.000000000000002,0.0,train,304,677,133
-88.19058092439998,40.0851720413845,3745.6309901097925,3.75,0.0,train,768,812,316
-88.18656299227969,40.099757185740884,3049.6207955119544,5.25,0.0,train,606,846,256
-88.27708944235556,40.1146968397469,3006.1517369755156,0.0,2.4769366,train,441,74,161
-88.18266918349713,40.110469629805294,3132.6540804294823,1.5,0.0,train,487,879,197
-88.27649909952166,40.11928973447496,3083.52480268398,0.0,0.0,train,390,79,141
-88.23375729984966,40.06648409015152,4871.241816326828,100.0,0.0,train,976,444,388
-88.22487684075546,40.12249514187556,1328.697877710231,18.75,0.37926748,train,354,519,150
-88.25054317656696,40.14404118644539,3820.803621283673,1.5,0.0,train,115,300,46
-88.24309111131946,40.099724956459575,1166.6350110428598,0.0,3.5413632,train,607,364,247
-88.21969899541946,40.132036773377806,2377.88809173817,9.5,2.9224865,train,248,563,91
-88.19350615154184,40.14542735336923,4450.945844560313,0.0,0.0,train,99,786,35
-88.18191918201043,40.07840632520944,4797.702381105859,13.750000000000002,0.0,train,843,886,337
-88.17883162023814,40.09578437420651,3832.343377733008,1.7500000000000002,0.0,train,650,912,278
-88.24092513658631,40.14034136860535,3341.402168712003,0.0,0.0,train,156,382,67
-88.20221158949617,40.07338754166908,4386.831420989932,0.0,0.0,train,899,713,354
-88.19815870773243,40.10724649279723,1850.462709031828,6.0,0.18690388,train,523,747,214
-88.1857005798283,40.11893939914563,3018.7228146057932,0.0,0.0,train,393,853,157
-88.22852044637769,40.118085441958186,846.3750729212447,0.0,3.5336118,train,403,488,169
-88.21652220368097,40.13716715300421,2957.6992502729786,0.0,0.0,train,191,590,71
-88.28403630509713,40.0787649764589,4985.218017554592,0.0,0.0,train,840,15,320
-88.28367993377135,40.085159294286456,4492.377091787083,0.0,0.0,train,769,18,300
-88.28280892591799,40.15306595104347,5877.872475080036,0.0,0.0,train,15,25,0
-88.18512790791125,40.11254423839512,2930.7290948707177,1.0,0.0,train,464,858,197
-88.23763775565253,40.14150950500914,3464.5602176653183,6.5,0.0,train,143,410,48
-88.20778698167787,40.101583386916694,1410.6234198545324,17.25,0.0,train,586,665,233
-88.25142076717712,40.097299453800055,1630.7860040354724,0.5,0.0,test,634,293,245
-88.2361892542454,40.08738077549729,2546.8241226511823,59.75,0.0,test,744,423,288
-88.25118004571738,40.10243285544054,1148.0709994370936,0.0,0.0,test,577,295,225
-88.19577497074113,40.1260667233893,2645.9928270313367,35.5,0.0,test,314,767,135
-88.19958436284875,40.09797170006519,2198.0345881952762,0.0,0.6833485,test,626,735,254
-88.2052847322259,40.12256519990691,1791.42052863539,1.5,0.0,test,353,686,153
-88.22001484021953,40.08313312691234,3050.2172274465493,0.5,0.18469726,test,791,561,311
-88.17948189238642,40.119471679254424,3543.0922872461324,0.0,0.0,test,387,906,158
-88.27161538772413,40.071283790761036,4992.946155337685,0.0,0.0,test,923,121,362
-88.17313882146733,40.12297550884972,4176.418711962338,100.0,0.0,test,348,960,139
-88.1933230108263,40.12029979951219,2470.1391729068614,0.0,0.0,test,378,788,155
-88.26923938707905,40.10478588435832,2373.44280083727,23.0,0.0,test,551,141,222
-88.17425134241101,40.09866017971429,4073.224124802343,10.0,0.0,test,618,951,259
-88.27295416953959,40.14819789007749,4960.488028243243,0.0,0.0,test,69,109,22
-88.17888779907223,40.07092709270354,5600.873415749305,0.0,0.0,test,926,912,378
-88.21533257814335,40.146532394648005,4002.423072459815,0.0,0.0,test,87,600,32
-88.17654571083025,40.06984318967745,5819.431218226252,0.0,0.0,test,938,932,378
-88.21554213147377,40.093125640007045,1970.5464448734813,90.5,0.0501082,test,680,599,271
-88.2715538279438,40.13937107636557,4085.5677352873595,30.75,0.0,test,167,121,62
-88.21959682331531,40.12294038851555,1367.840863104949,6.25,1.9909159,test,349,564,131
-88.2500363173967,40.078565392787716,3575.344004339679,16.75,0.0,test,842,305,326
-88.23933709991425,40.10053253488988,1080.6946054886057,73.5,0.3965232,test,598,396,227
-88.26253966311556,40.118651606444054,1962.2670107808544,23.25,0.0,test,397,198,143
-88.25887149119804,40.14755925738525,4380.06921681631,0.0,0.0,test,76,229,24
-88.26098330744078,40.14819102954503,4506.890643971766,0.0,0.0,test,69,211,24
-88.2442627170896,40.10062648992004,1077.539385485198,0.0,8.77926,test,597,354,227
-88.17261922650799,40.09451504366074,4372.365385170031,12.5,0.0,test,664,965,279
-88.17133225997162,40.0932523729028,4530.639371382903,87.25,0.0,test,678,976,279
-88.24589367768907,40.109183678460184,325.97769537936057,0.0,2.2259321,test,502,340,206
-88.22272294529326,40.0761108325779,3824.3982860932,0.0,0.0,test,869,538,350
-88.22722234200484,40.12303768838427,1393.5398543564575,5.0,0.6053661,test,348,499,129
-88.2745296197384,40.09046871979514,3514.6451410391223,11.25,0.0,test,710,96,281
-88.22949480601841,40.09448992915015,1770.907492429735,19.0,0.81087774,test,665,480,269
-88.1709859662694,40.14026443951349,5279.30918444294,21.0,0.0,test,156,978,79
-88.19624281570943,40.126787775939285,2668.914484887341,0.25,0.0,test,306,763,135
-88.21311800893078,40.13788416574064,3074.223020042631,0.0,0.0,test,183,619,72
-88.28494362770789,40.12199544115902,3862.2998615784604,0.0,0.0,test,360,7,140
-88.22137372569166,40.11249488418722,211.73606889466703,0.0,9.06683,test,465,549,190
-88.21970904333695,40.12600261586388,1707.9498860396484,13.25,0.2222855,test,315,563,131
-88.19997272746839,40.139310766463105,3590.6562461403946,0.0,0.0,test,167,731,74
-88.17513753500855,40.07047171699433,5842.173670489131,0.0,0.0,test,931,944,378
-88.19876503576123,40.09716018701388,2309.4875526278793,16.25,0.043109886,test,635,742,254
-88.18841822748519,40.109756465677485,2644.240390840521,21.25,0.545419,test,495,830,196
-88.23821621511253,40.14745407143868,4125.5802748473125,0.0,0.0,test,77,405,28
-88.20969774479862,40.14742713476025,4169.683610991731,0.0,0.0,test,77,648,32
-88.26662141132076,40.14333106917474,4220.539128550806,9.5,0.0,test,123,163,43
-88.27758078857588,40.08758821741277,3918.52770658402,17.25,0.0,test,742,70,281
-88.17449548143821,40.144952528234235,5402.551917919639,0.0,0.0,test,104,948,58
-88.17944414157427,40.08416709059466,4499.360831199127,3.75,0.0,test,779,907,318
-88.2332554603763,40.08899940923081,2372.951882497302,52.5,0.0,test,726,448,288
-88.25044847420212,40.125398258846715,1822.905628221023,3.25,0.0,test,322,301,126
-88.21991809175474,40.14140344443194,3418.0588292205966,24.25,0.0,test,144,561,51
-88.21724648459406,40.12527967567183,1637.9439991310414,43.75,0.0,test,323,584,131
-88.1787794498762,40.1188403077149,3582.183172664193,0.0,0.0,test,394,912,158
-88.22207194787873,40.115917929424356,593.0817809790362,0.0,18.957546,test,427,543,170
-88.1975178111556,40.07563370995166,4310.30848588373,0.0,0.0,test,874,753,355
-88.21943861710987,40.14743712512446,4087.7372136498093,23.0,0.0,test,77,565,31
-88.26163295285357,40.088390009844645,2930.1970158815734,0.0,0.0,test,733,206,284
-88.19578894625563,40.119131944000245,2224.6062490073846,30.0,1.6620519,test,391,767,155
-88.22659093676249,40.07665483926455,3756.3975098328533,38.75,0.0,test,863,505,350
-88.23958043450409,40.09413828015865,1789.9990080141008,0.0,2.783776,test,669,394,267
-88.25071178651513,40.10171202130426,1184.918100723758,12.0,0.0,test,585,299,225
-88.22348352944891,40.11348759136708,326.0773138128904,0.0,67.97584,test,454,531,190
-88.21052023712623,40.14688763852171,4097.44622173073,3.0,0.0,test,83,641,32
-88.22661913429793,40.13366447535708,2571.976535093301,26.25,0.0,test,230,504,90
-88.22108650096823,40.07313717796166,4157.702637419682,0.0,0.0,test,902,552,371
-88.24810360612868,40.124135685046525,1622.5594033373047,0.0,0.0,test,336,321,126
-88.19067170002016,40.15397977279055,5401.571014006697,0.0,0.0,test,4,810,16
-88.24632451480315,40.13926480674729,3243.591290190107,0.75,0.0,test,168,336,66
-88.26151143458755,40.092442761460084,2563.867515825743,0.75,0.0,test,688,207,264
-88.1772437244098,40.072185772220145,5580.84975551539,0.0,0.0,test,912,926,378
-88.22286539470457,40.13303052062425,2494.221695929981,2.25,0.0,test,237,536,90
-88.24862260860884,40.08405820804322,2953.690212331686,93.0,0.0,test,781,317,306
-88.16909834998765,40.095680920190404,4599.637707621378,0.0,0.0,test,651,995,279
-88.22260964601902,40.07367902213013,4094.561552873465,3.25,0.0,test,896,539,350
-88.27076436267298,40.10451653036651,2506.799257730454,4.75,0.0,test,554,128,222
-88.23046692176854,40.149789056287496,4369.466526896879,13.25,0.0,test,51,471,29
-88.22699528269384,40.118174114062086,853.213320795784,0.0,5.2907147,test,402,501,170
-88.28494516000853,40.11983394537802,3787.937808711872,0.0,0.0,test,384,7,140
-88.17050668711138,40.14440661677391,5607.85413446607,0.0,0.0,test,110,982,59
-88.17251870091248,40.137204469534524,4968.829325270797,0.0,0.0,test,190,965,79
-88.17168215311152,40.14359770620331,5473.318050349478,0.0,0.0,test,119,972,59
-88.17391059896187,40.14414116715118,5375.243132039636,0.0,0.0,test,113,953,59
-88.20408969551136,40.072128769185824,4469.371738810407,0.0,0.0,test,913,697,373
-88.21045511606397,40.11788755973842,1110.8705015257144,0.0,0.0,test,405,642,172
-88.25658557318437,40.09307004203285,2259.373529729032,4.5,0.0,test,681,249,264
-88.23772644317948,40.07819563559611,3563.3641668833575,24.25,0.0,test,846,410,328
-88.2704460765871,40.068040888659354,5261.555166700649,0.0,0.0,test,959,131,382
-88.2293730145744,40.09746188966179,1441.247909888671,49.0,4.86679,test,632,481,249
-88.23035391002693,40.14690697492627,4049.3180226731038,0.0,0.0,test,83,472,29
-88.19716574293821,40.07581342270117,4305.476311565662,0.0,0.0,test,872,756,355
-88.27605508533726,40.089208604466414,3703.714650031086,3.75,0.0,test,724,83,281
-88.26269889149296,40.07812349047805,3964.65070714607,11.5,0.0,test,847,197,323
-88.21182466403408,40.13932380865818,3251.8609396721695,0.0,0.0,test,167,630,72
-88.25599434657398,40.09739266046149,1840.5256769810235,30.25,0.064167604,test,633,254,245
-88.17801901646209,40.143696440592805,5092.604896757724,0.0,0.0,test,118,918,58
-88.21450840188713,40.14806260437354,4178.155939182315,0.0,0.0,test,70,607,32
-88.23432384416306,40.07999403720658,3370.4697700948996,87.25,0.0,test,826,439,328
-88.22676586523527,40.114841594458504,482.83659454288596,59.25,37.435543,test,439,503,170
-88.17345975941575,40.13621508996747,4839.239953735397,90.75,0.0,test,201,957,99
-88.26325156999933,40.110816607019274,1786.2770105746363,9.5,0.0,test,484,192,183
-88.2002862577604,40.098873135050304,2088.393295937957,0.75,0.041624162,test,616,729,254
-88.22038310710043,40.07313649430938,4159.160544933935,0.0,0.0,test,902,558,371
-88.17310329606377,40.138105900209666,4989.3935475513035,5.25,0.0,test,180,960,79
-88.27626959532738,40.11316537694086,2913.2926635322833,0.0,0.0,test,458,81,181
-88.23556933484292,40.110886611761615,61.1903489682648,11.75,241.6589,test,483,428,188
-88.22453651688267,40.115199771457654,518.2080773693627,5.0,22.910381,test,435,522,170
-88.25317871292148,40.09829137332559,1615.837010767455,12.0,0.0,test,623,278,245
-88.21989833811296,40.082682698297354,3100.4454494756724,0.0,0.06752807,test,796,562,311
-88.22056229478373,40.10664003426087,439.77290997003865,0.0,31.647085,test,530,556,211
-88.26922408284817,40.12108718316663,2592.275005704342,8.25,0.0,test,370,141,142
-88.24999469036838,40.11269913914956,710.5382430812392,10.75,1.0452563,test,463,305,186
-88.19830697792318,40.09157576487247,2776.8970548722405,0.0,0.0,test,697,746,274
-88.21967018458494,40.14932865250166,4297.817721248583,0.0,0.0,test,56,563,31
-88.23733917364882,40.10350296312525,754.9227763187179,0.0,83.07483,test,565,413,228
-88.24847560648446,40.10801478594099,579.3553000844441,2.25,0.57018936,test,515,318,206
-88.2233684036368,40.11213654530689,175.87861689681998,0.0,34.925938,test,469,532,190
-88.21063338286604,40.149229367804125,4351.566710420672,2.0,0.0,test,57,640,32
-88.19624571030715,40.125346783657115,2563.870266859737,65.0,0.0,test,322,763,135
-88.2386831551821,40.149255692186756,4326.493162963877,33.75,0.0,test,57,401,28
-88.1720516746425,40.136213137516165,4936.767620877026,0.0,0.0,test,201,969,99
-88.21962412634285,40.10654905449619,451.7138341443914,8.0,20.00285,test,531,564,211
-88.21045479183879,40.118067684127666,1125.4965543946128,0.0,0.0,test,403,642,172
-88.1913902835896,40.09066686815392,3258.6522677145285,8.25,0.58710873,test,707,805,296
-88.18973633552646,40.15226744231547,5270.631139748402,0.0,0.0,test,23,818,16
-88.22502987619632,40.09997966517102,1170.3210098763489,66.0,0.4718356,test,604,518,250
-88.27239053663324,40.12225970299928,2891.7787270140243,0.0,0.0,test,357,114,142
-88.24986065181139,40.12638852155346,1907.568148799082,0.5,0.0,test,311,306,126
-88.17708411021896,40.14198400572831,5014.300332689424,0.0,0.0,test,137,926,58
-88.17191178382186,40.09613518845646,4357.875362253559,40.0,0.0,test,646,971,259
-88.21647995607167,40.09330671537505,1938.7990369617862,0.0,0.65840805,test,678,591,271
-88.2098136365083,40.14823781554304,4256.031052199657,0.0,0.0,test,68,647,32
-88.23392717476014,40.11088521401762,57.78856476845921,2.5,179.8103,test,483,442,188
-88.20444138704752,40.07212916100107,4460.653084078547,0.0,0.0,test,913,694,373
-88.25673231508725,40.06677174846471,4977.921995566232,3.0,0.0,test,973,248,384
-88.21826349807634,40.148336582415524,4188.754904792212,0.0,0.0,test,67,575,31
-88.24581411674463,40.07973309882063,3397.6564253129227,11.25,0.0,test,829,341,326
-88.23195010389892,40.09944555294279,1215.9672042521004,3.0,0.3240824,test,610,459,249
-88.17101682301691,40.12729554126388,4521.862605581625,0.0,0.0,test,300,978,139
-88.17443728261297,40.11955493050854,3960.368595583835,27.0,0.0,test,386,949,158
-88.25634454473526,40.098833896918855,1740.1144390252182,14.000000000000002,1.0153077,test,617,251,245
-88.2168650043221,40.14257122000404,3554.0967538483324,0.25,0.0,test,131,587,51
-88.25857999270809,40.092260781218386,2428.5315893211764,14.75,0.0,test,690,232,264
-88.18738685283859,40.153255184822555,5464.321125065598,0.0,0.0,test,12,838,16
-88.17075105689895,40.14035417194383,5301.175839232175,31.5,0.0,test,155,980,79
-88.24862249698425,40.084148270875126,2943.8562314041947,61.25000000000001,0.0,test,780,317,306
-88.22081512364954,40.095562575976764,1668.9237819074467,39.0,0.0,test,653,554,271
-88.22106919774784,40.083674530962845,2988.048081243073,18.5,0.0,test,785,552,311
-88.23690130918855,40.08134715584472,3215.1683968790862,0.75,0.0,test,811,417,328
-88.19316104066975,40.08490500353781,3628.337147589328,0.25,0.0,test,771,790,315
-88.26312973548653,40.115229594162344,1859.8823103481677,15.0,0.0,test,435,193,163
-88.22477527878497,40.11258818478798,228.77966936869223,0.0,24.837997,test,464,520,190
-88.27568270920194,40.11361539863534,2869.718385449004,9.5,0.04393236,test,453,86,181
-88.273229039702,40.102626520542344,2767.2012487904735,8.75,0.0,test,575,107,222
-88.25232648367144,40.124679089443354,1818.7313590987778,4.5,0.14865461,test,330,285,125
-88.26210170565973,40.088660487585386,2928.2541662977515,17.0,0.0,test,730,202,284
-88.21768677061574,40.142391919602325,3530.6127379686336,0.0,0.0,test,133,580,51
-88.16996240682003,40.12666362326154,4576.268409251166,0.0,0.0,test,307,987,139
-88.27302055045709,40.07308579297261,4883.933362574156,0.0,0.0,test,903,109,362
-88.25115446748829,40.123687578559476,1675.0302198870843,4.75,0.0,test,341,295,125
-88.28566287011158,40.100020488077156,3865.421368930443,64.75,0.0,test,604,1,240
-88.17947803549191,40.12118285801663,3600.686125238976,0.0,0.0,test,368,906,158
-88.19399943200145,40.07625997280698,4387.906055858326,0.0,0.0,test,867,783,355
-88.24997940564641,40.125217797655225,1789.4051133251573,20.0,0.0,test,324,305,126
-88.17848740729825,40.14414737756233,5101.439726903527,0.0,0.0,test,113,914,58
-88.27325691437134,40.07092440112939,5098.56069946555,0.0,0.0,test,927,107,362
-88.20740109270676,40.120045775699566,1464.0736225445812,3.5000000000000004,0.9187845,test,381,668,153
-88.1740258493077,40.145041945033206,5437.962140494462,0.0,0.0,test,103,952,59
-88.26591658100475,40.14405115691055,4261.68618966793,20.25,0.0,test,115,169,43
-88.2556122897544,40.12396084278315,1901.211074193342,6.0,0.0,test,338,257,125
-88.20645991214481,40.12148574563369,1635.3611720530243,0.25,0.0,test,365,676,153
-88.25326589620138,40.12395924440176,1789.0133054677053,2.5,0.0,test,338,277,125
-88.2456587422677,40.10945368842022,297.4371967245461,0.0,3.023587,test,499,342,186
-88.2676763747515,40.14459253993302,4386.709157198342,6.0,0.0,test,109,154,43
-88.27178250635791,40.146035786697674,4704.0128219975395,1.5,0.0,test,93,119,22
-88.21346940636383,40.13824477820594,3108.634397829789,0.0,0.0,test,179,616,72
-88.27275807029022,40.10469771538535,2666.9232273043326,0.0,0.0,test,552,111,222
-88.27349397252891,40.06795243984216,5393.589208998371,100.0,0.0,test,960,105,382
-88.19213832857643,40.12588222238797,2876.9601058657704,3.75,0.04314991,test,316,798,135
-88.22412763641721,40.07746311049037,3671.5267587343797,30.0,0.0,test,854,526,350
-88.25165423811191,40.09820024568495,1553.6739981865203,2.75,0.0,test,624,291,245
-88.22471469370463,40.076923284343415,3730.29412073798,0.0,0.0,test,860,521,350
-88.26962215413484,40.07164296422338,4875.007299773385,0.0,0.0,test,919,138,362
-88.27441375532882,40.08884752987754,3622.217992721478,0.0,0.0,test,728,97,281
-88.21233748866594,40.11482742018072,762.8465551538384,0.0,0.29266885,test,439,626,172
-88.25271035464186,40.097660609389806,1651.9372784078428,1.7500000000000002,0.0,test,630,282,245
-88.28177737830866,40.120282890392055,3545.0590792563016,11.75,0.0,test,379,34,140
-88.26022372978834,40.09037051139955,2680.879274334711,0.0,0.0,test,711,218,284
-88.17062844606991,40.093341449178496,4580.858361844126,95.75,0.0,test,677,982,279
-88.24768900066971,40.0805450668646,3326.0983004785508,10.0,0.0,test,820,325,326
-88.23804426265956,40.102512856569504,863.4323911800715,0.0,58.24132,test,576,407,228
-88.26919851981911,40.148285932845454,4808.283395631538,0.0,0.0,test,68,141,22
-88.20975435922047,40.116175628913744,1028.7425630204743,0.0,0.03084029,test,424,648,172
-88.19958083610477,40.09977294915045,2076.161910556411,73.5,0.0,test,606,735,254
-88.26793629514948,40.1182945298396,2361.346570078996,0.0,0.0,test,401,152,163
-88.17827449179495,40.082904650530594,4666.627191062237,0.0,0.0,test,793,917,318
-88.23360921051199,40.08764877169182,2522.178641070561,100.0,0.0,test,741,445,288
-88.17473647520505,40.14225100023789,5180.195332396731,57.49999999999999,0.0,test,134,946,58
-88.16874419657847,40.145304744337025,5786.265040879793,0.0,0.0,test,100,997,59
-88.19632757710909,40.08454854036412,3500.9272746501256,0.5,0.0,test,775,763,315
-88.22050424362916,40.14176426502923,3459.0756106187814,8.5,0.0,test,140,556,51
-88.17284276244075,40.09919861246184,4168.346632894813,12.5,0.0,test,612,963,259
-88.21264369544981,40.14067559550188,3386.49531736099,0.0,0.0,test,152,623,72
-88.2049141994258,40.070058234906575,4670.605899680298,0.0,0.0,test,936,690,373
-88.22641451765678,40.11448102094219,442.1194508310516,1.25,26.22581,test,443,506,170
-88.2658313053477,40.111628701681916,2011.083479354321,8.0,0.0,test,475,170,183
-88.22186997298132,40.09592384670085,1626.7487306813598,90.25,0.0,test,649,545,250
-88.26204238435753,40.14548982820262,4262.413609422836,0.0,0.0,test,99,202,24
-88.22360198897546,40.11276720406189,246.34391848901754,4.0,88.52399,test,462,530,190
-88.26488298476164,40.12153501054214,2298.139087870996,5.0,0.0,test,365,178,143
-88.17348993071032,40.12333624301153,4161.566279664393,100.0,0.0,test,344,957,139
-88.20095884581959,40.11490503665448,1643.5911233795077,0.0,0.057065975,test,438,723,174
-88.2736653509748,40.14018274205406,4267.66070977373,0.0,0.0,test,158,103,62
-88.22547907901308,40.11258884230467,230.23757688287398,0.0,32.585953,test,464,514,190
-88.27039831013582,40.11991701659818,2625.3494712425763,0.75,0.0,test,383,131,142
-88.21713161624095,40.123838564192084,1480.3173183458252,36.25,0.84116215,test,339,585,131
-88.1737845527214,40.09766884853219,4147.7661999853135,0.0,0.0,test,629,955,259
-88.26246403602968,40.078483599079384,3919.931925242787,3.25,0.0,test,843,199,323
-88.25623011442362,40.096312065025906,1947.0219754116622,6.0,0.0,test,645,252,245
-88.27004662232777,40.11964663786466,2585.7385178454024,3.0,0.0,test,386,134,142
-88.22976656760179,40.147266698810874,4088.0912896993864,4.25,0.0,test,79,477,29
-88.17627505267548,40.08560384306815,4609.473061021379,0.0,0.0,test,763,934,318
-88.21591611355122,40.1484242879073,4207.918046374293,0.0,0.0,test,66,595,31
-88.16945439209113,40.14278401745978,5557.429117661591,0.0,0.0,test,128,991,59
-88.17296532490423,40.096947215917915,4241.39078204049,32.0,0.0,test,637,962,259
-88.23407379176876,40.09071130686057,2181.307088112271,14.499999999999998,1.9900236,test,707,441,288
-88.24640079345099,40.07937328862458,3442.15969368516,0.75,0.0,test,833,336,326
-88.28320068007551,40.099118821760975,3697.378701631907,15.0,1.8544052,test,614,22,240
-88.24479761448956,40.14034439397938,3352.0897116374017,0.0,0.0,test,156,349,66
-88.23876504039517,40.09017485485397,2231.5699896163237,0.0,1.3282492,test,713,401,288
-88.17087033494346,40.13954378136471,5237.5968893019335,1.0,0.0,test,164,979,79
-88.2471486674799,40.13710393336459,3013.902670830646,25.75,0.0,test,192,329,66
-88.25302871357287,40.12612057483042,1988.2787759946689,2.0,1.5340936,test,314,279,125
-88.28576534442396,40.12127528284939,3902.4022504408026,26.0,0.0,test,368,0,140
-88.27535129580997,40.08947844285243,3638.255440271667,0.0,0.0,test,721,89,281
-88.24882993502419,40.106033668754556,724.001179824244,4.0,0.10234511,test,537,315,206
-88.1721641213019,40.13828472099704,5064.975617277369,0.0,0.0,test,178,968,79
-88.26825842413966,40.149546275095084,4895.040981100627,0.0,0.0,test,54,149,22
-88.21180717324306,40.14914054372682,4325.731407895314,32.0,0.0,test,58,630,32
-88.19052106134836,40.11381188784592,2488.4770319127424,0.0,0.0,test,450,812,196
-88.23580508686506,40.110076248043406,28.2971092585826,0.0,753.71265,test,492,426,188
-88.24522209354356,40.084235797303705,2895.2102664164768,0.0,0.0,test,779,346,306
-88.27417830092158,40.089928163956806,3529.2921927329453,0.0,0.0,test,716,99,281
-88.23351983680568,40.148801047243495,4265.816603749583,3.75,0.0,test,62,445,28
-88.19319478804219,40.12561331885353,2786.747603752215,85.25,0.0,test,319,789,135
-88.19927201520902,40.13759877863222,3452.461479547156,0.0,0.0,test,186,737,74
-88.26293309524956,40.07839382207069,3946.5516145216266,0.0,0.0,test,844,195,323
-88.28132472697195,40.09848755578595,3571.9400645604114,8.5,0.0,test,621,38,240
-88.23610155153945,40.1489833675937,4291.1563596124,0.0,0.0,test,60,423,28
-88.19214820286696,40.12110893415868,2599.6547937553855,0.0,0.0,test,369,798,155
-88.23078598138149,40.09368051465549,1858.2080893852733,37.0,0.0,test,674,469,269
-88.25705293035753,40.09460141774383,2141.223395151913,29.75,0.0,test,664,245,264
-88.23539970375649,40.14736166179276,4109.751597301784,0.0,0.0,test,78,429,28
-88.26322030316985,40.141257633638745,3880.1824870917894,0.0,0.0,test,146,192,43
-88.22909351533765,40.12691206514728,1827.3006497413292,59.0,0.5244184,test,305,483,129
-88.2211879258522,40.08277401681824,3087.775571544193,0.0,0.0,test,795,551,311
-88.23827882822044,40.10251304930066,862.9464220087012,2.5,48.51267,test,576,405,228
-88.17590561780538,40.144143896492785,5254.0883615078665,0.0,0.0,test,113,936,58
-88.23784230037566,40.079186424080156,3453.153659922066,22.25,0.0,test,835,409,328
-88.27923771494342,40.06822545367103,5626.020003905686,0.0,0.0,test,957,56,381
-88.21598721925012,40.10708580225252,489.395191763535,2.0,3.698074,test,525,595,211
-88.26621426471362,40.08001690351211,3923.822638414743,8.0,0.0,test,826,167,323
-88.27145494147949,40.11901696224767,2669.576588579728,0.0,0.0,test,393,122,142
-88.2697859150923,40.147655823209,4771.265289502002,0.0,0.0,test,75,136,22
-88.27840173425554,40.08740848387463,3985.1554970017437,1.5,0.0,test,744,63,281
-88.17872946484493,40.14090547030707,4830.260456208782,0.0,0.0,test,149,912,58
-88.28543064961765,40.096688072267945,3971.239624772259,0.0,0.0,test,641,3,240
-88.26380705041284,40.14125798739742,3903.4375707198797,0.0,0.0,test,146,187,43
-88.23338839307632,40.078282037226735,3562.357549065617,12.5,0.0,test,845,447,328
-88.25846845053579,40.08703706499732,2918.998590195455,12.25,0.0,test,748,233,284
-88.17026439320155,40.098474510210785,4402.253284863483,0.0,0.0,test,620,985,259
-88.24515280144222,40.13791298952775,3084.9331233836574,1.5,0.0,test,183,346,66
-88.27709048103331,40.113435965870615,2986.284865041219,0.0,0.067051455,test,455,74,181
-88.283537211064,40.12010353568267,3681.747248254837,0.0,0.0,test,381,19,140
-88.1759286851654,40.08326173841121,4793.566501795316,0.0,0.0,test,789,937,318
-88.27970788240879,40.066604534941426,5798.02057077114,0.0,0.0,test,975,52,381
-88.18856686121488,40.15028462581849,5128.9645320611635,0.0,0.0,test,45,828,16
-88.17924070176926,40.07038718413055,5629.813278225721,22.0,0.0,test,932,909,378
-88.20193107215663,40.09734394722529,2096.5499636160257,3.5000000000000004,0.0,test,633,715,254
-88.24657982040321,40.1230538060876,1471.2010795083888,0.5,0.0,test,348,334,126
-88.2023626918268,40.11688800530298,1611.5092363613405,3.25,19.304413,test,416,711,174
-88.21075657381881,40.14598726970113,3995.474217647506,0.0,0.0,test,93,639,32
-88.26539516608737,40.078395292115275,4044.3177835888364,10.75,0.0,test,844,174,323
-88.17689883240234,40.06921322533659,5855.334287699404,5.5,0.0,test,945,929,378
-88.21487425121316,40.140137526568466,3299.9884008886625,0.0,0.0,test,158,604,72
-88.25153459014055,40.100181540201,1363.51796546264,33.25,0.08043326,test,602,292,245
-88.21990655885524,40.148338203479256,4187.9984763120065,0.5,0.0,test,67,561,31
-88.1893548785009,40.110568196065245,2562.631057849097,0.0,0.0,test,486,822,196
-88.22559268398872,40.11493057149384,490.4037961745516,0.5,15.319463,test,438,513,170
-88.17443539579646,40.120365488725945,3983.9943417957943,0.0,0.0,test,377,949,158
-88.25652387993412,40.14791797171122,4358.002520148391,0.0,0.0,test,72,249,24
-88.2142868857125,40.14049717232925,3345.819017353521,0.0,0.0,test,154,609,72
-88.25684993949346,40.066411573417376,5019.152774921583,50.0,0.0,test,977,247,384
-88.170671287772,40.12459318999626,4435.184425141881,0.0,0.0,test,330,981,139
-88.21433275276179,40.114199050439645,587.6719909298051,1.7500000000000002,1.4661111,test,446,609,172
-88.21732537232361,40.14788533689072,4141.330149107743,0.0,0.0,test,72,583,31
-88.23238100437759,40.12529385692743,1654.1573633445757,46.5,0.050534938,test,323,455,129
-88.26057724184564,40.08874960298175,2847.042920509238,3.75,0.0,test,729,215,284
-88.18668960728093,40.150012078160415,5187.249266605307,2.0,0.40336448,test,48,844,16
-88.21452613066278,40.137885618919896,3055.718567579379,0.0,0.0,test,183,607,72
-88.2650429018533,40.07893546302007,3977.300961449743,7.249999999999999,0.0,test,838,177,323
-88.20854363363182,40.07258396779067,4324.04416679711,0.0,0.0,test,908,659,373
-88.23066817247168,40.094040661315226,1818.4628840161795,47.75,0.0,test,670,470,269
-88.17404330711584,40.13756682481066,4889.406865407075,11.75,0.0,test,186,952,79
-88.23404290036322,40.11196606305508,177.99611921841034,0.0,121.078865,test,471,441,188
-88.24835696937622,40.10909544934871,529.9948166739186,2.0,3.012427,test,503,319,206
-88.28050574516674,40.09596542902977,3620.3924723978853,1.25,0.0,test,649,45,240
-88.26001422820299,40.06704406148311,5025.491740545878,0.0,0.0,test,970,220,384
-88.24491531253773,40.140074297792125,3322.8145087681255,0.0,0.0,test,159,348,66
-88.17696634693277,40.14216397071182,5035.401637432991,0.0,0.0,test,135,927,58
-88.20369240042663,40.096175116885796,2090.436027695497,16.0,0.0,test,646,700,254
-88.24763579637383,40.12296452996099,1486.5546405248622,9.0,0.14491114,test,349,325,126
-88.26857058222618,40.06794979225752,5199.704912616135,0.0,0.0,test,960,147,382
-88.24332305647319,40.10170651528173,948.6415759989243,2.5,1.6468134,test,585,362,227
-88.26773619294904,40.08235941240819,3776.969879320544,7.000000000000001,0.0,test,800,154,323
-88.27379786691586,40.1228008089253,3025.9258112894972,0.0,0.0,test,351,102,142
-88.24580904271347,40.08369586477073,2959.5657413912722,0.75,0.84279394,test,785,341,306
-88.22406773121602,40.11492914289579,487.24499656043196,18.5,14.92104,test,438,526,170
-88.22053119800039,40.12546304604963,1649.6100151659914,34.0,0.0,test,321,556,131
-88.25799048851577,40.09514240784962,2141.83880090543,3.5000000000000004,0.0,test,658,237,264
-88.2803691979874,40.120822629116574,3451.325072351245,0.0,0.0,test,373,46,140
-88.19496411700403,40.120932208007815,2377.947307759298,30.25,0.09556055,test,371,774,155
-88.20983108754602,40.13860120341564,3212.219932973943,28.999999999999996,0.0,test,175,647,72
-88.22687783260466,40.11826406853878,862.9673836987578,0.0,3.8277001,test,401,502,170
-88.21571788636705,40.12725950267499,1873.9919446988522,0.0,1.7695252,test,301,597,131
-88.21467871310381,40.117621776625754,875.7715448886057,0.0,11.919466,test,408,606,172
-88.17427694264022,40.138017456107505,4904.535385778871,0.0,0.0,test,181,950,79
-88.2562283864116,40.097843130016,1815.0913105248364,1.7500000000000002,0.58892524,test,628,252,245
-88.2156894693633,40.14374083744422,3690.994404556859,0.0,0.0,test,118,597,51
-88.18927823419816,40.091294700298015,3347.79684280976,0.0,0.11805292,test,700,823,296
-88.22227446745016,40.13564175686602,2782.9211501734553,1.0,0.0,test,208,541,90
-88.26943349610993,40.14801587698223,4791.574040395847,0.0,0.0,test,71,139,22
-88.19343460174973,40.12309186560033,2611.805483909684,8.75,0.0,test,347,787,135
-88.217319020209,40.082590080967925,3117.6232521026736,0.0,0.0,test,797,584,311
-88.26104103827937,40.09370334774283,2431.226155863351,14.499999999999998,0.0,test,674,211,264
-88.27417798905682,40.090288415112,3503.8718504961003,4.5,0.0,test,712,99,281
-88.20982701095377,40.14085274974598,3454.6667252751895,0.5,0.0,test,150,647,72
-88.17242897061901,40.12549626764099,4332.3340110273075,19.0,0.0,test,320,966,139
-88.17367338250703,40.09505687766172,4265.762923590916,39.25,0.0,test,658,956,279
-88.28437280528242,40.100019949967574,3760.4073105930984,13.0,0.0,test,604,12,240
-88.27255138073083,40.073355737042455,4837.210872395961,0.0,0.0,test,900,113,362
-88.17697671915323,40.086415357851926,4507.551197324377,0.0,0.0,test,754,928,318
-88.21358975411856,40.13653372346015,2919.5920265965683,0.0,0.0,test,198,615,72
-88.20925257817152,40.0695225839576,4644.974226253,0.0,1.376276,test,942,653,373
-88.17725050000153,40.12054944136011,3759.528921664793,0.0,0.0,test,375,925,158
-88.22289673022523,40.113667158224544,344.8564858617832,1.0,40.08388,test,452,536,190
-88.27033076117633,40.06596937268847,5462.973301036036,0.0,0.0,test,982,132,382
-88.17078281648145,40.12702502646691,4527.91152648594,0.0,0.0,test,303,980,139
-88.20013104108384,40.11832645808304,1853.0880231001536,0.0,0.0,test,400,730,174
-88.22820346148649,40.09538939170317,1673.6098479856075,99.5,9.3862705,test,655,491,269
-88.23727873025004,40.1464626163835,4013.668875786083,0.0,0.0,test,88,413,28
-88.23571701084211,40.089631949491945,2297.8698737768023,23.25,0.0,test,719,427,288
-88.24880652203538,40.12494676074464,1726.8301209402996,0.25,0.0,test,327,315,126
-88.26363525849473,40.07965512862454,3849.5884324273434,35.75,0.0,test,830,189,323
-88.19363520446457,40.08238381536195,3829.1893310751925,2.5,0.0,test,799,786,315
-88.22409308942159,40.09907815886218,1272.2353614489202,69.0,0.5426109,test,614,526,250
-88.18762255481367,40.15280517262955,5411.009803976932,0.0,0.0,test,17,836,16
-88.26956012100288,40.13810912663848,3871.1991745199193,0.0,0.0,test,181,138,62
-88.19671860322778,40.12354609730144,2408.760700673272,9.5,0.013892321,test,342,759,135
-88.21098951137081,40.146978197182655,4100.135332783021,0.0,0.0,test,82,637,32
-88.2678548216324,40.08091847218053,3914.6960245101995,4.5,0.0,test,816,153,323
-88.21569304218649,40.14166941544192,3461.8757390086043,0.0,0.0,test,141,597,51
-88.19763951634052,40.073382276659444,4532.663825775553,0.0,0.0,test,899,752,355
-88.24932644754934,40.08378853184264,2994.5426079140366,51.24999999999999,0.0,test,784,311,306
-88.21600779540854,40.09510749291314,1746.9528722617433,46.25,0.29121032,test,658,595,271
-88.19938829711072,40.13813928548494,3499.8093283892813,0.0,0.0,test,180,736,74
-88.28552983110599,40.12253605857858,3929.8334316663504,0.0,0.0,test,354,2,140
-88.17607162687892,40.07209412402296,5653.472861244796,0.0,0.0,test,913,936,378
-88.2841242960535,40.11938328766124,3706.8102742626274,0.0,0.0,test,389,14,140
-88.27190797514429,40.13702965072943,3902.2780912254857,4.5,0.0,test,193,118,62
-88.27921939501103,40.09137163373586,3778.8671262632806,24.25,0.0,test,700,56,281
-88.18763731602436,40.09093239695044,3481.474065675008,25.25,1.2292358,test,704,837,296
-88.21427415162626,40.14779217805938,4150.340759510164,0.0,0.0,test,73,609,32
-88.24961174970056,40.13800636103463,3147.869502591141,0.0,0.0,test,182,308,66
-88.23826654256018,40.111339169435894,116.76423188281545,4.5,222.04256,test,478,405,188
-88.17076221808395,40.13567096217741,4993.278030092876,0.0,0.0,test,207,980,99
-88.2644140863603,40.12117448311029,2242.81557777007,7.75,0.0,test,369,182,143
-88.20111015586296,40.097343013062115,2146.948988064904,2.5,0.11381602,test,633,722,254
-88.17366938345397,40.09676806318379,4192.656787387713,6.0,0.0,test,639,956,259
-88.22807925314207,40.099892413566934,1174.0004581368394,54.75,0.35108387,test,605,492,249
-88.23511361793386,40.101519719646475,979.4745281982327,1.25,29.928694,test,587,432,228
-88.18013056678704,40.144059501146884,4999.469597967697,0.0,0.0,test,114,900,58
-88.24438879143356,40.09387188378834,1823.2443110693207,12.75,9.433903,test,672,353,267
-88.23278191625772,40.09206113456621,2034.024206224634,0.75,0.17007017,test,692,452,269
-88.24565504172406,40.11233568544455,369.5746069496927,0.5,0.22117394,test,467,342,186
-88.26257745558344,40.08217625048682,3560.620355569945,6.75,0.0,test,802,198,323
-88.25895971996432,40.066593073397186,5047.250073738678,0.0,0.0,test,975,229,384
-88.21874457164934,40.071513749705396,4342.509183930175,40.75,0.0,test,920,572,371
-88.24609270236031,40.137013080599495,2992.889898545219,0.0,0.0,test,193,338,66
-88.25235255224707,40.10270386899661,1195.029461041003,5.0,0.0,test,574,285,225
-88.27119317390542,40.14882739189669,4943.626276074775,22.25,0.38270473,test,62,124,22
-88.2504989543721,40.08378937618787,3016.007775414387,1.0,0.0,test,784,301,306
-88.197778943625,40.12129578597481,2192.2566954275358,100.0,0.057331756,test,367,750,155
-88.22653266625059,40.11394075534448,382.3801504845683,0.0,22.654411,test,449,505,170
-88.21491817314472,40.11483008740962,604.2992995256419,10.75,2.042716,test,439,604,172
-88.25329166181184,40.1019840207078,1308.1591123893668,4.25,0.0,test,582,277,225
-88.25634576272725,40.097753145385774,1829.1950611851673,0.25,0.52569205,test,629,251,245
-88.25364802535324,40.098111571740986,1655.2730748001336,0.0,0.0,test,625,274,245
-88.17778862308907,40.14180483021876,4957.356452511727,0.0,0.0,test,139,920,58
-88.25823146359437,40.089288482942976,2690.9181136271354,19.5,0.0,test,723,235,284
-88.22501045038595,40.112228155124335,189.27744858535445,0.0,16.175247,test,468,518,190
-88.19766538781266,40.11940434425276,2094.8019429927945,0.0,0.0,test,388,751,155
-88.17637814292175,40.14279360870829,5120.060051927004,0.0,0.0,test,128,932,58
-88.24568359147095,40.090090233605814,2252.9283441842636,18.0,2.3103456,test,714,342,286
-88.24589079445929,40.111435238877824,333.69518533858576,0.0,1.9074135,test,477,340,186
-88.20435045021291,40.1203126054516,1675.30386317288,23.5,3.928934,test,378,694,153
-88.20999092404753,40.11509513224952,944.4314279427406,3.25,0.03047308,test,436,646,172
-88.28578221757466,40.09704846802851,3984.1390489789546,5.5,0.0,test,637,0,240
-88.18951636235998,40.089583803317346,3457.658294577877,0.0,0.3049522,test,719,821,296
-88.2622429441288,40.06560443937023,5236.749199327941,0.0,0.0,test,986,201,384
-88.22929671668159,40.14753646339343,4117.1104938226235,0.0,0.0,test,76,481,29
-88.19248109589893,40.07346618285203,4721.780428556283,0.0,0.0,test,898,796,355
-88.20130744843021,40.11661662007262,1680.943661821996,4.5,1.6985242,test,419,720,174
-88.2467391730793,40.08991090186616,2285.8028274973612,0.0,0.5616884,test,716,333,286
-88.28259837144526,40.12055344001912,3620.9483601952656,0.0,0.0,test,376,27,140
-88.17677959356239,40.121269304169175,3821.8719246264327,35.0,0.0,test,367,929,158
-88.19307617012325,40.126243610884515,2837.093070002765,34.5,0.10939853,test,312,790,135
-88.21779206838545,40.14950691753968,4319.767123910764,0.0,0.0,test,54,579,31
-88.20349087524312,40.14048557078819,3582.8681519605134,6.0,0.0,test,154,701,74
-88.25061315296809,40.08631121897785,2746.853943974483,0.5,0.0,test,756,300,306
-88.22937493327939,40.09620101349334,1581.2065747303259,2.0,1.5807548,test,646,481,249
-88.27073256970321,40.1391905112075,4027.2129579389193,14.75,0.0,test,169,128,62
-88.27794861493672,40.06777452870606,5607.250989812878,0.0,0.0,test,962,67,381
-88.21051520881794,40.14967955190531,4402.540004734358,5.75,0.0,test,52,641,32
-88.24967103344191,40.08964286797596,2368.78182211948,5.75,0.0,test,719,308,286
-88.24216166159313,40.09314965016283,1894.8766443754757,96.0,0.0,test,680,372,267
-88.19507449892933,40.12435470663812,2574.8312625318504,5.25,0.0,test,333,773,135
-88.2248965836297,40.110066549031316,50.894675728932754,0.75,13.026436,test,492,519,190
-88.24835158926395,40.11341844492132,625.6750449404237,17.75,0.0,test,455,319,186
-88.22761822377329,40.09466835720212,1754.8011508235916,97.5,1.2577624,test,663,496,269
-88.22558998347552,40.11664175475301,680.3476984596449,1.0,5.2156606,test,419,513,170
-88.17322338765345,40.13693525982506,4902.773237987282,3.75,0.0,test,193,959,79
-88.23993593306982,40.09143668410651,2089.1814789176747,0.0,3.188714,test,699,391,267
-88.21626131547008,40.08403002344118,2964.8308440682185,0.0,0.0,test,781,593,311
-88.2139792700477,40.11509931092135,679.5309309165846,5.0,0.48936158,test,436,612,172
-88.19777536632567,40.12309702765012,2306.746983652403,35.75,0.14223611,test,347,750,135
-88.26817804922167,40.1108194831121,2206.0505288063523,48.0,0.0,test,484,150,183
-88.22406340678911,40.11763101083204,787.1564212211325,3.0,2.060307,test,408,526,170
-88.1770185541569,40.11937831846552,3742.5997604325153,8.0,0.0,test,388,927,158
-88.24738414627244,40.13647367373192,2947.471343052634,44.25,0.0,test,199,327,66
-88.24392030887584,40.093421209302605,1869.704422035959,24.0,1.4299538,test,677,357,267
-88.2119311098371,40.14544813540471,3919.127523430531,0.0,0.0,test,99,629,32
-88.24156480333332,40.10098463448807,1026.0926609167245,22.75,1.5901582,test,593,377,227
-88.21767960390059,40.077366789661646,3695.422773897479,93.75,0.0,test,855,581,351
-88.2231320608161,40.113217070151954,295.3572175897148,0.0,77.23509,test,457,534,190
-88.24675092572004,40.08063443251398,3306.163875037296,0.0,0.0,test,819,333,326
-88.2009564010382,40.11616590744587,1689.6024208113822,5.0,0.0,test,424,723,174
-88.27888898240874,40.06453269911559,5954.623965645168,0.0,0.0,test,998,59,381
-88.22097193265955,40.07151593138467,4337.892476801802,0.0,0.0,test,920,553,371
-88.24861378871829,40.09117316743528,2181.4613198352977,8.5,0.0,test,702,317,286
-88.23721339669203,40.10953705027838,85.36357916224567,0.0,147.55763,test,498,414,188
-88.26383117981234,40.11757164001098,2008.0008342580775,0.0,0.0,test,409,187,163
-88.24522685344813,40.080543220430854,3303.9208852326688,0.25,0.0,test,820,346,326
-88.19589011723234,40.12714760677561,2718.0472358676484,5.25,0.0,test,302,766,135
-88.1934353401461,40.122731617375685,2590.773907578996,76.0,0.13117023,test,351,787,155
-88.22186453581477,40.09925616102847,1256.8579735999028,18.75,64.92259,test,612,545,250
-88.20180998371235,40.0993251884868,1956.035736313214,1.5,0.0,test,611,716,254
-88.26162888917824,40.09226270864607,2585.6548695203546,11.25,0.0,test,690,206,264
-88.24882982358623,40.106123731244196,717.6220099329627,3.25,0.08781084,test,536,315,206
-88.23183657316481,40.09692369829437,1496.1275185210964,77.75,0.21390434,test,638,460,249
-88.23385342592849,40.08098432679683,3261.474186062176,16.5,0.0,test,815,443,328
-88.17555522240934,40.14342292408267,5219.048325368661,0.0,0.0,test,121,939,58
-88.25778621441512,40.06776313546636,4894.789389330353,13.0,0.0,test,962,239,384
-88.27203866711287,40.122169454983165,2860.5550727146247,0.0,0.0,test,358,117,142
-88.27337603828371,40.06876294737616,5310.445892307836,55.00000000000001,0.0,test,951,106,382
-88.21803542357902,40.0749354427208,3964.1666421759433,0.0,0.0,test,882,578,351
-88.27605674603481,40.087227222398084,3846.195797444759,0.0,0.0,test,746,83,281
-88.25106786102472,40.098199830719146,1528.6903405422463,17.0,0.04976941,test,624,296,245
-88.26422011076923,40.08100642369313,3742.6453807103103,2.25,0.0,test,815,184,323
-88.24616446971915,40.08081411864309,3280.9629858830326,0.0,0.0,test,817,338,326
-88.19957995436916,40.10022326133392,2047.6135709236803,78.75,0.0,test,601,735,254
-88.17533619204792,40.085962817731335,4650.019478920923,0.0,0.0,test,759,942,318
-88.2581132120759,40.090189034509216,2599.822100587922,22.25,0.0,test,713,236,284
-88.24940686035707,40.1137794642077,722.7029462699322,3.0,0.018654415,test,451,310,186
-88.19472637947428,40.122462982815456,2481.424388199084,7.249999999999999,2.0981028,test,354,776,155
-88.26221362180813,40.09379413637615,2490.6388201533578,0.0,0.0,test,673,201,264
-88.26486229138973,40.14215923634683,4034.138941547989,0.25,0.0,test,136,178,43
-88.215681856462,40.14815386444796,4179.439633842003,0.0,0.0,test,69,597,31
-88.17371993356971,40.125317929572816,4223.118533578992,100.0,0.0,test,322,955,139
-88.19763576267042,40.07527359608628,4342.071878358728,0.0,0.0,test,878,752,355
-88.21686546568759,40.14230103450155,3524.1509476076326,0.0,0.0,test,134,587,51
-88.25282072939338,40.10351475893926,1164.44629237892,33.5,0.0,test,565,281,225
-88.20149961627347,40.13859201848788,3460.6923545729856,84.5,0.0,test,175,718,74
-88.26118625817189,40.06722492364677,5037.3794761313075,0.0,0.0,test,968,210,384
-88.26665239497795,40.111629177302454,2080.881781950888,0.0,0.0,test,475,163,183
-88.17308721621389,40.14495058802718,5488.114288034438,0.0,0.0,test,104,960,59
-88.2504692471618,40.10828641700273,727.5253853073706,17.0,0.0,test,512,301,206
-88.252001024519,40.10243343481666,1195.273713118343,0.0,0.0,test,577,288,225
-88.19707289686959,40.12237570503129,2308.714006057843,0.0,0.9330833,test,355,756,155
-88.2738918832672,40.1495493038974,5130.137431516092,0.0,0.0,test,54,101,22
-88.28320239846062,40.09677719207879,3792.1385264378932,0.0,0.0,test,640,22,240
-88.23440588785091,40.1043110583918,671.0239635630543,9.0,64.61925,test,556,438,228
-88.26747470075502,40.11036877278208,2145.1410791441363,1.5,0.0,test,489,156,183
-88.16898216253414,40.09523044194883,4627.131572091521,0.0,0.0,test,656,996,279
-88.27108666196638,40.13693915008415,3849.6439356103883,0.25,0.0,test,194,125,62
-88.23876553895353,40.08981460399107,2271.5581795711023,12.75,0.39421833,test,717,401,288
-88.21811744015451,40.09583011227025,1646.1270941256073,100.0,3.7689118,test,650,577,271
-88.22003663321927,40.06998394764271,4509.7861607952,0.0,0.0,test,937,561,371
-88.23077597685084,40.10034514591782,1118.426575222147,54.0,2.6493928,test,600,469,249
-88.26700385309559,40.11207969154413,2115.0632225647364,8.5,0.0,test,470,160,183
-88.24999502014899,40.11242895197604,699.4667058702688,0.5,1.1417286,test,466,305,186
-88.20927367768732,40.122479479176825,1574.9744324926735,55.75,0.0,test,354,652,153
-88.26110047801663,40.14837122652733,4529.135933630359,0.0,0.0,test,67,210,24
-88.21241075515098,40.13968467026246,3281.6847824338092,0.0,0.0,test,163,625,72
-88.26688155742119,40.11721318073788,2233.897538230272,0.0,0.0,test,413,161,163
-88.2577621242325,40.08955836620757,2644.9280194756934,33.0,0.0,test,720,239,284
-88.26348118884458,40.11568011880849,1903.834460591785,0.0,0.0,test,430,190,163
-88.23089892804582,40.096562622073705,1538.0595851614983,99.25,0.49132794,test,642,468,249
-88.21895658091057,40.08493334489458,2852.463138944033,30.0,0.0,test,771,570,311
-88.21615502666819,40.07763544659967,3673.1590117774435,100.0,0.0,test,852,594,351
-88.2454036227162,40.12539453851831,1705.904395089528,4.75,0.0,test,322,344,126
-88.27319580168412,40.14036262325934,4258.3950294628685,1.0,0.0,test,156,107,62
-88.21850103717873,40.07691729177284,3743.1723037802153,95.0,0.0,test,860,574,351
-88.21684941223796,40.08294986139215,3080.325241249206,0.0,0.0,test,793,588,311
-88.2324963302293,40.12664489120077,1804.356060260646,12.5,0.0368331,test,308,454,129
-88.24710550168264,40.078383122367455,3557.953595958272,0.0,0.0,test,844,330,326
-88.26782321995523,40.113881407279784,2212.504797743007,15.5,0.0,test,450,153,183
-88.2585207935853,40.146298164222365,4237.918136577313,0.0,0.0,test,90,232,24
-88.27337224761546,40.07308597553595,4900.0622783071885,0.0,0.0,test,903,106,362
-88.26107036815583,40.065963966742956,5167.179043629847,0.0,0.0,test,982,211,384
-88.22808341602732,40.09719053697481,1473.911882797469,100.0,0.42179826,test,635,492,249
-88.26726719984195,40.08235914588898,3754.183597134745,2.5,0.0,test,800,158,323
-88.21182658910101,40.13824306616228,3134.317187873572,0.0,0.0,test,179,630,72
-88.19376569234478,40.07589943940731,4432.562048247897,0.0,0.0,test,871,785,355
-88.25054776779201,40.14025858534774,3408.8982678828293,0.0,0.0,test,157,300,66
-88.17055203409554,40.12540358251536,4476.885634975996,0.0,0.0,test,321,982,139
-88.24286526192232,40.09315020181112,1895.354315121093,97.75,0.0,test,680,366,267
-88.22081972146181,40.092770635390515,1978.832254056877,0.0,14.537994,test,684,554,271
-88.21509489454189,40.14824332850514,4193.43931273873,1.5,0.0,test,68,602,32
-88.18810789804722,40.090212485636684,3501.544569836819,36.25,0.0,test,712,833,296
-88.20192708762325,40.09941538404682,1941.9520622487985,0.0,0.0,test,610,715,254
-88.26300565783825,40.12180407278432,2183.3978648575694,0.0,0.0,test,362,194,143
-88.20056418962393,40.13687977081172,3328.8999331503187,3.5000000000000004,0.0,test,194,726,74
-88.26348653273082,40.110456498929025,1805.2629973617493,1.7500000000000002,0.0,test,488,190,183
-88.21661383740711,40.08358006465397,3012.057614617472,11.5,0.0,test,786,590,311
-88.17123392976926,40.13468094061646,4899.164659021285,0.0,0.0,test,218,976,99
-88.21681040444365,40.1058257576134,576.9531061940773,4.25,4.897567,test,539,588,211
-88.20749402152438,40.069610750274066,4665.718507351262,0.0,0.0,test,941,668,373
-88.21579153714173,40.084479862201185,2919.0589913807944,0.0,0.0,test,776,597,311
-88.25271163007515,40.09657985773163,1754.4381102659854,4.25,0.0,test,642,282,245
-88.17878026550079,40.11848005946231,3572.1447110846393,0.0,0.0,test,398,912,158
-88.24612849623948,40.109003730447355,351.934184937576,6.5,1.8303266,test,504,338,206
-88.20032529190057,40.13904098584951,3550.2381104058304,0.0,0.0,test,170,728,74
-88.23144538714769,40.123311667454395,1432.2784419078102,5.75,0.08254816,test,345,463,129
-88.22046331130178,40.09556223370263,1669.6527356645731,0.0,0.011938478,test,653,557,271
-88.20189589005977,40.1156266030607,1593.4264537640568,0.0,0.31970444,test,430,715,174
-88.19518707923228,40.12669645920897,2729.54635897201,1.25,0.0,test,307,772,135
-88.17889655668493,40.11893052626056,3575.0997598467634,0.0,0.0,test,393,911,158
-88.22029998440108,40.123391388373456,1419.1919537547476,29.75,0.3916147,test,344,558,131
-88.2647661215811,40.121084629718666,2262.7468520272087,2.25,0.0,test,370,179,143
-88.23807289513286,40.08197856580987,3142.7592186012657,92.75,0.0,test,804,407,328
-88.22145737276331,40.13302916898023,2491.3058809015465,20.5,0.0,test,237,548,90
-88.21926804541658,40.10907045522098,172.73180019853794,0.0,12.297463,test,503,567,211
-88.20701846198342,40.073212756364306,4286.0849326584275,0.0,0.0,test,901,672,373
-88.24601246909141,40.10801295518152,399.018640123814,0.75,0.21079881,test,515,339,206
-88.2325846637627,40.14627850370266,3983.9553973806487,0.0,0.0,test,90,453,29
-88.27713064239775,40.064621922701505,5868.911654375781,0.0,0.0,test,997,74,381
-88.17502009897687,40.070561619658385,5841.044462132847,0.0,0.0,test,930,945,378
-88.2476805362007,40.0872997793042,2585.1891538040777,0.0,0.0,test,745,325,286
-88.2477653072912,40.11323788835313,573.2828664636419,0.0,0.0,test,457,324,186
-88.17991617806894,40.08281677344059,4568.918724833616,0.0,0.0,test,794,903,318
-88.19052765424857,40.11065971044761,2462.642186647869,0.0,0.0,test,485,812,196
-88.21151459417707,40.11581724409404,886.6813404448383,20.0,3.4368818,test,428,633,172
-88.19398364354254,40.0840053672031,3665.5444527642417,23.5,0.0,test,781,783,315
-88.2454196306426,40.11296594426825,404.23678856065294,0.0,0.06158515,test,460,344,186
-88.22106742254306,40.084755284029335,2868.0835113788066,0.0,0.0,test,773,552,311
-88.26142288086619,40.06515361721457,5262.044445210575,0.0,0.0,test,991,208,384
-88.23769506249552,40.10062125340104,1074.0993421996807,0.0,2.9807012,test,597,410,228
-88.23167720714068,40.12520317904259,1642.7024083416632,12.5,0.0,test,324,461,129
-88.2573210252663,40.06443049287548,5242.253472480033,23.5,0.0,test,999,243,384
-88.17343125456286,40.09829879993408,4152.445608638107,40.5,0.0,test,622,958,259
-88.21345658585518,40.1455397865649,3910.170244700095,0.0,0.0,test,98,616,32
-88.18867696528844,40.15370711267067,5454.191031048753,0.0,0.0,test,7,827,16
-88.17371803784876,40.12612848695284,4258.82867127012,0.0,0.0,test,313,955,139
-88.2619811551859,40.091812612193536,2643.3308801078842,0.0,0.0,test,695,203,264
-88.26092787439939,40.08983057672238,2764.3990886784054,10.75,0.0,test,717,212,284
-88.26782062734326,40.11658327886078,2286.5447082083983,0.0,0.0,test,420,153,163
-88.17912446395161,40.121902886104614,3655.7947517391267,0.0,0.0,test,360,909,158
-88.2474439853429,40.088920735466395,2404.5093055250773,4.5,0.0,test,727,327,286
-88.17475598166942,40.083350201916176,4865.209186573955,0.0,0.0,test,788,947,318
-88.21967612014662,40.07529731615795,3920.689312719586,0.0,0.0,test,878,564,351
-88.17431136838448,40.12324731155098,4092.3723048163956,100.0,0.0,test,345,950,139
-88.2740491613338,40.10361763208321,2803.1152365033913,37.5,0.0,test,564,100,222
-88.26509600226305,40.14315005636736,4140.49762011162,0.0,0.0,test,125,176,43
-88.20552223338757,40.12103440307972,1654.9785238929064,0.75,0.0,test,370,684,153
-88.22225209328597,40.07728120127437,3695.408607082945,84.0,0.0,test,856,542,350
-88.22685169843419,40.135015621229364,2722.4182165950574,0.0,0.0,test,215,502,90
-88.216625216712,40.07691541720206,3750.1266419132685,100.0,0.0,test,860,590,351
-88.20099637132164,40.09554162918872,2295.5718961665502,4.5,0.0,test,653,723,274
-88.28142530107087,40.120462857847755,3522.988208282833,6.75,0.0,test,377,37,140
-88.19774978360917,40.07689486380157,4175.741682734053,0.0,0.0,test,860,751,355
-88.17560997652079,40.06894128852169,5947.491437418687,0.0,0.0,test,948,940,378
-88.27391894760373,40.11847787818969,2846.2350581676783,0.0,0.0,test,399,101,142
-88.24835360694235,40.11179732196096,544.0622467155778,0.0,1.0014263,test,473,319,186
-88.19895989329515,40.11733441925425,1896.275430042014,18.25,0.0,test,411,740,174
-88.18694030005108,40.08786938307194,3748.242319917513,0.0,0.0,test,738,843,296
-88.1709095722106,40.1230624661926,4359.406758855085,0.0,0.0,test,347,979,139
-88.1728667020641,40.13891613080598,5060.696066455588,15.5,0.0,test,171,962,79
-88.22145707741045,40.13320929296808,2511.2999758789356,46.0,0.0,test,235,548,90
-88.26469198855162,40.07812468857116,4041.940738054501,0.0,0.0,test,847,180,323
-88.26001557993511,40.06578317762775,5159.236015511226,0.0,0.0,test,984,220,384
-88.25185698501102,40.12485888466128,1818.1265219386669,0.75,0.07055813,test,328,289,125
-88.2494397184195,40.08703087809461,2644.9609155538615,6.5,0.0,test,748,310,286
-88.17877475974967,40.12091173473094,3647.888751682587,0.0,0.0,test,371,912,158
-88.2147974291706,40.11681133675846,791.9164698395579,0.0,11.330276,test,417,605,172
-88.26597942123973,40.08037701913212,3879.2518823350883,8.0,0.0,test,822,169,323
-88.17451876196681,40.084520694296,4801.486809250293,0.0,0.0,test,775,949,318
-88.25622503165766,40.10081519619062,1579.8976582053353,48.25,0.0,test,595,252,225
-88.25788107535192,40.08802737540144,2798.4252862057524,53.75,0.0,test,737,238,284
-88.16875549751084,40.14062153905612,5453.368072178634,0.0,0.0,test,152,997,79
-88.18773992384187,40.15280532026092,5406.022058563525,0.0,0.0,test,17,835,16
-88.17285355246517,40.094605431242975,4350.0262609221045,29.75,0.0,test,663,963,279
-88.20193367054301,40.09599300976726,2204.4733110159113,49.0,0.0,test,648,715,254
-88.22325110438243,40.112136433881204,175.6356323111348,0.25,33.97471,test,469,533,190
-88.1781406732241,40.14180530255207,4935.962438479667,0.0,0.0,test,139,917,58
-88.17193944764956,40.13405149140381,4810.7293075029875,0.0,0.0,test,225,970,99
-88.23368968903567,40.11286638437889,277.2376403481605,0.0,63.227524,test,461,444,188
-88.22925930773012,40.09512015696852,1701.4141291803478,1.25,5.473442,test,658,482,269
-88.19447405273223,40.0734685887842,4641.251576621367,0.0,0.0,test,898,779,355
-88.20264539608016,40.09176086627557,2535.7484569572557,0.25,0.0,test,695,709,274
-88.20037180007046,40.11517455143934,1700.2113457859834,0.0,0.0,test,435,728,174
-88.26640976450278,40.11982471819849,2314.7347158710954,20.75,0.0,test,384,165,143
-88.17701502840075,40.06966369768198,5809.962140723043,0.0,0.0,test,940,928,378
-88.24552233536382,40.12431388126625,1589.1720684748293,0.25,0.0,test,334,343,126
-88.22321405692293,40.13510228150435,2724.8827419269805,0.0,0.0,test,214,533,90
-88.2287920190053,40.09394892053586,1832.3476848760854,26.75,1.1527702,test,671,486,269
-88.26955245764078,40.146304765755126,4631.146117038101,0.0,0.0,test,90,138,22
-88.17027234706724,40.09514220263825,4528.798224959657,0.0,0.0,test,657,985,279
-88.27228876278272,40.10487759419724,2623.409955295383,1.0,0.0,test,550,115,222
-88.18997126112014,40.15217767158565,5252.294050961911,0.25,0.0,test,24,816,16
-88.21755841177635,40.148876250977935,4250.47184759047,0.0,0.0,test,61,581,31
-88.23419013956055,40.09134184609357,2111.0847711057577,1.5,1.1461896,test,700,440,288
-88.17027929870324,40.141344190473504,5401.414297021132,37.25,0.0,test,144,984,59
-88.24776632310441,40.11242732691689,525.7570524498824,0.0,0.121958256,test,466,324,186
-88.21826395399493,40.14806639716953,4158.7622940280335,0.0,0.0,test,70,575,31
-88.2847248974929,40.09965984753909,3801.1911054000975,87.75,0.0,test,608,9,240
-88.2368886005849,40.09035343338959,2215.46364801018,32.75,0.3175791,test,711,417,288
-88.22944987629096,40.12403039303118,1508.1240838603653,8.25,0.0,test,337,480,129
-88.21476066108562,40.137975921349465,3062.999408019544,0.0,0.0,test,182,605,72
-88.28273190536427,40.09866830445575,3676.871505943006,24.25,2.5279133,test,619,26,240
-88.18703512994018,40.153074617375836,5462.046680340764,0.0,0.0,test,14,841,16
-88.19853546457126,40.09463816438469,2513.704206692189,1.25,0.08527764,test,663,744,274
-88.17262097789154,40.14359901293275,5414.202588729722,0.0,0.0,test,119,964,59
-88.23322497635506,40.10980385925519,63.63391261005949,4.25,164.13254,test,495,448,188
-88.22373966952809,40.10006851428554,1162.9967928304393,32.25,2.1749172,test,603,529,250
-88.26614995876285,40.145402222157095,4403.637960216046,5.25,0.0,test,100,167,43
-88.27348940117572,40.073176099205575,4897.061947649539,0.0,0.0,test,902,105,362
-88.23351838667412,40.14979172678669,4375.784126125119,0.5,0.0,test,51,445,28
-88.26991131581741,40.13900994022299,3969.3355486228666,27.500000000000004,0.0,test,171,135,62
-88.25200166796364,40.101893059469006,1239.3778296999535,5.5,0.0,test,583,288,225
-88.26899030225273,40.120186430014414,2529.3180510795078,5.0,0.0,test,380,143,142
-88.17571993595958,40.07209364608525,5673.166064554183,0.0,0.0,test,913,939,378
-88.24716299966612,40.12575610999205,1774.4155585207125,4.25,0.0,test,318,329,126
-88.16993458631212,40.138281596632936,5217.152233138243,0.0,0.0,test,178,987,79
-88.27368409090764,40.11874794462341,2837.157280528037,8.25,0.0,test,396,103,142
-88.21745291012883,40.072773348109536,4205.813773659664,65.5,0.0,test,906,583,371
-88.257930318522,40.14963007232153,4574.349801319334,4.75,0.0,test,53,237,24
-88.25652499576357,40.14692729123193,4252.4752694558065,0.0,0.0,test,83,249,24
-88.1953151492023,40.12138293840007,2376.520282321961,26.5,0.45397162,test,366,771,155
-88.17982360378977,40.071828967207196,5472.81539289828,0.0,0.0,test,916,904,378
-88.2193259245834,40.14464509427816,3777.731485376608,0.0,0.044551965,test,108,566,51
-88.22676431883733,40.11583227961841,592.8041169184922,0.0,19.15284,test,428,503,170
-88.25294458569202,40.09793096028911,1637.65417234626,0.5,0.0,test,627,280,245
-88.24610985745296,40.123593826907054,1520.3445242995151,0.0,0.0,test,342,338,126
-88.26656388614798,40.08217861675432,3737.2017228188947,0.0,0.0,test,802,164,323
-88.2276222647844,40.09205654085934,2044.7155279955612,26.0,0.0,test,692,496,269
-88.17801983682037,40.143336193904176,5063.79365583676,0.0,0.0,test,122,918,58
-88.27017951338134,40.10280502325655,2514.232409478264,20.5,0.0,test,573,133,222
-88.19997484030476,40.13823002446311,3484.5597915922117,0.0,0.0,test,179,731,74
-88.17313205679626,40.12585749121557,4292.624001975628,32.5,0.0,test,316,960,139
-88.17710117980141,40.08326332563628,4716.5404478857035,0.0,0.0,test,789,927,318
-88.22796225274996,40.09971218187284,1194.2375376999141,99.25,0.35235956,test,607,493,249
-88.26439042940889,40.14459063024799,4255.486847794828,0.0,0.0,test,109,182,43
-88.24729598887694,40.1133276031346,547.5855160932693,1.5,0.0,test,456,328,186
-88.23640460429344,40.10089036866631,1046.7810301763816,0.0,86.24992,test,594,421,228
-88.19246068221108,40.08337308495526,3799.5022922984103,0.0,0.0,test,788,796,315
-88.26562857865166,40.07947618476808,3949.8801903149597,51.24999999999999,0.0,test,832,172,323
-88.26820939053296,40.07794659326976,4208.720715452663,23.75,0.0,test,849,150,323
-88.20349241814138,40.13967501435755,3499.6932282356584,0.5,0.0,test,163,701,74
-88.21798420104047,40.105286557122355,604.8315532211858,0.0,12.022287,test,545,578,211
-88.17158722412128,40.134141062087636,4841.366427429601,0.0,0.0,test,224,973,99
-88.22926356042301,40.09232821538886,2011.322601329708,20.75,0.0,test,689,482,269
-88.25388058565349,40.09982292248565,1517.8938107196454,6.75,0.0,test,606,272,245
-88.23759368622302,40.08927326444768,2333.970310360264,36.25,0.011584032,test,723,411,288
-88.24867445216117,40.13683487255628,3005.032628600253,0.0,0.0,test,195,316,66
-88.2179014602254,40.08484223542675,2865.3406467091227,0.0,0.0,test,772,579,311
-88.2493268903286,40.08342828047761,3033.7552418742316,0.0,0.0,test,788,311,306
-88.2143318108951,40.114739424013095,629.8301654463561,1.7500000000000002,0.5792084,test,440,609,172
-88.22650278515435,40.13303393313711,2501.754218086717,15.25,0.0,test,237,505,90
-88.22726585667299,40.095028286029454,1715.5419146260099,77.75,1.0252496,test,659,499,269
-88.26441935990175,40.115950868098466,1989.2236053784432,23.75,0.0,test,427,182,163
-88.23807389924728,40.08125806305342,3222.735598510753,0.0,0.0,test,812,407,328
-88.26547081602118,40.12027448363177,2268.1712968882157,5.0,0.0,test,379,173,143
-88.25318019230917,40.097030496494625,1732.4774961941735,3.25,0.0,test,637,278,245
-88.25055224886442,40.136566043789855,3008.9596424492,0.0,0.0,test,198,300,66
-88.17736513823753,40.121720405640495,3790.4109354972866,0.0,0.0,test,362,924,158
-88.1936475353523,40.07634961204067,4394.181604077468,0.0,0.0,test,866,786,355
-88.24039947579362,40.095489881309454,1638.3424035838486,0.0,2.1746998,test,654,387,267
-88.23249686252196,40.12628464268067,1764.367870305867,15.75,0.1074469,test,312,454,129
-88.25293674177651,40.10459559077028,1099.809348909943,0.0,0.0,test,553,280,225
-88.19519619378316,40.12219335726095,2431.602919047631,22.25,1.8618019,test,357,772,155
-88.27476460731357,40.089928461880895,3567.900239224688,0.0,0.0,test,716,94,281
-88.25002204700132,40.09027356071652,2309.6662198900344,6.25,0.0,test,712,305,286
-88.2711470438975,40.07065309842837,5034.071794931892,0.0,0.0,test,930,125,362
-88.24003622468835,40.103865417341346,709.3459408928252,43.5,7.345993,test,561,390,227
-88.22413396598408,40.073500342843644,4111.396848236735,49.0,0.0,test,898,526,350
-88.25840284174768,40.14683845961781,4291.453160617721,0.0,0.0,test,84,233,24
-88.23089771267274,40.09737318534463,1448.0861577632104,0.0,0.71205395,test,633,468,249
-88.16909380320652,40.0975722298425,4528.444973797519,0.0,0.0,test,630,995,259
-88.20205198036123,40.09545276766362,2242.36979767824,11.25,0.0,test,654,714,274
-88.26383539722742,40.11342877078625,1869.144155951544,0.0,0.0,test,455,187,183
-88.2324639754549,40.14852994662082,4233.638600012155,43.5,0.0,test,65,454,29
-88.24687136060719,40.07811275884056,3585.5570522002577,0.25,0.0,test,847,332,326
-88.26816721806144,40.12216734135302,2572.647988078945,0.0,0.0,test,358,150,143
-88.21589145431098,40.094566998633546,1807.780205273819,87.25,0.83191925,test,664,596,271
-88.24775074277622,40.12485592309896,1690.4209245512227,0.0,0.0,test,328,324,126
-88.24438668095674,40.095493011610706,1644.1670691893137,0.0,2.98472,test,654,353,267
-88.26500075110714,40.1210847683886,2279.6988420641387,26.0,0.0,test,370,177,143
-88.27037130384359,40.149187195580524,4944.051283207589,0.0,0.053826157,test,58,131,22
-88.2012244687965,40.09887420889726,2026.4663209747184,6.75,0.0,test,616,721,254
-88.25176624404068,40.102613394978,1166.9974449967356,0.0,0.0,test,575,290,225
-88.23481173339297,40.14817172027531,4198.510101771434,0.0,0.0,test,69,434,28
-88.24587533481284,40.123503587747564,1506.3997934362155,22.25,0.0,test,343,340,126
-88.27185324718857,40.06750126489144,5370.191979120561,0.75,0.0,test,965,119,382
-88.16924200405029,40.13350732819148,4974.565169544714,0.0,0.0,test,231,993,99
-88.21932080545454,40.14770719492066,4117.73140978229,5.0,0.0,test,74,566,31
-88.2697927118366,40.140360806018855,4085.300180131984,4.0,0.0,test,156,136,62
-88.17592225507033,40.08605367843015,4603.734653566067,6.0,0.0,test,758,937,318
-88.19934787012802,40.09896211605682,2145.474767595628,44.75,0.014650473,test,615,737,254
-88.19043639160007,40.15424966801825,5437.374224353824,0.0,0.0,test,1,812,16
-88.2048197031071,40.120313127094995,1644.8807341947702,3.75,2.4769826,test,378,690,153
-88.23861631253426,40.112870518029645,287.4429929476465,0.0,58.829735,test,461,402,188
-88.23513174295036,40.08891095219616,2379.061176614786,0.0,0.0,test,727,432,288
-88.18946724124204,40.11290995940358,2565.6081606353723,8.25,0.0,test,460,821,196
-88.26887188335759,40.121357174700705,2579.9797259349107,3.5000000000000004,0.0,test,367,144,142
-88.20881065330339,40.119056614028196,1301.5681442597383,17.75,0.0,test,392,656,153
-88.20737712709273,40.06943049700349,4687.427073363931,0.0,0.0,test,943,669,373
-88.26971180600857,40.101273702402985,2538.1677895216376,15.25,0.0,test,590,137,222
-88.1790110169221,40.120191551328965,3604.407059608715,0.0,0.0,test,379,910,158
-88.27407907598986,40.06912356171959,5306.134244493893,0.0,0.0,test,947,100,362
-88.1701488387731,40.09775384628351,4436.772441085229,0.0,0.0,test,628,986,259
-88.24521524238232,40.089549501342184,2307.8685602108408,0.0,1.0620764,test,720,346,286
-88.27072306240274,40.1495476339186,4993.582170669092,35.25,0.3014891,test,54,128,22
-88.24616573304077,40.07982342690679,3390.4392143862005,1.25,0.0,test,828,338,326
-88.24675035532937,40.0810847469044,3256.491635544016,0.0,0.0,test,814,333,326
-88.17087848523371,40.13612143563949,5013.117387587756,0.0,0.0,test,202,979,99
-88.21245303843399,40.11581822733587,827.6369922975083,0.0,4.3685274,test,428,625,172
-88.18014320674583,40.086149400034515,4312.3698512198835,23.75,0.0,test,757,901,318
-88.2575259044993,40.09108927979982,2488.3935835926404,0.0,0.0,test,703,241,284
-88.2484986498329,40.08946188965446,2363.874482401562,10.5,0.0,test,721,318,286
-88.22717964574117,40.07503424562118,3935.1294417007207,51.74999999999999,0.0,test,881,500,350
-88.24878833382435,40.139626879906025,3312.028941506973,0.25,0.0,test,164,315,66
-88.21673610498206,40.14932573534114,4303.493022134339,0.0,0.0,test,56,588,31
-88.20228375726631,40.09689403334277,2111.063923659131,23.25,0.0,test,638,712,254
-88.28013618362463,40.11875108787458,3360.737645750438,0.0,0.0,test,396,48,140
-88.23464319241367,40.10241994607768,880.4759916541676,4.5,28.513159,test,577,436,228
-88.23722442374337,40.101701615564764,955.1067106782261,0.0,50.485348,test,585,414,228
-88.22061400826006,40.07529823250926,3918.7454360339625,0.0,0.0,test,878,556,351
-88.27267332754663,40.06804207623887,5350.719200878926,23.5,0.0,test,959,112,382
-88.1736066166698,40.123606590766876,4162.504670648658,99.75,0.0,test,341,956,139
-88.2814237257661,40.12253429098341,3603.6827902891873,55.25,0.0,test,354,37,140
-88.23710701548173,40.10179158072064,945.3526477752523,0.0,51.61521,test,584,415,228
-88.25729578756146,40.087126364068936,2864.2868116808518,4.75,0.0,test,747,243,284
-88.19045463372862,40.08949490161118,3405.8956916194807,15.75,1.5095727,test,720,813,296
-88.22761557592813,40.09637954657909,1564.857248538569,0.0,6.2879667,test,644,496,249
-88.19671770186605,40.12399640757761,2438.934433332248,28.749999999999996,0.0,test,337,759,135
-88.20239792316158,40.098515290650475,1977.8324736600132,0.0,0.0,test,620,711,254
-88.26324722509375,40.115049540447835,1863.5870448986614,13.25,0.0,test,437,192,163
-88.26606040062916,40.11721270668729,2168.383264505586,0.25,0.0,test,413,168,163
-88.19601813341916,40.12183408551399,2351.0436199522196,0.75,0.22302018,test,361,765,155
-88.19495115256255,40.12732661306028,2790.7903553788933,1.0,0.0,test,300,774,135
-88.28013323559306,40.12253370538758,3502.1294143997793,4.5,0.0,test,354,48,140
-88.21639451723458,40.14320117972699,3626.54055812592,0.0,0.0,test,124,591,51
-88.20229204903758,40.09257103196617,2479.590599819468,0.0,0.0,test,686,712,274
-88.2198593042064,40.10618903492375,491.2160549277292,0.0,14.633326,test,535,562,211
-88.24615298210644,40.089820399357926,2288.030198679181,0.0,1.6804696,test,717,338,286
-88.26200615682029,40.06785587356683,4994.1195121207475,0.0,0.0,test,961,203,384
-88.25083254882175,40.09883010218719,1457.9150003998534,38.5,0.5841336,test,617,298,245
-88.24603411024513,40.09108118922275,2148.0529354603477,2.0,3.1985884,test,703,339,286
-88.21962052722455,40.10871055175659,211.78469441586026,38.0,66.21291,test,507,564,211
-88.18787260827737,40.090572441545945,3491.237319670582,5.75,0.42231604,test,708,835,296
-88.23897978779748,40.10449499976674,641.5534697433769,9.5,31.763718,test,554,399,227
-88.27145428835753,40.119737460869594,2699.827455286648,0.5,0.0,test,385,122,142
-88.2674654910254,40.1199153857834,2399.46164155315,0.0,0.0,test,383,156,143
-88.26962576217916,40.06777025095445,5256.951552035684,0.0,0.0,test,962,138,382
-88.25385060664212,40.12558076822295,1969.2747081284099,41.0,1.5092185,test,320,272,125
-88.17525143118223,40.07191288162285,5714.570358080403,0.0,0.0,test,915,943,378
-88.28471066300166,40.119653722430876,3763.1452359711884,0.0,0.0,test,386,9,140
-88.22196125333268,40.11186501338359,142.97165940233631,0.0,8.575014,test,472,544,190
-88.26758184950931,40.12090613779497,2459.483271877717,0.0,0.0,test,372,155,143
-88.23285214833425,40.12403339481513,1515.170636845732,31.25,0.0,test,337,451,129
-88.25329873184157,40.09594982579301,1840.1185648903033,14.000000000000002,0.0,test,649,277,245
-88.23885415380428,40.11052908783047,28.005727413166213,0.5,595.1462,test,487,400,188
-88.2468308909239,40.11008500734277,385.3723420487576,2.75,6.3786473,test,492,332,186
-88.21016702165316,40.14751769674981,4171.798847371873,0.0,0.0,test,76,644,32
-88.22796336413465,40.09899168155216,1274.2139176094013,22.0,7.4404464,test,615,493,249
-88.20877973683203,40.07168359106857,4417.567955371165,0.0,0.0,test,918,657,373
-88.19962475006105,40.137238938206785,3402.8538051157298,2.25,0.0,test,190,734,74
-88.17661719196656,40.14090263104591,4960.883277590835,12.25,0.0,test,149,930,58
-88.21456469485808,40.11573034958608,701.8415494654782,10.5,1.8704202,test,429,607,172
-88.19362949786945,40.08517575804763,3580.053615035812,0.0,0.0,test,768,786,315
-88.26767828210906,40.142611177182424,4196.776993512309,26.0,0.0,test,131,154,43
-88.2699796846326,40.06533873877826,5513.152143858834,0.0,0.0,test,989,135,382
-88.1787667026701,40.07263812945364,5459.1549929317625,0.0,0.0,test,907,913,378
-88.17584024457254,40.121628279767194,3910.3636994926833,2.0,0.0,test,363,937,158
-88.19830163837116,40.0942776411406,2556.1290255524896,0.5,0.13355856,test,667,746,274
-88.26209982801419,40.09046174309903,2767.082448628282,24.75,0.0,test,710,202,284
-88.27064707636012,40.1045164669507,2497.12650289952,4.0,0.0,test,554,129,222
-88.26912438636518,40.10235413000083,2446.82052497348,4.5,0.0,test,578,142,222
-88.28261549831673,40.097497438361074,3715.0417217505715,0.0,0.37990183,test,632,27,240
-88.22925464280361,40.09818228489036,1361.5145145648692,35.0,54.308006,test,624,482,249
-88.17584523165296,40.11946679126053,3841.774796728587,0.0,0.0,test,387,937,158
-88.2045596352452,40.071588914007805,4515.323428842854,0.0,0.0,test,919,693,373
-88.25975497270694,40.09010002613564,2683.26215137443,0.75,0.0,test,714,222,284
-88.28388915041405,40.1201036864649,3710.3999839985113,0.0,0.0,test,381,16,140
-88.25816653535603,40.148279297309934,4437.164070403489,0.0,0.0,test,68,235,24
-88.2398138618314,40.09494903357371,1699.539611444443,0.0,0.598062,test,660,392,267
-88.17649797975123,40.14171302748028,5029.672653117106,15.5,0.0,test,140,931,58
-88.27180622574801,40.119737648367135,2727.4665038353614,0.0,0.0,test,385,119,142
-88.24756090569325,40.08919101060599,2376.862989255244,6.75,0.0,test,724,326,286
-88.20029379963867,40.09500044810733,2380.386159521675,0.25,0.0,test,659,729,274
-88.27248584893857,40.146936777894325,4820.599912821934,0.5,0.0,test,83,113,22
-88.19542245553767,40.12633649083826,2688.289359066523,2.5,0.0,test,311,770,135
-88.17391965043878,40.140268515132334,5086.481145002201,82.25,0.0,test,156,953,79
-88.21651372093066,40.142120556217826,3506.135833350958,0.0,0.0,test,136,590,51
-88.17120623111227,40.09694476714764,4381.858599026946,0.0,0.0,test,637,977,259
-88.26371772830689,40.11378894995629,1867.381238972479,0.75,0.0,test,451,188,183
-88.25035075056542,40.10927701999072,693.0595122199497,0.0,0.44352847,test,501,302,206
-88.24507226864944,40.10945324300039,249.9202885353815,1.25,1.9424052,test,499,347,186
-88.22444908288061,40.09646667605937,1561.4207848638343,55.00000000000001,0.079538696,test,643,523,250
-88.1930867191465,40.12111007444122,2528.4351362496054,1.7500000000000002,0.0,test,369,790,155
-88.21780567034855,40.07214325886171,4274.649624910569,0.0,0.0,test,913,580,371
-88.1796814781751,40.082906525271476,4576.98351839403,0.0,0.0,test,793,905,318
-88.26997935092315,40.06569899143908,5477.01206173114,0.0,0.0,test,985,135,382
-88.25769978624952,40.14584732114823,4168.083456343076,1.0,0.0,test,95,239,24
-88.22756899257811,40.12646037173768,1774.1566126836994,15.75,1.1063974,test,310,496,129
-88.27462768858113,40.11280430647714,2769.8077769641795,0.0,0.0,test,462,95,181
-88.17630650115251,40.0719143164945,5655.558413447617,0.0,0.0,test,915,934,378
-88.20951435645932,40.11914743082803,1268.1556052762417,16.0,0.0,test,391,650,153
-88.21217718175227,40.1390539918921,3216.6096955640123,0.0,0.0,test,170,627,72
-88.1963661047936,40.12381586776837,2450.744733846632,0.0,0.0,test,339,762,135
-88.1785089895158,40.08290496417412,4651.591570445852,0.0,0.0,test,793,915,318
-88.23814924462089,40.11133907309977,116.5212472971303,0.5,210.70822,test,478,406,188
-88.26174549391187,40.09289322027084,2538.5504400390478,9.25,0.0,test,683,205,264
-88.2449371338183,40.12323268856666,1462.605701755215,0.0,0.089471474,test,346,348,126
-88.20076934403639,40.09166867174377,2637.424357685273,3.75,0.0,test,696,725,274
-88.22925779856736,40.09611084559156,1591.4466068047416,0.5,2.4101655,test,647,482,249
-88.1865885277835,40.08786893798399,3770.487805576113,4.0,0.0,test,738,846,296
-88.25043260918915,40.13845726191536,3211.310143638106,0.75,0.0,test,177,301,66
-88.25071461877346,40.09937039421542,1401.0482667760784,40.75,1.6580181,test,611,299,245
-88.22614681789561,40.135555343599265,2780.942594012902,12.0,0.0,test,209,508,90
-88.26816653016117,40.12288783953584,2614.755590221275,0.0,0.0,test,350,150,143
-88.2754693189386,40.0885778734095,3710.022639851143,1.25,0.0,test,731,88,281
-88.19210856082167,40.083552782003416,3801.9448569321257,3.0,0.0,test,786,799,315
-88.17192367956152,40.14071606026152,5248.824412519014,7.5,0.0,test,151,970,79
-88.257199596977,40.068213067294124,4833.31900812417,37.5,0.031492993,test,957,244,384
-88.19982243274355,40.096170720991104,2316.238031991018,30.5,0.0,test,646,733,254
-88.21692354788661,40.10825755998181,337.6341117395269,4.25,19.860981,test,512,587,211
-88.24801026322014,40.10495231689534,759.8169449437577,7.000000000000001,0.0,test,549,322,206
-88.17158530247089,40.1349516181441,4890.615542773406,0.0,0.0,test,215,973,99
-88.25060737474588,40.09108454551345,2238.7495504086555,2.25,0.0,test,703,300,286
-88.26121736347521,40.14882160894095,4579.442352093034,0.0,0.0,test,62,209,24
-88.21462983883666,40.14572111904933,3918.470946011988,0.0,0.0,test,96,606,32
-88.24791043382,40.09099252528233,2187.0426895656287,0.0,0.0,test,704,323,286
-88.28449014829935,40.09992993683013,3772.9645171779016,12.25,0.0,test,605,11,240
-88.25928202244589,40.09370223659931,2335.558694366913,99.5,0.0,test,674,226,264
-88.19149573319811,40.15280998165214,5253.969096195773,0.0,0.0,test,17,803,16
-88.26309905866063,40.14504016408277,4253.300753261978,0.0,0.0,test,104,193,43
-88.2750191079237,40.06651220657921,5596.960694461062,0.0,0.0,test,976,92,381
-88.21983011098214,40.123751177973006,1458.2082053667152,13.0,1.9368117,test,340,562,131
-88.27016118407822,40.122618757746814,2744.479108064792,0.0,0.0,test,353,133,142
-88.22945097292785,40.123309895710825,1428.1477039508784,7.5,0.0960781,test,345,480,129
-88.27677898874299,40.06462175157773,5853.81232750449,0.0,0.0,test,997,77,381
-88.27699450223308,40.08758793375623,3880.315792805136,5.5,0.0,test,742,75,281
-88.19421759526166,40.08427583704519,3629.528174193435,1.25,0.0,test,778,781,315
-88.22419151385384,40.11087644920921,37.620844155102304,0.0,28.447783,test,483,525,190
-88.27451217251479,40.110732810578675,2745.641935309452,11.5,0.0,test,485,96,181
-88.26430697092862,40.11108742830387,1877.5015857357037,0.0,0.0,test,481,183,183
-88.2724347093953,40.072725234110905,4891.357867880643,0.0,0.0,test,907,114,362
-88.1904071529138,40.11219062356784,2479.0093856756985,0.25,0.0,test,468,813,196
-88.21970724393286,40.127083360957045,1827.9354884646023,43.5,3.4541628,test,303,563,131
-88.27595725469116,40.0660623589843,5680.313793108054,19.5,0.0,test,981,84,381
-88.18926686308102,40.1522668591768,5289.892533456834,0.0,0.0,test,23,822,16
-88.26242805858897,40.113157730388345,1745.6425718258834,1.0,0.0,test,458,199,183
-88.1767287506071,40.143424517050036,5148.00343938707,0.0,0.0,test,121,929,58
-88.2200237706953,40.14842838012879,4198.122586100795,28.000000000000004,0.0,test,66,560,31
-88.24110504543076,40.09404944133234,1796.8372558886408,0.0,1.4979247,test,670,381,267
-88.23073809167894,40.1255625999735,1680.7467216108193,11.5,0.0,test,320,469,129
-88.21680594795907,40.10843756677004,329.02677286751936,2.5,19.505222,test,510,588,211
-88.22843634314671,40.096470355469656,1553.1593089499004,0.0,1.3751526,test,643,489,249
-88.26313445806235,40.11063641109179,1775.6622792428825,20.25,0.0,test,486,193,183
-88.258051659409,40.14602767434061,4196.585781533825,9.5,0.0,test,93,236,24
-88.17771811139428,40.12127056899417,3745.915669068639,0.0,0.0,test,367,921,158
-88.19402854389867,40.119490089333624,2377.515599233675,43.75,0.7134791,test,387,782,155
-88.23258506291036,40.146008318232845,3953.9642549146006,0.0,0.0,test,93,453,29
-88.27331322886215,40.14027262213494,4256.75067783814,15.0,0.0,test,157,106,62
-88.2471049336731,40.07883343693763,3508.283340147913,0.0,0.0,test,839,330,326
-88.23854550711627,40.07936712756377,3431.701657430495,5.75,0.0,test,833,403,328
-88.28296519623885,40.10037959713088,3633.9313064060793,0.0,0.0,test,600,24,240
-88.18834872670568,40.08724071462758,3708.9495812601863,23.25,0.0,test,745,831,296
-88.23521511389123,40.112507436825936,240.40825000757204,0.0,150.83954,test,465,431,188
-88.20725425531748,40.07249250867179,4358.805106524781,0.0,0.0,test,909,670,373
-88.1785326479603,40.07245769083535,5487.309834169758,0.0,0.0,test,909,915,378
-88.27138068434151,40.07155385484661,4956.966687220291,0.0,0.0,test,920,123,362
-88.2311376494486,40.09377088820257,1847.4820881394874,35.25,0.0,test,673,466,269
-88.24826468959579,40.089011403910455,2408.3772276437985,3.25,0.0,test,726,320,286
-88.21944284834241,40.0745765827223,4001.151661800514,0.0,0.0,test,886,566,351
-88.18630129361944,40.112365609025964,2829.5472772398075,49.5,0.0,test,466,848,196
-88.20432381668292,40.07230915628876,4444.399595035629,0.0,0.0,test,911,695,373
-88.17263307280689,40.13846549674632,5045.5204708901465,0.75,0.0,test,176,964,79
-88.17596337378416,40.119106702554916,3821.997192847126,3.25,1.0848734,test,391,936,158
-88.17065024752853,40.133419252898506,4866.663415723284,0.0,0.0,test,232,981,99
-88.27502041336639,40.06498113268782,5745.041960032622,0.0,0.0,test,993,92,381
-88.26221933962468,40.08830030845958,2966.759115011137,1.7500000000000002,0.0,test,734,201,284
-88.23640319845664,40.101881056516596,936.8135078007743,0.0,54.49424,test,583,421,228
-88.27748053087987,40.06678360894901,5678.856982366474,0.0,0.0,test,973,71,381
-88.27161798880854,40.06840177154215,5272.551071919058,19.0,0.0,test,955,121,382
-88.2592217123368,40.14927065843245,4569.691538784527,0.0,0.0,test,57,226,24
-88.26875456811696,40.12135710934598,2571.2047058062894,3.25,0.0,test,367,145,142
-88.19409924312998,40.08481607212073,3587.416206227787,11.0,0.0,test,772,782,315
-88.2096396638892,40.11473450799091,950.1526612471662,8.0,0.0,test,440,649,172
-88.17642414449735,40.07173434976448,5664.263336398208,0.0,0.0,test,917,933,378
-88.22515043509466,40.097908336389615,1400.010117530537,53.0,2.657281,test,627,517,250
-88.24674077084575,40.08865002341199,2424.0139429566516,0.0,0.12207466,test,730,333,286
-88.22878443887402,40.09890236288195,1282.5100729981227,62.0,44.15008,test,616,486,249
-88.21686122862494,40.07601502455282,3848.7138779464763,100.0,0.0,test,870,588,351
-88.19308801445388,40.12047963982631,2496.8784428645617,0.0,0.0,test,376,790,155
-88.27067730581517,40.07155347657227,4927.282035337866,0.0,0.0,test,920,129,362
-88.25470225883262,40.099193044453905,1616.5977746090648,0.0,0.0,test,613,265,245
-88.26500192316126,40.11991395850572,2213.725249599704,4.5,0.0,test,383,177,143
-88.22694559499227,40.07476384177941,3965.6065533382107,27.750000000000004,0.0,test,884,502,350
-88.24835315858351,40.112157571547044,558.2278130965361,0.0,0.5408632,test,469,319,186
-88.2056192432837,40.069158383106995,4751.78889996195,0.0,0.0,test,946,684,373
-88.24565689206254,40.110894687112236,294.8340856289968,2.25,2.1963284,test,483,342,186
-88.16992228837888,40.14341511229746,5572.449216760611,0.0,0.0,test,121,987,59
-88.19449467685467,40.121021708516324,2417.829277288546,0.0,0.17631008,test,370,778,155
-88.21778496916504,40.084391804835164,2915.760032265546,8.75,0.06274129,test,777,580,311
-88.21240915856693,40.140585288817675,3380.088922680765,0.0,0.0,test,153,625,72
-88.23525042429708,40.08792036150097,2488.785714404637,39.0,0.0,test,738,431,288
-88.22600361378802,40.077374800724044,3677.636052851793,0.0,0.0,test,855,510,350
-88.2685690469431,40.06957092827659,5037.776961303952,0.0,0.0,test,942,147,362
-88.25220905571186,40.124769069530096,1822.9058259404549,17.0,0.1599077,test,329,286,125
-88.22831934765283,40.09629012403578,1573.3963885129751,0.0,2.6213238,test,645,490,249
-88.2852964008,40.12082477755291,3848.885310343744,0.0,0.0,test,373,4,140
-88.2369027067856,40.080356464457076,3325.1359192547643,92.0,0.0,test,822,417,328
-88.1990355563447,40.13849912512439,3549.3579114885574,0.0,0.0,test,176,739,74
-88.23432540948727,40.07891328278697,3490.434339959237,1.0,0.0,test,838,439,328
-88.26845481115527,40.066418653348414,5349.529655811155,0.0,0.0,test,977,148,382
-88.24504990881,40.126745203292344,1850.178146898701,62.0,0.0,test,307,347,126
-88.24521431327115,40.090270003208175,2228.3371417351714,0.0,2.0844376,test,712,346,286
-88.23710409713433,40.10386301847875,715.4205555353801,0.0,73.66955,test,561,415,228
-88.17414288095446,40.094877398437525,4237.3828825410255,38.0,0.0,test,660,952,279
-88.20079537347219,40.13868127666839,3496.421283362802,18.75,0.0,test,174,724,74
-88.28449117862061,40.098488934235505,3824.552653034099,10.75,3.1365178,test,621,11,240
-88.20131197664799,40.11427500281899,1595.6038662193953,0.0,0.51544124,test,445,720,174
-88.26048359587887,40.06659404163723,5085.229200225569,0.0,0.0,test,975,216,384
-88.1879429110665,40.11263786866459,2692.278814219929,0.0,0.0,test,463,834,196
-88.17192261396058,40.14116636869043,5280.8551173499245,26.5,0.0,test,146,970,59
-88.26880791851124,40.064887776007744,5516.775406595831,0.0,0.0,test,994,145,382
-88.27309531175094,40.121269386028196,2896.9215799142175,0.25,0.0,test,368,108,142
-88.17043621704757,40.12477298407018,4460.9500456666965,0.0,0.0,test,328,983,139
-88.25740874134121,40.0909991402571,2491.7658876862715,4.0,0.0,test,704,242,284
-88.26045834984592,40.090280596418026,2700.5024600902734,2.75,0.0,test,712,216,284
-88.22119590614618,40.14933014004468,4300.285507182895,0.0,0.0,test,56,550,31
-88.26442254154482,40.112798684339126,1906.5369458335053,0.0,0.0,test,462,182,183
-88.22126307766888,40.10844196514107,238.37405268203293,19.75,669.5107,test,510,550,211
-88.23117474892777,40.14735801159547,4101.00415221648,36.75,0.0,test,78,465,29
-88.21671203024799,40.094747953151796,1777.5573931548636,26.5,3.286531,test,662,589,271
-88.19765786932128,40.12318695234293,2320.7517874701375,48.75,0.11409104,test,346,751,135
-88.24681080307714,40.125935971931646,1787.1632870565631,3.5000000000000004,0.0,test,316,332,126
-88.21368766503404,40.147611449765634,4135.98624303246,0.0,0.0,test,75,614,32
-88.2579896939487,40.09586290924747,2079.880423267297,5.75,0.0,test,650,237,264
-88.19585512792464,40.086259175080905,3369.412382474342,0.0,0.19714315,test,756,767,315
-88.2175681594849,40.073944283192766,4075.5155312928005,99.5,0.0,test,893,582,351
-88.23563442349165,40.14736186006172,4110.2375664731535,0.0,0.0,test,78,427,28
-88.24533099512047,40.09072040597271,2179.7950289139076,0.0,3.6221237,test,707,345,286
-88.2284331624345,40.098541794585195,1323.2272167100282,3.0,40.22996,test,620,489,249
-88.18670346627735,40.088949837278975,3683.7047964928615,32.0,0.0,test,726,845,296
-88.19922900235494,40.09977254234848,2100.6918103384332,85.5,0.0,test,606,738,254
-88.17649052407197,40.1449552475446,5283.6325579860595,0.0,0.0,test,104,931,58
-88.24685791589042,40.08874017376254,2415.7087952558177,0.0,0.07859314,test,729,332,286
-88.23598444602405,40.148803145409566,4270.919280049326,0.0,0.0,test,62,424,28
-88.26662070657562,40.14405156469386,4290.382227920354,0.0,0.0,test,115,163,43
-88.20657889984724,40.120585252753045,1555.9265561163845,0.0,0.12804645,test,375,675,153
-88.25291425554028,40.12368881387814,1747.7850107081754,32.75,0.0,test,341,280,125
-88.24203163672185,40.102696193451976,835.176820288819,17.0,12.381513,test,574,373,227
-88.24814821583716,40.08838087842513,2474.844164444563,3.75,0.0,test,733,321,286
-88.2601063712713,40.090460500090394,2666.967487097651,1.7500000000000002,0.0,test,710,219,284
-88.176426200168,40.121899261951356,3872.563116490872,17.0,0.0,test,360,932,158
-88.20397808739887,40.06915656229974,4788.5524080488785,0.0,0.0,test,946,698,373
-88.20576090200086,40.118873170226166,1481.19480113093,0.0,0.0,test,394,682,153
-88.23105819950484,40.14681753717504,4040.7788826986266,0.5,0.0,test,84,466,29
-88.19296236634496,40.12453229044099,2733.0956939652815,9.75,0.0,test,331,791,135
-88.27201673588502,40.14657628266865,4765.434079723111,0.0,0.0,test,87,117,22
-88.2338096150792,40.11106523803835,77.53967516009263,0.0,151.55319,test,481,443,188
-88.17287411655104,40.13576396969049,4850.74564145962,0.0,0.0,test,206,962,99
-88.24646238767792,40.123143780367975,1478.45680018905,0.0,0.0,test,347,335,126
-88.19696007863749,40.1201240145593,2185.6229496184346,0.0,0.0,test,380,757,155
-88.2740768127164,40.071735391490094,5058.8107498143745,0.0,0.0,test,918,100,362
-88.2135726772646,40.14626040214855,3988.272261601016,0.0,0.0,test,90,615,32
